coordinates,summary,sensor_id,flagInfo.hasFlags,parameter.id,parameter.displayName,period.label,period.interval,period.datetimeFrom.utc,period.datetimeFrom.local,period.datetimeTo.utc,period.datetimeTo.local,coverage.expectedCount,coverage.expectedInterval,coverage.observedCount,coverage.observedInterval,coverage.percentComplete,coverage.percentCoverage,date_x,AOD,T2M,RH2M,U2M,V2M,PS,co,no,no2,o3,pm10,pm25,relativehumidity,so2,temperature,date_y
,,12237012,False,102,,raw,00:15:00,2025-02-18T20:00:00Z,2025-02-19T01:30:00+05:30,2025-02-18T20:15:00Z,2025-02-19T01:45:00+05:30,1,00:15:00,1,00:15:00,100.0,100.0,2025-02-18,-999.0,295.38037,42.619175,-0.4743091,0.27892593,98800.99,0.4,11.5,5.23,0.56,43.87,27.42,88.94,25.06,16.29,2025-02-18
,,12237012,False,102,,raw,00:15:00,2025-02-18T20:15:00Z,2025-02-19T01:45:00+05:30,2025-02-18T20:30:00Z,2025-02-19T02:00:00+05:30,1,00:15:00,1,00:15:00,100.0,100.0,2025-02-18,-999.0,295.38037,42.619175,-0.4743091,0.27892593,98800.99,0.39,11.21,4.91,0.49,42.9,26.81,88.89,25.22,16.23,2025-02-18
,,12237012,False,102,,raw,00:15:00,2025-02-18T20:30:00Z,2025-02-19T02:00:00+05:30,2025-02-18T20:45:00Z,2025-02-19T02:15:00+05:30,1,00:15:00,1,00:15:00,100.0,100.0,2025-02-18,-999.0,295.38037,42.619175,-0.4743091,0.27892593,98800.99,0.4,11.46,4.95,0.52,42.53,26.58,88.91,25.4,16.1,2025-02-18
,,12237012,False,102,,raw,00:15:00,2025-02-18T20:45:00Z,2025-02-19T02:15:00+05:30,2025-02-18T21:00:00Z,2025-02-19T02:30:00+05:30,1,00:15:00,1,00:15:00,100.0,100.0,2025-02-18,-999.0,295.38037,42.619175,-0.4743091,0.27892593,98800.99,0.4,11.56,4.93,0.49,42.53,26.58,88.94,25.97,16.09,2025-02-18
,,12237012,False,102,,raw,00:15:00,2025-02-18T21:00:00Z,2025-02-19T02:30:00+05:30,2025-02-18T21:15:00Z,2025-02-19T02:45:00+05:30,1,00:15:00,1,00:15:00,100.0,100.0,2025-02-18,-999.0,295.38037,42.619175,-0.4743091,0.27892593,98800.99,0.41,11.58,5.17,0.27,42.53,26.58,88.99,26.16,16.05,2025-02-18
,,12237012,False,102,,raw,00:15:00,2025-02-18T21:15:00Z,2025-02-19T02:45:00+05:30,2025-02-18T21:30:00Z,2025-02-19T03:00:00+05:30,1,00:15:00,1,00:15:00,100.0,100.0,2025-02-18,-999.0,295.38037,42.619175,-0.4743091,0.27892593,98800.99,0.41,11.49,5.0,0.45,42.94,26.84,89.45,25.92,16.08,2025-02-18
,,12237012,False,102,,raw,00:15:00,2025-02-18T21:30:00Z,2025-02-19T03:00:00+05:30,2025-02-18T21:45:00Z,2025-02-19T03:15:00+05:30,1,00:15:00,1,00:15:00,100.0,100.0,2025-02-18,-999.0,295.38037,42.619175,-0.4743091,0.27892593,98800.99,0.41,11.4,4.95,0.64,43.1,26.94,89.49,25.71,15.96,2025-02-18
,,12237012,False,102,,raw,00:15:00,2025-02-18T21:45:00Z,2025-02-19T03:15:00+05:30,2025-02-18T22:00:00Z,2025-02-19T03:30:00+05:30,1,00:15:00,1,00:15:00,100.0,100.0,2025-02-18,-999.0,295.38037,42.619175,-0.4743091,0.27892593,98800.99,0.4,11.5,4.76,0.54,43.1,26.94,89.73,25.3,15.91,2025-02-18
,,12237012,False,102,,raw,00:15:00,2025-02-18T22:00:00Z,2025-02-19T03:30:00+05:30,2025-02-18T22:15:00Z,2025-02-19T03:45:00+05:30,1,00:15:00,1,00:15:00,100.0,100.0,2025-02-18,-999.0,295.38037,42.619175,-0.4743091,0.27892593,98800.99,0.41,11.86,5.0,0.6,43.1,26.94,89.87,25.51,15.79,2025-02-18
,,12237012,False,102,,raw,00:15:00,2025-02-18T22:15:00Z,2025-02-19T03:45:00+05:30,2025-02-18T22:30:00Z,2025-02-19T04:00:00+05:30,1,00:15:00,1,00:15:00,100.0,100.0,2025-02-18,-999.0,295.38037,42.619175,-0.4743091,0.27892593,98800.99,0.41,11.49,4.76,0.6,46.07,28.79,89.99,25.43,15.67,2025-02-18
,,12237012,False,102,,raw,00:15:00,2025-02-18T22:30:00Z,2025-02-19T04:00:00+05:30,2025-02-18T22:45:00Z,2025-02-19T04:15:00+05:30,1,00:15:00,1,00:15:00,100.0,100.0,2025-02-18,-999.0,295.38037,42.619175,-0.4743091,0.27892593,98800.99,0.42,11.58,4.7,0.48,47.18,29.49,90.4,25.19,15.62,2025-02-18
,,12237012,False,102,,raw,00:15:00,2025-02-18T22:45:00Z,2025-02-19T04:15:00+05:30,2025-02-18T23:00:00Z,2025-02-19T04:30:00+05:30,1,00:15:00,1,00:15:00,100.0,100.0,2025-02-18,-999.0,295.38037,42.619175,-0.4743091,0.27892593,98800.99,0.42,11.3,5.19,0.47,47.18,29.49,90.62,25.53,15.6,2025-02-18
,,12237012,False,102,,raw,00:15:00,2025-02-18T23:00:00Z,2025-02-19T04:30:00+05:30,2025-02-18T23:15:00Z,2025-02-19T04:45:00+05:30,1,00:15:00,1,00:15:00,100.0,100.0,2025-02-18,-999.0,295.38037,42.619175,-0.4743091,0.27892593,98800.99,0.43,11.57,4.74,0.54,47.18,29.49,90.99,25.69,15.54,2025-02-18
,,12237012,False,102,,raw,00:15:00,2025-02-18T23:15:00Z,2025-02-19T04:45:00+05:30,2025-02-18T23:30:00Z,2025-02-19T05:00:00+05:30,1,00:15:00,1,00:15:00,100.0,100.0,2025-02-18,-999.0,295.38037,42.619175,-0.4743091,0.27892593,98800.99,0.42,11.38,4.8,0.56,45.47,28.42,90.87,25.72,15.41,2025-02-18
,,12237012,False,102,,raw,00:15:00,2025-02-18T23:30:00Z,2025-02-19T05:00:00+05:30,2025-02-18T23:45:00Z,2025-02-19T05:15:00+05:30,1,00:15:00,1,00:15:00,100.0,100.0,2025-02-18,-999.0,295.38037,42.619175,-0.4743091,0.27892593,98800.99,0.41,11.45,5.13,0.51,44.83,28.02,90.62,26.05,15.21,2025-02-18
,,12237012,False,102,,raw,00:15:00,2025-02-18T23:45:00Z,2025-02-19T05:15:00+05:30,2025-02-19T00:00:00Z,2025-02-19T05:30:00+05:30,1,00:15:00,1,00:15:00,100.0,100.0,2025-02-19,0.7915728,294.95108,45.765057,-0.7928929,0.18999173,98686.73,0.41,11.51,4.98,0.41,44.83,28.02,90.42,26.18,14.96,2025-02-19
,,12237012,False,102,,raw,00:15:00,2025-02-19T00:00:00Z,2025-02-19T05:30:00+05:30,2025-02-19T00:15:00Z,2025-02-19T05:45:00+05:30,1,00:15:00,1,00:15:00,100.0,100.0,2025-02-19,0.7915728,294.95108,45.765057,-0.7928929,0.18999173,98686.73,0.41,11.29,4.83,0.37,44.83,28.02,90.73,26.24,14.96,2025-02-19
,,12237012,False,102,,raw,00:15:00,2025-02-19T00:15:00Z,2025-02-19T05:45:00+05:30,2025-02-19T00:30:00Z,2025-02-19T06:00:00+05:30,1,00:15:00,1,00:15:00,100.0,100.0,2025-02-19,0.7915728,294.95108,45.765057,-0.7928929,0.18999173,98686.73,0.4,11.35,5.06,0.29,42.35,26.47,90.56,25.95,14.96,2025-02-19
,,12237012,False,102,,raw,00:15:00,2025-02-19T00:30:00Z,2025-02-19T06:00:00+05:30,2025-02-19T00:45:00Z,2025-02-19T06:15:00+05:30,1,00:15:00,1,00:15:00,100.0,100.0,2025-02-19,0.7915728,294.95108,45.765057,-0.7928929,0.18999173,98686.73,0.4,11.52,4.82,0.6,41.42,25.89,90.76,25.82,14.81,2025-02-19
,,12237012,False,102,,raw,00:15:00,2025-02-19T00:45:00Z,2025-02-19T06:15:00+05:30,2025-02-19T01:00:00Z,2025-02-19T06:30:00+05:30,1,00:15:00,1,00:15:00,100.0,100.0,2025-02-19,0.7915728,294.95108,45.765057,-0.7928929,0.18999173,98686.73,0.4,11.55,4.59,0.76,41.42,25.89,90.94,25.69,14.76,2025-02-19
,,12237012,False,102,,raw,00:15:00,2025-02-19T01:00:00Z,2025-02-19T06:30:00+05:30,2025-02-19T01:15:00Z,2025-02-19T06:45:00+05:30,1,00:15:00,1,00:15:00,100.0,100.0,2025-02-19,0.7915728,294.95108,45.765057,-0.7928929,0.18999173,98686.73,0.4,11.44,4.84,1.44,41.42,25.89,91.19,25.04,14.71,2025-02-19
,,12237012,False,102,,raw,00:15:00,2025-02-19T01:15:00Z,2025-02-19T06:45:00+05:30,2025-02-19T01:30:00Z,2025-02-19T07:00:00+05:30,1,00:15:00,1,00:15:00,100.0,100.0,2025-02-19,0.7915728,294.95108,45.765057,-0.7928929,0.18999173,98686.73,0.42,11.43,5.15,1.93,55.35,34.6,91.33,25.79,14.81,2025-02-19
,,12237012,False,102,,raw,00:15:00,2025-02-19T01:30:00Z,2025-02-19T07:00:00+05:30,2025-02-19T01:45:00Z,2025-02-19T07:15:00+05:30,1,00:15:00,1,00:15:00,100.0,100.0,2025-02-19,0.7915728,294.95108,45.765057,-0.7928929,0.18999173,98686.73,0.44,11.86,4.54,1.7,60.58,37.86,91.61,25.51,15.12,2025-02-19
,,12237012,False,102,,raw,00:15:00,2025-02-19T01:45:00Z,2025-02-19T07:15:00+05:30,2025-02-19T02:00:00Z,2025-02-19T07:30:00+05:30,1,00:15:00,1,00:15:00,100.0,100.0,2025-02-19,0.7915728,294.95108,45.765057,-0.7928929,0.18999173,98686.73,0.44,11.23,5.3,1.05,60.58,37.86,91.6,25.92,15.83,2025-02-19
,,12237012,False,102,,raw,00:15:00,2025-02-19T02:00:00Z,2025-02-19T07:30:00+05:30,2025-02-19T02:15:00Z,2025-02-19T07:45:00+05:30,1,00:15:00,1,00:15:00,100.0,100.0,2025-02-19,0.7915728,294.95108,45.765057,-0.7928929,0.18999173,98686.73,0.47,11.61,4.89,1.05,60.58,37.86,90.09,26.42,16.96,2025-02-19
,,12237012,False,102,,raw,00:15:00,2025-02-19T02:15:00Z,2025-02-19T07:45:00+05:30,2025-02-19T02:30:00Z,2025-02-19T08:00:00+05:30,1,00:15:00,1,00:15:00,100.0,100.0,2025-02-19,0.7915728,294.95108,45.765057,-0.7928929,0.18999173,98686.73,0.5,11.71,4.82,0.76,60.68,37.93,85.75,27.17,18.67,2025-02-19
,,12237012,False,102,,raw,00:15:00,2025-02-19T02:30:00Z,2025-02-19T08:00:00+05:30,2025-02-19T02:45:00Z,2025-02-19T08:15:00+05:30,1,00:15:00,1,00:15:00,100.0,100.0,2025-02-19,0.7915728,294.95108,45.765057,-0.7928929,0.18999173,98686.73,0.54,11.37,4.97,0.68,60.72,37.95,76.12,27.09,21.24,2025-02-19
,,12237012,False,102,,raw,00:15:00,2025-02-19T02:45:00Z,2025-02-19T08:15:00+05:30,2025-02-19T03:00:00Z,2025-02-19T08:30:00+05:30,1,00:15:00,1,00:15:00,100.0,100.0,2025-02-19,0.7915728,294.95108,45.765057,-0.7928929,0.18999173,98686.73,0.57,11.55,4.82,0.78,60.72,37.95,69.94,27.64,22.62,2025-02-19
,,12237012,False,102,,raw,00:15:00,2025-02-19T03:00:00Z,2025-02-19T08:30:00+05:30,2025-02-19T03:15:00Z,2025-02-19T08:45:00+05:30,1,00:15:00,1,00:15:00,100.0,100.0,2025-02-19,0.7915728,294.95108,45.765057,-0.7928929,0.18999173,98686.73,0.59,11.4,4.95,0.76,60.72,37.95,64.48,27.85,24.05,2025-02-19
,,12237012,False,102,,raw,00:15:00,2025-02-19T03:15:00Z,2025-02-19T08:45:00+05:30,2025-02-19T03:30:00Z,2025-02-19T09:00:00+05:30,1,00:15:00,1,00:15:00,100.0,100.0,2025-02-19,0.7915728,294.95108,45.765057,-0.7928929,0.18999173,98686.73,0.59,11.56,5.1,0.6,75.24,47.03,57.29,27.01,25.44,2025-02-19
,,12237012,False,102,,raw,00:15:00,2025-02-19T03:30:00Z,2025-02-19T09:00:00+05:30,2025-02-19T03:45:00Z,2025-02-19T09:15:00+05:30,1,00:15:00,1,00:15:00,100.0,100.0,2025-02-19,0.7915728,294.95108,45.765057,-0.7928929,0.18999173,98686.73,0.59,11.6,4.71,0.95,80.69,50.43,51.37,26.18,26.86,2025-02-19
,,12237012,False,102,,raw,00:15:00,2025-02-19T03:45:00Z,2025-02-19T09:15:00+05:30,2025-02-19T04:00:00Z,2025-02-19T09:30:00+05:30,1,00:15:00,1,00:15:00,100.0,100.0,2025-02-19,0.7915728,294.95108,45.765057,-0.7928929,0.18999173,98686.73,0.58,11.68,4.91,1.07,80.69,50.43,46.87,25.95,28.32,2025-02-19
,,12237012,False,102,,raw,00:15:00,2025-02-19T04:00:00Z,2025-02-19T09:30:00+05:30,2025-02-19T04:15:00Z,2025-02-19T09:45:00+05:30,1,00:15:00,1,00:15:00,100.0,100.0,2025-02-19,0.7915728,294.95108,45.765057,-0.7928929,0.18999173,98686.73,0.58,11.6,4.7,0.92,80.69,50.43,41.15,25.35,28.89,2025-02-19
,,12237012,False,102,,raw,00:15:00,2025-02-19T04:15:00Z,2025-02-19T09:45:00+05:30,2025-02-19T04:30:00Z,2025-02-19T10:00:00+05:30,1,00:15:00,1,00:15:00,100.0,100.0,2025-02-19,0.7915728,294.95108,45.765057,-0.7928929,0.18999173,98686.73,0.56,11.58,5.4,0.84,69.45,43.4,41.35,25.48,29.11,2025-02-19
,,12237012,False,102,,raw,00:15:00,2025-02-19T04:30:00Z,2025-02-19T10:00:00+05:30,2025-02-19T04:45:00Z,2025-02-19T10:15:00+05:30,1,00:15:00,1,00:15:00,100.0,100.0,2025-02-19,0.7915728,294.95108,45.765057,-0.7928929,0.18999173,98686.73,0.55,11.52,4.95,1.01,65.23,40.77,36.85,25.25,29.93,2025-02-19
,,12237012,False,102,,raw,00:15:00,2025-02-19T04:45:00Z,2025-02-19T10:15:00+05:30,2025-02-19T05:00:00Z,2025-02-19T10:30:00+05:30,1,00:15:00,1,00:15:00,100.0,100.0,2025-02-19,0.7915728,294.95108,45.765057,-0.7928929,0.18999173,98686.73,0.54,11.39,5.19,1.09,65.23,40.77,33.35,25.09,29.44,2025-02-19
,,12237012,False,102,,raw,00:15:00,2025-02-19T05:00:00Z,2025-02-19T10:30:00+05:30,2025-02-19T05:15:00Z,2025-02-19T10:45:00+05:30,1,00:15:00,1,00:15:00,100.0,100.0,2025-02-19,0.7915728,294.95108,45.765057,-0.7928929,0.18999173,98686.73,0.52,11.53,5.38,1.39,65.23,40.77,32.21,25.11,28.98,2025-02-19
,,12237012,False,102,,raw,00:15:00,2025-02-19T05:15:00Z,2025-02-19T10:45:00+05:30,2025-02-19T05:30:00Z,2025-02-19T11:00:00+05:30,1,00:15:00,1,00:15:00,100.0,100.0,2025-02-19,0.7915728,294.95108,45.765057,-0.7928929,0.18999173,98686.73,0.5,11.68,4.97,1.85,49.94,31.21,30.06,25.79,29.46,2025-02-19
,,12237012,False,102,,raw,00:15:00,2025-02-19T05:30:00Z,2025-02-19T11:00:00+05:30,2025-02-19T05:45:00Z,2025-02-19T11:15:00+05:30,1,00:15:00,1,00:15:00,100.0,100.0,2025-02-19,0.7915728,294.95108,45.765057,-0.7928929,0.18999173,98686.73,0.49,11.4,5.02,2.88,44.21,27.63,30.17,26.57,29.69,2025-02-19
,,12237012,False,102,,raw,00:15:00,2025-02-19T05:45:00Z,2025-02-19T11:15:00+05:30,2025-02-19T06:00:00Z,2025-02-19T11:30:00+05:30,1,00:15:00,1,00:15:00,100.0,100.0,2025-02-19,0.7915728,294.95108,45.765057,-0.7928929,0.18999173,98686.73,0.47,11.67,5.0,3.86,44.21,27.63,29.17,27.38,29.93,2025-02-19
,,12237012,False,102,,raw,00:15:00,2025-02-19T06:00:00Z,2025-02-19T11:30:00+05:30,2025-02-19T06:15:00Z,2025-02-19T11:45:00+05:30,1,00:15:00,1,00:15:00,100.0,100.0,2025-02-19,0.7915728,294.95108,45.765057,-0.7928929,0.18999173,98686.73,0.46,11.75,4.76,4.75,44.21,27.63,31.54,27.9,30.43,2025-02-19
,,12237012,False,102,,raw,00:15:00,2025-02-19T06:15:00Z,2025-02-19T11:45:00+05:30,2025-02-19T06:30:00Z,2025-02-19T12:00:00+05:30,1,00:15:00,1,00:15:00,100.0,100.0,2025-02-19,0.7915728,294.95108,45.765057,-0.7928929,0.18999173,98686.73,0.43,11.55,4.57,5.88,38.86,24.29,29.29,26.21,29.81,2025-02-19
,,12237012,False,102,,raw,00:15:00,2025-02-19T06:30:00Z,2025-02-19T12:00:00+05:30,2025-02-19T06:45:00Z,2025-02-19T12:15:00+05:30,1,00:15:00,1,00:15:00,100.0,100.0,2025-02-19,0.7915728,294.95108,45.765057,-0.7928929,0.18999173,98686.73,0.38,11.63,5.11,7.31,36.86,23.04,31.05,26.26,30.01,2025-02-19
,,12237012,False,102,,raw,00:15:00,2025-02-19T06:45:00Z,2025-02-19T12:15:00+05:30,2025-02-19T07:00:00Z,2025-02-19T12:30:00+05:30,1,00:15:00,1,00:15:00,100.0,100.0,2025-02-19,0.7915728,294.95108,45.765057,-0.7928929,0.18999173,98686.73,0.33,11.51,5.1,9.92,36.86,23.04,30.76,25.63,30.05,2025-02-19
,,12237012,False,102,,raw,00:15:00,2025-02-19T07:00:00Z,2025-02-19T12:30:00+05:30,2025-02-19T07:15:00Z,2025-02-19T12:45:00+05:30,1,00:15:00,1,00:15:00,100.0,100.0,2025-02-19,0.7915728,294.95108,45.765057,-0.7928929,0.18999173,98686.73,0.31,11.63,4.22,7.35,36.86,23.04,32.47,25.4,29.84,2025-02-19
,,12237012,False,102,,raw,00:15:00,2025-02-19T07:15:00Z,2025-02-19T12:45:00+05:30,2025-02-19T07:30:00Z,2025-02-19T13:00:00+05:30,1,00:15:00,1,00:15:00,100.0,100.0,2025-02-19,0.7915728,294.95108,45.765057,-0.7928929,0.18999173,98686.73,0.29,11.73,4.56,7.05,28.55,17.85,32.5,25.61,29.97,2025-02-19
,,12237012,False,102,,raw,00:15:00,2025-02-19T07:30:00Z,2025-02-19T13:00:00+05:30,2025-02-19T07:45:00Z,2025-02-19T13:15:00+05:30,1,00:15:00,1,00:15:00,100.0,100.0,2025-02-19,0.7915728,294.95108,45.765057,-0.7928929,0.18999173,98686.73,0.28,11.46,4.78,9.33,25.44,15.9,33.09,25.97,30.12,2025-02-19
,,12237012,False,102,,raw,00:15:00,2025-02-19T07:45:00Z,2025-02-19T13:15:00+05:30,2025-02-19T08:00:00Z,2025-02-19T13:30:00+05:30,1,00:15:00,1,00:15:00,100.0,100.0,2025-02-19,0.7915728,294.95108,45.765057,-0.7928929,0.18999173,98686.73,0.26,11.61,4.7,7.01,25.44,15.9,33.9,24.21,30.48,2025-02-19
,,12237012,False,102,,raw,00:15:00,2025-02-19T08:00:00Z,2025-02-19T13:30:00+05:30,2025-02-19T08:15:00Z,2025-02-19T13:45:00+05:30,1,00:15:00,1,00:15:00,100.0,100.0,2025-02-19,0.7915728,294.95108,45.765057,-0.7928929,0.18999173,98686.73,0.25,11.49,5.1,5.73,25.44,15.9,32.23,23.01,31.16,2025-02-19
,,12237012,False,102,,raw,00:15:00,2025-02-19T08:15:00Z,2025-02-19T13:45:00+05:30,2025-02-19T08:30:00Z,2025-02-19T14:00:00+05:30,1,00:15:00,1,00:15:00,100.0,100.0,2025-02-19,0.7915728,294.95108,45.765057,-0.7928929,0.18999173,98686.73,0.25,11.9,4.78,5.88,26.8,16.75,31.08,22.41,31.25,2025-02-19
,,12237012,False,102,,raw,00:15:00,2025-02-19T08:30:00Z,2025-02-19T14:00:00+05:30,2025-02-19T08:45:00Z,2025-02-19T14:15:00+05:30,1,00:15:00,1,00:15:00,100.0,100.0,2025-02-19,0.7915728,294.95108,45.765057,-0.7928929,0.18999173,98686.73,0.24,11.77,4.7,6.76,27.31,17.07,31.75,22.1,31.14,2025-02-19
,,12237012,False,102,,raw,00:15:00,2025-02-19T08:45:00Z,2025-02-19T14:15:00+05:30,2025-02-19T09:00:00Z,2025-02-19T14:30:00+05:30,1,00:15:00,1,00:15:00,100.0,100.0,2025-02-19,0.7915728,294.95108,45.765057,-0.7928929,0.18999173,98686.73,0.24,11.94,4.8,6.76,27.31,17.07,32.92,22.72,31.06,2025-02-19
,,12237012,False,102,,raw,00:15:00,2025-02-19T09:00:00Z,2025-02-19T14:30:00+05:30,2025-02-19T09:15:00Z,2025-02-19T14:45:00+05:30,1,00:15:00,1,00:15:00,100.0,100.0,2025-02-19,0.7915728,294.95108,45.765057,-0.7928929,0.18999173,98686.73,0.24,11.38,4.89,6.59,27.31,17.07,33.44,22.93,31.27,2025-02-19
,,12237012,False,102,,raw,00:15:00,2025-02-19T09:15:00Z,2025-02-19T14:45:00+05:30,2025-02-19T09:30:00Z,2025-02-19T15:00:00+05:30,1,00:15:00,1,00:15:00,100.0,100.0,2025-02-19,0.7915728,294.95108,45.765057,-0.7928929,0.18999173,98686.73,0.23,11.41,4.93,6.93,25.56,15.98,33.88,24.96,31.44,2025-02-19
,,12237012,False,102,,raw,00:15:00,2025-02-19T09:30:00Z,2025-02-19T15:00:00+05:30,2025-02-19T09:45:00Z,2025-02-19T15:15:00+05:30,1,00:15:00,1,00:15:00,100.0,100.0,2025-02-19,0.7915728,294.95108,45.765057,-0.7928929,0.18999173,98686.73,0.24,11.51,5.15,6.31,24.91,15.57,33.72,27.14,32.02,2025-02-19
,,12237012,False,102,,raw,00:15:00,2025-02-19T09:45:00Z,2025-02-19T15:15:00+05:30,2025-02-19T10:00:00Z,2025-02-19T15:30:00+05:30,1,00:15:00,1,00:15:00,100.0,100.0,2025-02-19,0.7915728,294.95108,45.765057,-0.7928929,0.18999173,98686.73,0.24,11.41,5.15,5.45,24.91,15.57,34.13,27.28,31.84,2025-02-19
,,12237012,False,102,,raw,00:15:00,2025-02-19T10:00:00Z,2025-02-19T15:30:00+05:30,2025-02-19T10:15:00Z,2025-02-19T15:45:00+05:30,1,00:15:00,1,00:15:00,100.0,100.0,2025-02-19,0.7915728,294.95108,45.765057,-0.7928929,0.18999173,98686.73,0.23,11.34,4.97,5.08,24.91,15.57,35.21,27.14,30.9,2025-02-19
,,12237012,False,102,,raw,00:15:00,2025-02-19T10:15:00Z,2025-02-19T15:45:00+05:30,2025-02-19T10:30:00Z,2025-02-19T16:00:00+05:30,1,00:15:00,1,00:15:00,100.0,100.0,2025-02-19,0.7915728,294.95108,45.765057,-0.7928929,0.18999173,98686.73,0.22,11.72,4.87,16.4,28.02,17.51,37.12,31.28,30.11,2025-02-19
,,12237012,False,102,,raw,00:15:00,2025-02-19T10:30:00Z,2025-02-19T16:00:00+05:30,2025-02-19T10:45:00Z,2025-02-19T16:15:00+05:30,1,00:15:00,1,00:15:00,100.0,100.0,2025-02-19,0.7915728,294.95108,45.765057,-0.7928929,0.18999173,98686.73,0.22,11.61,4.63,11.75,29.18,18.24,40.68,28.5,29.26,2025-02-19
,,12237012,False,102,,raw,00:15:00,2025-02-19T10:45:00Z,2025-02-19T16:15:00+05:30,2025-02-19T11:00:00Z,2025-02-19T16:30:00+05:30,1,00:15:00,1,00:15:00,100.0,100.0,2025-02-19,0.7915728,294.95108,45.765057,-0.7928929,0.18999173,98686.73,0.21,11.45,4.89,7.6,29.18,18.24,45.75,27.51,28.54,2025-02-19
,,12237012,False,102,,raw,00:15:00,2025-02-19T11:00:00Z,2025-02-19T16:30:00+05:30,2025-02-19T11:15:00Z,2025-02-19T16:45:00+05:30,1,00:15:00,1,00:15:00,100.0,100.0,2025-02-19,0.7915728,294.95108,45.765057,-0.7928929,0.18999173,98686.73,0.22,11.28,5.23,6.27,29.18,18.24,45.76,27.53,28.64,2025-02-19
,,12237012,False,102,,raw,00:15:00,2025-02-19T11:15:00Z,2025-02-19T16:45:00+05:30,2025-02-19T11:30:00Z,2025-02-19T17:00:00+05:30,1,00:15:00,1,00:15:00,100.0,100.0,2025-02-19,0.7915728,294.95108,45.765057,-0.7928929,0.18999173,98686.73,0.22,11.47,4.57,5.83,29.25,18.28,44.77,28.16,28.08,2025-02-19
,,12237012,False,102,,raw,00:15:00,2025-02-19T11:30:00Z,2025-02-19T17:00:00+05:30,2025-02-19T11:45:00Z,2025-02-19T17:15:00+05:30,1,00:15:00,1,00:15:00,100.0,100.0,2025-02-19,0.7915728,294.95108,45.765057,-0.7928929,0.18999173,98686.73,0.22,11.5,4.85,5.69,29.28,18.3,46.82,29.12,27.23,2025-02-19
,,12237012,False,102,,raw,00:15:00,2025-02-19T11:45:00Z,2025-02-19T17:15:00+05:30,2025-02-19T12:00:00Z,2025-02-19T17:30:00+05:30,1,00:15:00,1,00:15:00,100.0,100.0,2025-02-19,0.7915728,294.95108,45.765057,-0.7928929,0.18999173,98686.73,0.23,11.52,5.1,5.22,29.28,18.3,48.69,29.9,26.66,2025-02-19
,,12237012,False,102,,raw,00:15:00,2025-02-19T12:15:00Z,2025-02-19T17:45:00+05:30,2025-02-19T12:30:00Z,2025-02-19T18:00:00+05:30,1,00:15:00,1,00:15:00,100.0,100.0,2025-02-19,0.7915728,294.95108,45.765057,-0.7928929,0.18999173,98686.73,0.24,11.32,5.3,3.54,29.63,18.52,54.24,27.2,24.82,2025-02-19
,,12237012,False,102,,raw,00:15:00,2025-02-19T12:30:00Z,2025-02-19T18:00:00+05:30,2025-02-19T12:45:00Z,2025-02-19T18:15:00+05:30,1,00:15:00,1,00:15:00,100.0,100.0,2025-02-19,0.7915728,294.95108,45.765057,-0.7928929,0.18999173,98686.73,0.22,11.41,5.4,3.21,29.76,18.6,56.69,26.73,24.25,2025-02-19
,,12237012,False,102,,raw,00:15:00,2025-02-19T12:45:00Z,2025-02-19T18:15:00+05:30,2025-02-19T13:00:00Z,2025-02-19T18:30:00+05:30,1,00:15:00,1,00:15:00,100.0,100.0,2025-02-19,0.7915728,294.95108,45.765057,-0.7928929,0.18999173,98686.73,0.24,11.73,4.59,4.36,29.76,18.6,59.44,26.47,23.65,2025-02-19
,,12237012,False,102,,raw,00:15:00,2025-02-19T13:00:00Z,2025-02-19T18:30:00+05:30,2025-02-19T13:15:00Z,2025-02-19T18:45:00+05:30,1,00:15:00,1,00:15:00,100.0,100.0,2025-02-19,0.7915728,294.95108,45.765057,-0.7928929,0.18999173,98686.73,0.33,11.58,4.7,2.87,29.76,18.6,62.47,26.21,23.01,2025-02-19
,,12237012,False,102,,raw,00:15:00,2025-02-19T13:15:00Z,2025-02-19T18:45:00+05:30,2025-02-19T13:30:00Z,2025-02-19T19:00:00+05:30,1,00:15:00,1,00:15:00,100.0,100.0,2025-02-19,0.7915728,294.95108,45.765057,-0.7928929,0.18999173,98686.73,0.47,11.33,5.27,0.88,34.75,21.72,66.1,26.11,22.34,2025-02-19
,,12237012,False,102,,raw,00:15:00,2025-02-19T13:30:00Z,2025-02-19T19:00:00+05:30,2025-02-19T13:45:00Z,2025-02-19T19:15:00+05:30,1,00:15:00,1,00:15:00,100.0,100.0,2025-02-19,0.7915728,294.95108,45.765057,-0.7928929,0.18999173,98686.73,0.44,11.69,4.71,0.86,36.62,22.89,67.64,25.95,21.86,2025-02-19
,,12237012,False,102,,raw,00:15:00,2025-02-19T13:45:00Z,2025-02-19T19:15:00+05:30,2025-02-19T14:00:00Z,2025-02-19T19:30:00+05:30,1,00:15:00,1,00:15:00,100.0,100.0,2025-02-19,0.7915728,294.95108,45.765057,-0.7928929,0.18999173,98686.73,0.49,11.61,5.06,1.66,36.62,22.89,67.62,26.13,21.82,2025-02-19
,,12237012,False,102,,raw,00:15:00,2025-02-19T14:00:00Z,2025-02-19T19:30:00+05:30,2025-02-19T14:15:00Z,2025-02-19T19:45:00+05:30,1,00:15:00,1,00:15:00,100.0,100.0,2025-02-19,0.7915728,294.95108,45.765057,-0.7928929,0.18999173,98686.73,0.47,11.62,5.02,0.97,36.62,22.89,67.27,25.74,21.82,2025-02-19
,,12237012,False,102,,raw,00:15:00,2025-02-19T14:15:00Z,2025-02-19T19:45:00+05:30,2025-02-19T14:30:00Z,2025-02-19T20:00:00+05:30,1,00:15:00,1,00:15:00,100.0,100.0,2025-02-19,0.7915728,294.95108,45.765057,-0.7928929,0.18999173,98686.73,0.49,11.55,5.14,0.76,52.79,32.99,68.32,25.92,21.55,2025-02-19
,,12237012,False,102,,raw,00:15:00,2025-02-19T14:30:00Z,2025-02-19T20:00:00+05:30,2025-02-19T14:45:00Z,2025-02-19T20:15:00+05:30,1,00:15:00,1,00:15:00,100.0,100.0,2025-02-19,0.7915728,294.95108,45.765057,-0.7928929,0.18999173,98686.73,0.53,11.72,4.74,0.68,58.85,36.78,69.19,26.16,21.24,2025-02-19
,,12237012,False,102,,raw,00:15:00,2025-02-19T14:45:00Z,2025-02-19T20:15:00+05:30,2025-02-19T15:00:00Z,2025-02-19T20:30:00+05:30,1,00:15:00,1,00:15:00,100.0,100.0,2025-02-19,0.7915728,294.95108,45.765057,-0.7928929,0.18999173,98686.73,0.61,11.67,4.67,0.41,58.85,36.78,69.95,26.75,21.11,2025-02-19
,,12237012,False,102,,raw,00:15:00,2025-02-19T15:00:00Z,2025-02-19T20:30:00+05:30,2025-02-19T15:15:00Z,2025-02-19T20:45:00+05:30,1,00:15:00,1,00:15:00,100.0,100.0,2025-02-19,0.7915728,294.95108,45.765057,-0.7928929,0.18999173,98686.73,0.7,11.49,4.7,0.21,58.85,36.78,69.4,27.4,21.16,2025-02-19
,,12237012,False,102,,raw,00:15:00,2025-02-19T15:15:00Z,2025-02-19T20:45:00+05:30,2025-02-19T15:30:00Z,2025-02-19T21:00:00+05:30,1,00:15:00,1,00:15:00,100.0,100.0,2025-02-19,0.7915728,294.95108,45.765057,-0.7928929,0.18999173,98686.73,0.74,11.27,5.25,0.45,59.55,37.22,69.57,26.65,21.06,2025-02-19
,,12237012,False,102,,raw,00:15:00,2025-02-19T15:30:00Z,2025-02-19T21:00:00+05:30,2025-02-19T15:45:00Z,2025-02-19T21:15:00+05:30,1,00:15:00,1,00:15:00,100.0,100.0,2025-02-19,0.7915728,294.95108,45.765057,-0.7928929,0.18999173,98686.73,0.79,11.51,4.98,0.54,59.81,37.38,70.83,26.36,20.8,2025-02-19
,,12237012,False,102,,raw,00:15:00,2025-02-19T15:45:00Z,2025-02-19T21:15:00+05:30,2025-02-19T16:00:00Z,2025-02-19T21:30:00+05:30,1,00:15:00,1,00:15:00,100.0,100.0,2025-02-19,0.7915728,294.95108,45.765057,-0.7928929,0.18999173,98686.73,0.79,11.82,4.82,0.74,59.81,37.38,70.25,26.18,20.85,2025-02-19
,,12237012,False,102,,raw,00:15:00,2025-02-19T16:00:00Z,2025-02-19T21:30:00+05:30,2025-02-19T16:15:00Z,2025-02-19T21:45:00+05:30,1,00:15:00,1,00:15:00,100.0,100.0,2025-02-19,0.7915728,294.95108,45.765057,-0.7928929,0.18999173,98686.73,0.78,11.6,4.87,0.78,59.81,37.38,69.53,25.69,21.0,2025-02-19
,,12237012,False,102,,raw,00:15:00,2025-02-19T16:15:00Z,2025-02-19T21:45:00+05:30,2025-02-19T16:30:00Z,2025-02-19T22:00:00+05:30,1,00:15:00,1,00:15:00,100.0,100.0,2025-02-19,0.7915728,294.95108,45.765057,-0.7928929,0.18999173,98686.73,0.75,11.63,4.74,1.05,52.59,32.86,68.13,25.71,21.17,2025-02-19
,,12237012,False,102,,raw,00:15:00,2025-02-19T16:30:00Z,2025-02-19T22:00:00+05:30,2025-02-19T16:45:00Z,2025-02-19T22:15:00+05:30,1,00:15:00,1,00:15:00,100.0,100.0,2025-02-19,0.7915728,294.95108,45.765057,-0.7928929,0.18999173,98686.73,0.75,11.65,4.56,0.52,50.98,31.86,69.44,25.69,21.24,2025-02-19
,,12237012,False,102,,raw,00:15:00,2025-02-19T16:45:00Z,2025-02-19T22:15:00+05:30,2025-02-19T17:00:00Z,2025-02-19T22:30:00+05:30,1,00:15:00,1,00:15:00,100.0,100.0,2025-02-19,0.7915728,294.95108,45.765057,-0.7928929,0.18999173,98686.73,0.72,11.4,5.21,0.68,50.98,31.86,70.47,25.64,21.06,2025-02-19
,,12237012,False,102,,raw,00:15:00,2025-02-19T17:00:00Z,2025-02-19T22:30:00+05:30,2025-02-19T17:15:00Z,2025-02-19T22:45:00+05:30,1,00:15:00,1,00:15:00,100.0,100.0,2025-02-19,0.7915728,294.95108,45.765057,-0.7928929,0.18999173,98686.73,0.71,11.24,5.43,0.68,50.98,31.86,71.15,25.56,20.93,2025-02-19
,,12237012,False,102,,raw,00:15:00,2025-02-19T17:15:00Z,2025-02-19T22:45:00+05:30,2025-02-19T17:30:00Z,2025-02-19T23:00:00+05:30,1,00:15:00,1,00:15:00,100.0,100.0,2025-02-19,0.7915728,294.95108,45.765057,-0.7928929,0.18999173,98686.73,0.69,11.43,5.04,0.5,48.67,30.42,72.03,25.87,20.58,2025-02-19
,,12237012,False,102,,raw,00:15:00,2025-02-19T17:30:00Z,2025-02-19T23:00:00+05:30,2025-02-19T17:45:00Z,2025-02-19T23:15:00+05:30,1,00:15:00,1,00:15:00,100.0,100.0,2025-02-19,0.7915728,294.95108,45.765057,-0.7928929,0.18999173,98686.73,0.68,11.59,4.8,0.49,47.81,29.88,66.9,26.67,20.77,2025-02-19
,,12237012,False,102,,raw,00:15:00,2025-02-19T17:45:00Z,2025-02-19T23:15:00+05:30,2025-02-19T18:00:00Z,2025-02-19T23:30:00+05:30,1,00:15:00,1,00:15:00,100.0,100.0,2025-02-19,0.7915728,294.95108,45.765057,-0.7928929,0.18999173,98686.73,0.65,11.55,4.31,0.41,47.81,29.88,66.8,27.33,20.91,2025-02-19
,,12237012,False,102,,raw,00:15:00,2025-02-19T18:00:00Z,2025-02-19T23:30:00+05:30,2025-02-19T18:15:00Z,2025-02-19T23:45:00+05:30,1,00:15:00,1,00:15:00,100.0,100.0,2025-02-19,0.7915728,294.95108,45.765057,-0.7928929,0.18999173,98686.73,0.62,11.53,4.93,0.29,47.81,29.88,62.79,27.59,20.6,2025-02-19
,,12237012,False,102,,raw,00:15:00,2025-02-19T19:00:00Z,2025-02-20T00:30:00+05:30,2025-02-19T19:15:00Z,2025-02-20T00:45:00+05:30,1,00:15:00,1,00:15:00,100.0,100.0,2025-02-19,0.7915728,294.95108,45.765057,-0.7928929,0.18999173,98686.73,0.5,11.68,4.72,1.13,38.4,24.0,58.79,25.27,21.06,2025-02-19
,,12237012,False,102,,raw,00:15:00,2025-02-19T19:15:00Z,2025-02-20T00:45:00+05:30,2025-02-19T19:30:00Z,2025-02-20T01:00:00+05:30,1,00:15:00,1,00:15:00,100.0,100.0,2025-02-19,0.7915728,294.95108,45.765057,-0.7928929,0.18999173,98686.73,0.48,11.29,5.08,1.52,35.05,21.91,59.39,25.17,21.0,2025-02-19
,,12237012,False,102,,raw,00:15:00,2025-02-19T19:30:00Z,2025-02-20T01:00:00+05:30,2025-02-19T19:45:00Z,2025-02-20T01:15:00+05:30,1,00:15:00,1,00:15:00,100.0,100.0,2025-02-19,0.7915728,294.95108,45.765057,-0.7928929,0.18999173,98686.73,0.46,11.56,4.87,1.21,33.79,21.12,65.75,25.14,20.56,2025-02-19
,,12237012,False,102,,raw,00:15:00,2025-02-19T19:45:00Z,2025-02-20T01:15:00+05:30,2025-02-19T20:00:00Z,2025-02-20T01:30:00+05:30,1,00:15:00,1,00:15:00,100.0,100.0,2025-02-19,0.7915728,294.95108,45.765057,-0.7928929,0.18999173,98686.73,0.44,11.28,5.21,1.58,33.79,21.12,68.43,24.91,20.22,2025-02-19
,,12237012,False,102,,raw,00:15:00,2025-02-19T20:00:00Z,2025-02-20T01:30:00+05:30,2025-02-19T20:15:00Z,2025-02-20T01:45:00+05:30,1,00:15:00,1,00:15:00,100.0,100.0,2025-02-19,0.7915728,294.95108,45.765057,-0.7928929,0.18999173,98686.73,0.42,11.51,4.65,2.38,33.79,21.12,69.22,24.93,19.93,2025-02-19
,,12237012,False,102,,raw,00:15:00,2025-02-19T20:15:00Z,2025-02-20T01:45:00+05:30,2025-02-19T20:30:00Z,2025-02-20T02:00:00+05:30,1,00:15:00,1,00:15:00,100.0,100.0,2025-02-19,0.7915728,294.95108,45.765057,-0.7928929,0.18999173,98686.73,0.39,11.53,4.61,3.1,34.45,21.53,71.15,25.48,19.35,2025-02-19
,,12237012,False,102,,raw,00:15:00,2025-02-19T20:30:00Z,2025-02-20T02:00:00+05:30,2025-02-19T20:45:00Z,2025-02-20T02:15:00+05:30,1,00:15:00,1,00:15:00,100.0,100.0,2025-02-19,0.7915728,294.95108,45.765057,-0.7928929,0.18999173,98686.73,0.38,11.46,4.83,3.6,34.7,21.69,72.43,25.48,18.79,2025-02-19
,,12237012,False,102,,raw,00:15:00,2025-02-19T20:45:00Z,2025-02-20T02:15:00+05:30,2025-02-19T21:00:00Z,2025-02-20T02:30:00+05:30,1,00:15:00,1,00:15:00,100.0,100.0,2025-02-19,0.7915728,294.95108,45.765057,-0.7928929,0.18999173,98686.73,0.36,11.54,5.04,4.21,34.7,21.69,71.21,25.74,18.86,2025-02-19
,,12237012,False,102,,raw,00:15:00,2025-02-19T21:00:00Z,2025-02-20T02:30:00+05:30,2025-02-19T21:15:00Z,2025-02-20T02:45:00+05:30,1,00:15:00,1,00:15:00,100.0,100.0,2025-02-19,0.7915728,294.95108,45.765057,-0.7928929,0.18999173,98686.73,0.34,11.72,4.89,4.44,34.7,21.69,70.07,26.08,18.98,2025-02-19
,,12237012,False,102,,raw,00:15:00,2025-02-19T21:15:00Z,2025-02-20T02:45:00+05:30,2025-02-19T21:30:00Z,2025-02-20T03:00:00+05:30,1,00:15:00,1,00:15:00,100.0,100.0,2025-02-19,0.7915728,294.95108,45.765057,-0.7928929,0.18999173,98686.73,0.33,11.68,4.82,4.11,27.23,17.02,68.34,25.33,19.26,2025-02-19
,,12237012,False,102,,raw,00:15:00,2025-02-19T21:30:00Z,2025-02-20T03:00:00+05:30,2025-02-19T21:45:00Z,2025-02-20T03:15:00+05:30,1,00:15:00,1,00:15:00,100.0,100.0,2025-02-19,0.7915728,294.95108,45.765057,-0.7928929,0.18999173,98686.73,0.31,11.3,5.01,4.15,24.43,15.27,67.97,25.56,19.36,2025-02-19
,,12237012,False,102,,raw,00:15:00,2025-02-19T21:45:00Z,2025-02-20T03:15:00+05:30,2025-02-19T22:00:00Z,2025-02-20T03:30:00+05:30,1,00:15:00,1,00:15:00,100.0,100.0,2025-02-19,0.7915728,294.95108,45.765057,-0.7928929,0.18999173,98686.73,0.29,11.55,4.93,3.93,24.43,15.27,68.0,25.17,19.28,2025-02-19
,,12237012,False,102,,raw,00:15:00,2025-02-19T22:00:00Z,2025-02-20T03:30:00+05:30,2025-02-19T22:15:00Z,2025-02-20T03:45:00+05:30,1,00:15:00,1,00:15:00,100.0,100.0,2025-02-19,0.7915728,294.95108,45.765057,-0.7928929,0.18999173,98686.73,0.29,11.79,5.08,3.66,24.43,15.27,69.12,24.83,18.96,2025-02-19
,,12237012,False,102,,raw,00:15:00,2025-02-19T22:15:00Z,2025-02-20T03:45:00+05:30,2025-02-19T22:30:00Z,2025-02-20T04:00:00+05:30,1,00:15:00,1,00:15:00,100.0,100.0,2025-02-19,0.7915728,294.95108,45.765057,-0.7928929,0.18999173,98686.73,0.28,11.52,4.87,3.12,25.76,16.1,72.48,24.99,18.2,2025-02-19
,,12237012,False,102,,raw,00:15:00,2025-02-19T22:30:00Z,2025-02-20T04:00:00+05:30,2025-02-19T22:45:00Z,2025-02-20T04:15:00+05:30,1,00:15:00,1,00:15:00,100.0,100.0,2025-02-19,0.7915728,294.95108,45.765057,-0.7928929,0.18999173,98686.73,0.27,11.49,4.83,2.92,26.26,16.41,74.87,24.57,17.73,2025-02-19
,,12237012,False,102,,raw,00:15:00,2025-02-19T22:45:00Z,2025-02-20T04:15:00+05:30,2025-02-19T23:00:00Z,2025-02-20T04:30:00+05:30,1,00:15:00,1,00:15:00,100.0,100.0,2025-02-19,0.7915728,294.95108,45.765057,-0.7928929,0.18999173,98686.73,0.26,11.32,5.23,2.83,26.26,16.41,74.75,24.78,17.79,2025-02-19
,,12237012,False,102,,raw,00:15:00,2025-02-19T23:00:00Z,2025-02-20T04:30:00+05:30,2025-02-19T23:15:00Z,2025-02-20T04:45:00+05:30,1,00:15:00,1,00:15:00,100.0,100.0,2025-02-19,0.7915728,294.95108,45.765057,-0.7928929,0.18999173,98686.73,0.26,11.56,4.95,2.79,26.26,16.41,75.67,24.78,17.51,2025-02-19
,,12237012,False,102,,raw,00:15:00,2025-02-19T23:15:00Z,2025-02-20T04:45:00+05:30,2025-02-19T23:30:00Z,2025-02-20T05:00:00+05:30,1,00:15:00,1,00:15:00,100.0,100.0,2025-02-19,0.7915728,294.95108,45.765057,-0.7928929,0.18999173,98686.73,0.25,11.31,5.3,3.02,28.53,17.83,73.42,24.81,17.81,2025-02-19
,,12237012,False,102,,raw,00:15:00,2025-02-19T23:30:00Z,2025-02-20T05:00:00+05:30,2025-02-19T23:45:00Z,2025-02-20T05:15:00+05:30,1,00:15:00,1,00:15:00,100.0,100.0,2025-02-19,0.7915728,294.95108,45.765057,-0.7928929,0.18999173,98686.73,0.25,11.73,5.0,3.45,29.38,18.36,69.19,25.27,18.43,2025-02-19
,,12237012,False,102,,raw,00:15:00,2025-02-19T23:45:00Z,2025-02-20T05:15:00+05:30,2025-02-20T00:00:00Z,2025-02-20T05:30:00+05:30,1,00:15:00,1,00:15:00,100.0,100.0,2025-02-20,0.46659032,294.52878,50.166843,-1.377273,0.7340165,98810.586,0.25,11.55,5.02,3.78,29.38,18.36,71.12,25.71,18.21,2025-02-20
,,12237012,False,102,,raw,00:15:00,2025-02-20T00:00:00Z,2025-02-20T05:30:00+05:30,2025-02-20T00:15:00Z,2025-02-20T05:45:00+05:30,1,00:15:00,1,00:15:00,100.0,100.0,2025-02-20,0.46659032,294.52878,50.166843,-1.377273,0.7340165,98810.586,0.25,11.6,4.74,3.68,29.38,18.36,73.82,25.85,17.41,2025-02-20
,,12237012,False,102,,raw,00:15:00,2025-02-20T00:15:00Z,2025-02-20T05:45:00+05:30,2025-02-20T00:30:00Z,2025-02-20T06:00:00+05:30,1,00:15:00,1,00:15:00,100.0,100.0,2025-02-20,0.46659032,294.52878,50.166843,-1.377273,0.7340165,98810.586,0.25,11.45,4.84,3.49,28.54,17.84,74.64,26.08,17.09,2025-02-20
,,12237012,False,102,,raw,00:15:00,2025-02-20T00:30:00Z,2025-02-20T06:00:00+05:30,2025-02-20T00:45:00Z,2025-02-20T06:15:00+05:30,1,00:15:00,1,00:15:00,100.0,100.0,2025-02-20,0.46659032,294.52878,50.166843,-1.377273,0.7340165,98810.586,0.25,11.4,5.1,3.54,28.22,17.64,75.81,26.02,16.86,2025-02-20
,,12237012,False,102,,raw,00:15:00,2025-02-20T00:45:00Z,2025-02-20T06:15:00+05:30,2025-02-20T01:00:00Z,2025-02-20T06:30:00+05:30,1,00:15:00,1,00:15:00,100.0,100.0,2025-02-20,0.46659032,294.52878,50.166843,-1.377273,0.7340165,98810.586,0.23,11.58,5.13,3.15,28.22,17.64,76.94,25.45,16.93,2025-02-20
,,12237012,False,102,,raw,00:15:00,2025-02-20T01:00:00Z,2025-02-20T06:30:00+05:30,2025-02-20T01:15:00Z,2025-02-20T06:45:00+05:30,1,00:15:00,1,00:15:00,100.0,100.0,2025-02-20,0.46659032,294.52878,50.166843,-1.377273,0.7340165,98810.586,0.22,11.45,5.23,3.41,28.22,17.64,77.38,26.0,16.86,2025-02-20
,,12237012,False,102,,raw,00:15:00,2025-02-20T01:15:00Z,2025-02-20T06:45:00+05:30,2025-02-20T01:30:00Z,2025-02-20T07:00:00+05:30,1,00:15:00,1,00:15:00,100.0,100.0,2025-02-20,0.46659032,294.52878,50.166843,-1.377273,0.7340165,98810.586,0.22,11.6,4.87,3.39,27.28,17.05,79.01,26.0,16.82,2025-02-20
,,12237012,False,102,,raw,00:15:00,2025-02-20T01:30:00Z,2025-02-20T07:00:00+05:30,2025-02-20T01:45:00Z,2025-02-20T07:15:00+05:30,1,00:15:00,1,00:15:00,100.0,100.0,2025-02-20,0.46659032,294.52878,50.166843,-1.377273,0.7340165,98810.586,0.23,11.43,4.87,3.52,26.93,16.83,77.53,26.16,17.53,2025-02-20
,,12237012,False,102,,raw,00:15:00,2025-02-20T01:45:00Z,2025-02-20T07:15:00+05:30,2025-02-20T02:00:00Z,2025-02-20T07:30:00+05:30,1,00:15:00,1,00:15:00,100.0,100.0,2025-02-20,0.46659032,294.52878,50.166843,-1.377273,0.7340165,98810.586,0.22,11.62,4.69,3.68,26.93,16.83,74.98,26.52,18.33,2025-02-20
,,12237012,False,102,,raw,00:15:00,2025-02-20T02:00:00Z,2025-02-20T07:30:00+05:30,2025-02-20T02:15:00Z,2025-02-20T07:45:00+05:30,1,00:15:00,1,00:15:00,100.0,100.0,2025-02-20,0.46659032,294.52878,50.166843,-1.377273,0.7340165,98810.586,0.22,11.46,5.02,3.68,26.93,16.83,72.27,26.78,18.9,2025-02-20
,,12237012,False,102,,raw,00:15:00,2025-02-20T02:15:00Z,2025-02-20T07:45:00+05:30,2025-02-20T02:30:00Z,2025-02-20T08:00:00+05:30,1,00:15:00,1,00:15:00,100.0,100.0,2025-02-20,0.46659032,294.52878,50.166843,-1.377273,0.7340165,98810.586,0.22,11.22,5.36,3.84,25.5,15.94,67.28,27.46,19.9,2025-02-20
,,12237012,False,102,,raw,00:15:00,2025-02-20T02:30:00Z,2025-02-20T08:00:00+05:30,2025-02-20T02:45:00Z,2025-02-20T08:15:00+05:30,1,00:15:00,1,00:15:00,100.0,100.0,2025-02-20,0.46659032,294.52878,50.166843,-1.377273,0.7340165,98810.586,0.22,11.52,5.02,4.11,24.96,15.6,69.73,27.97,20.1,2025-02-20
,,12237012,False,102,,raw,00:15:00,2025-02-20T02:45:00Z,2025-02-20T08:15:00+05:30,2025-02-20T03:00:00Z,2025-02-20T08:30:00+05:30,1,00:15:00,1,00:15:00,100.0,100.0,2025-02-20,0.46659032,294.52878,50.166843,-1.377273,0.7340165,98810.586,0.22,11.4,5.3,4.11,24.96,15.6,67.25,28.0,20.98,2025-02-20
,,12237012,False,102,,raw,00:15:00,2025-02-20T03:00:00Z,2025-02-20T08:30:00+05:30,2025-02-20T03:15:00Z,2025-02-20T08:45:00+05:30,1,00:15:00,1,00:15:00,100.0,100.0,2025-02-20,0.46659032,294.52878,50.166843,-1.377273,0.7340165,98810.586,0.22,11.54,5.19,4.58,24.96,15.6,64.99,28.65,21.64,2025-02-20
,,12237012,False,102,,raw,00:15:00,2025-02-20T03:15:00Z,2025-02-20T08:45:00+05:30,2025-02-20T03:30:00Z,2025-02-20T09:00:00+05:30,1,00:15:00,1,00:15:00,100.0,100.0,2025-02-20,0.46659032,294.52878,50.166843,-1.377273,0.7340165,98810.586,0.22,11.52,4.56,3.68,26.81,16.76,60.06,26.68,22.78,2025-02-20
,,12237012,False,102,,raw,00:15:00,2025-02-20T03:30:00Z,2025-02-20T09:00:00+05:30,2025-02-20T03:45:00Z,2025-02-20T09:15:00+05:30,1,00:15:00,1,00:15:00,100.0,100.0,2025-02-20,0.46659032,294.52878,50.166843,-1.377273,0.7340165,98810.586,0.21,11.45,5.12,3.55,27.5,17.19,58.28,26.16,23.56,2025-02-20
,,12237012,False,102,,raw,00:15:00,2025-02-20T03:45:00Z,2025-02-20T09:15:00+05:30,2025-02-20T04:00:00Z,2025-02-20T09:30:00+05:30,1,00:15:00,1,00:15:00,100.0,100.0,2025-02-20,0.46659032,294.52878,50.166843,-1.377273,0.7340165,98810.586,0.2,11.62,4.69,3.64,27.5,17.19,55.74,25.9,24.6,2025-02-20
,,12237012,False,102,,raw,00:15:00,2025-02-20T04:00:00Z,2025-02-20T09:30:00+05:30,2025-02-20T04:15:00Z,2025-02-20T09:45:00+05:30,1,00:15:00,1,00:15:00,100.0,100.0,2025-02-20,0.46659032,294.52878,50.166843,-1.377273,0.7340165,98810.586,0.21,11.46,5.04,3.82,27.5,17.19,55.94,25.3,24.26,2025-02-20
,,12237012,False,102,,raw,00:15:00,2025-02-20T04:15:00Z,2025-02-20T09:45:00+05:30,2025-02-20T04:30:00Z,2025-02-20T10:00:00+05:30,1,00:15:00,1,00:15:00,100.0,100.0,2025-02-20,0.46659032,294.52878,50.166843,-1.377273,0.7340165,98810.586,0.2,11.63,4.76,4.17,24.5,15.31,56.32,25.22,24.44,2025-02-20
,,12237012,False,102,,raw,00:15:00,2025-02-20T04:30:00Z,2025-02-20T10:00:00+05:30,2025-02-20T04:45:00Z,2025-02-20T10:15:00+05:30,1,00:15:00,1,00:15:00,100.0,100.0,2025-02-20,0.46659032,294.52878,50.166843,-1.377273,0.7340165,98810.586,0.21,11.39,5.28,3.74,23.38,14.61,53.41,24.96,25.56,2025-02-20
,,12237012,False,102,,raw,00:15:00,2025-02-20T04:45:00Z,2025-02-20T10:15:00+05:30,2025-02-20T05:00:00Z,2025-02-20T10:30:00+05:30,1,00:15:00,1,00:15:00,100.0,100.0,2025-02-20,0.46659032,294.52878,50.166843,-1.377273,0.7340165,98810.586,0.21,11.69,4.61,3.58,23.38,14.61,49.37,25.06,26.76,2025-02-20
,,12237012,False,102,,raw,00:15:00,2025-02-20T05:00:00Z,2025-02-20T10:30:00+05:30,2025-02-20T05:15:00Z,2025-02-20T10:45:00+05:30,1,00:15:00,1,00:15:00,100.0,100.0,2025-02-20,0.46659032,294.52878,50.166843,-1.377273,0.7340165,98810.586,0.21,11.47,5.06,4.03,23.38,14.61,46.89,25.2,26.64,2025-02-20
,,12237012,False,102,,raw,00:15:00,2025-02-20T05:15:00Z,2025-02-20T10:45:00+05:30,2025-02-20T05:30:00Z,2025-02-20T11:00:00+05:30,1,00:15:00,1,00:15:00,100.0,100.0,2025-02-20,0.46659032,294.52878,50.166843,-1.377273,0.7340165,98810.586,0.21,11.68,4.99,4.77,24.6,15.37,46.16,25.82,26.92,2025-02-20
,,12237012,False,102,,raw,00:15:00,2025-02-20T05:30:00Z,2025-02-20T11:00:00+05:30,2025-02-20T05:45:00Z,2025-02-20T11:15:00+05:30,1,00:15:00,1,00:15:00,100.0,100.0,2025-02-20,0.46659032,294.52878,50.166843,-1.377273,0.7340165,98810.586,0.22,11.47,5.02,5.94,25.06,15.66,46.83,26.75,26.68,2025-02-20
,,12237012,False,102,,raw,00:15:00,2025-02-20T05:45:00Z,2025-02-20T11:15:00+05:30,2025-02-20T06:00:00Z,2025-02-20T11:30:00+05:30,1,00:15:00,1,00:15:00,100.0,100.0,2025-02-20,0.46659032,294.52878,50.166843,-1.377273,0.7340165,98810.586,0.22,11.23,5.12,6.54,25.06,15.66,46.69,27.4,27.44,2025-02-20
,,12237012,False,102,,raw,00:15:00,2025-02-20T06:00:00Z,2025-02-20T11:30:00+05:30,2025-02-20T06:15:00Z,2025-02-20T11:45:00+05:30,1,00:15:00,1,00:15:00,100.0,100.0,2025-02-20,0.46659032,294.52878,50.166843,-1.377273,0.7340165,98810.586,0.22,11.19,5.0,6.76,25.06,15.66,44.93,28.0,28.19,2025-02-20
,,12237012,False,102,,raw,00:15:00,2025-02-20T06:15:00Z,2025-02-20T11:45:00+05:30,2025-02-20T06:30:00Z,2025-02-20T12:00:00+05:30,1,00:15:00,1,00:15:00,100.0,100.0,2025-02-20,0.46659032,294.52878,50.166843,-1.377273,0.7340165,98810.586,0.22,11.54,4.91,5.59,24.95,15.59,43.14,26.24,28.97,2025-02-20
,,12237012,False,102,,raw,00:15:00,2025-02-20T06:30:00Z,2025-02-20T12:00:00+05:30,2025-02-20T06:45:00Z,2025-02-20T12:15:00+05:30,1,00:15:00,1,00:15:00,100.0,100.0,2025-02-20,0.46659032,294.52878,50.166843,-1.377273,0.7340165,98810.586,0.21,11.39,5.17,5.4,24.91,15.57,40.74,25.92,29.1,2025-02-20
,,12237012,False,102,,raw,00:15:00,2025-02-20T06:45:00Z,2025-02-20T12:15:00+05:30,2025-02-20T07:00:00Z,2025-02-20T12:30:00+05:30,1,00:15:00,1,00:15:00,100.0,100.0,2025-02-20,0.46659032,294.52878,50.166843,-1.377273,0.7340165,98810.586,0.2,11.52,5.0,5.57,24.91,15.57,40.2,25.51,29.48,2025-02-20
,,12237012,False,102,,raw,00:15:00,2025-02-20T07:00:00Z,2025-02-20T12:30:00+05:30,2025-02-20T07:15:00Z,2025-02-20T12:45:00+05:30,1,00:15:00,1,00:15:00,100.0,100.0,2025-02-20,0.46659032,294.52878,50.166843,-1.377273,0.7340165,98810.586,0.2,11.47,4.91,5.53,24.91,15.57,40.2,25.4,29.82,2025-02-20
,,12237012,False,102,,raw,00:15:00,2025-02-20T07:15:00Z,2025-02-20T12:45:00+05:30,2025-02-20T07:30:00Z,2025-02-20T13:00:00+05:30,1,00:15:00,1,00:15:00,100.0,100.0,2025-02-20,0.46659032,294.52878,50.166843,-1.377273,0.7340165,98810.586,0.2,11.53,4.89,5.32,26.44,16.53,40.27,25.35,30.03,2025-02-20
,,12237012,False,102,,raw,00:15:00,2025-02-20T07:30:00Z,2025-02-20T13:00:00+05:30,2025-02-20T07:45:00Z,2025-02-20T13:15:00+05:30,1,00:15:00,1,00:15:00,100.0,100.0,2025-02-20,0.46659032,294.52878,50.166843,-1.377273,0.7340165,98810.586,0.2,11.62,4.74,6.16,27.02,16.89,38.96,25.2,30.22,2025-02-20
,,12237012,False,102,,raw,00:15:00,2025-02-20T07:45:00Z,2025-02-20T13:15:00+05:30,2025-02-20T08:00:00Z,2025-02-20T13:30:00+05:30,1,00:15:00,1,00:15:00,100.0,100.0,2025-02-20,0.46659032,294.52878,50.166843,-1.377273,0.7340165,98810.586,0.2,11.37,5.1,5.69,27.02,16.89,39.58,25.17,30.05,2025-02-20
,,12237012,False,102,,raw,00:15:00,2025-02-20T08:00:00Z,2025-02-20T13:30:00+05:30,2025-02-20T08:15:00Z,2025-02-20T13:45:00+05:30,1,00:15:00,1,00:15:00,100.0,100.0,2025-02-20,0.46659032,294.52878,50.166843,-1.377273,0.7340165,98810.586,0.2,11.43,5.19,5.96,27.02,16.89,40.46,25.64,29.95,2025-02-20
,,12237012,False,102,,raw,00:15:00,2025-02-20T08:15:00Z,2025-02-20T13:45:00+05:30,2025-02-20T08:30:00Z,2025-02-20T14:00:00+05:30,1,00:15:00,1,00:15:00,100.0,100.0,2025-02-20,0.46659032,294.52878,50.166843,-1.377273,0.7340165,98810.586,0.21,11.5,4.78,5.85,29.57,18.48,40.48,25.9,30.22,2025-02-20
,,12237012,False,102,,raw,00:15:00,2025-02-20T08:30:00Z,2025-02-20T14:00:00+05:30,2025-02-20T08:45:00Z,2025-02-20T14:15:00+05:30,1,00:15:00,1,00:15:00,100.0,100.0,2025-02-20,0.46659032,294.52878,50.166843,-1.377273,0.7340165,98810.586,0.21,11.28,5.17,6.47,30.53,19.08,40.32,27.07,30.22,2025-02-20
,,12237012,False,102,,raw,00:15:00,2025-02-20T08:45:00Z,2025-02-20T14:15:00+05:30,2025-02-20T09:00:00Z,2025-02-20T14:30:00+05:30,1,00:15:00,1,00:15:00,100.0,100.0,2025-02-20,0.46659032,294.52878,50.166843,-1.377273,0.7340165,98810.586,0.22,11.46,4.84,6.62,30.53,19.08,39.79,28.16,30.71,2025-02-20
,,12237012,False,102,,raw,00:15:00,2025-02-20T09:00:00Z,2025-02-20T14:30:00+05:30,2025-02-20T09:15:00Z,2025-02-20T14:45:00+05:30,1,00:15:00,1,00:15:00,100.0,100.0,2025-02-20,0.46659032,294.52878,50.166843,-1.377273,0.7340165,98810.586,0.22,11.4,4.83,6.45,30.53,19.08,38.75,28.65,31.14,2025-02-20
,,12237012,False,102,,raw,00:15:00,2025-02-20T09:15:00Z,2025-02-20T14:45:00+05:30,2025-02-20T09:30:00Z,2025-02-20T15:00:00+05:30,1,00:15:00,1,00:15:00,100.0,100.0,2025-02-20,0.46659032,294.52878,50.166843,-1.377273,0.7340165,98810.586,0.22,11.58,5.08,6.14,29.45,18.4,39.22,27.07,30.91,2025-02-20
,,12237012,False,102,,raw,00:15:00,2025-02-20T09:30:00Z,2025-02-20T15:00:00+05:30,2025-02-20T09:45:00Z,2025-02-20T15:15:00+05:30,1,00:15:00,1,00:15:00,100.0,100.0,2025-02-20,0.46659032,294.52878,50.166843,-1.377273,0.7340165,98810.586,0.2,11.82,4.84,5.59,29.04,18.15,39.27,26.36,30.89,2025-02-20
,,12237012,False,102,,raw,00:15:00,2025-02-20T09:45:00Z,2025-02-20T15:15:00+05:30,2025-02-20T10:00:00Z,2025-02-20T15:30:00+05:30,1,00:15:00,1,00:15:00,100.0,100.0,2025-02-20,0.46659032,294.52878,50.166843,-1.377273,0.7340165,98810.586,0.2,11.63,4.41,6.37,29.04,18.15,39.67,26.21,30.77,2025-02-20
,,12237012,False,102,,raw,00:15:00,2025-02-20T10:00:00Z,2025-02-20T15:30:00+05:30,2025-02-20T10:15:00Z,2025-02-20T15:45:00+05:30,1,00:15:00,1,00:15:00,100.0,100.0,2025-02-20,0.46659032,294.52878,50.166843,-1.377273,0.7340165,98810.586,0.2,11.8,4.76,7.7,29.04,18.15,39.34,25.43,30.9,2025-02-20
,,12237012,False,102,,raw,00:15:00,2025-02-20T10:15:00Z,2025-02-20T15:45:00+05:30,2025-02-20T10:30:00Z,2025-02-20T16:00:00+05:30,1,00:15:00,1,00:15:00,100.0,100.0,2025-02-20,0.46659032,294.52878,50.166843,-1.377273,0.7340165,98810.586,0.2,11.59,4.91,8.38,28.34,17.71,39.82,25.53,30.71,2025-02-20
,,12237012,False,102,,raw,00:15:00,2025-02-20T10:30:00Z,2025-02-20T16:00:00+05:30,2025-02-20T10:45:00Z,2025-02-20T16:15:00+05:30,1,00:15:00,1,00:15:00,100.0,100.0,2025-02-20,0.46659032,294.52878,50.166843,-1.377273,0.7340165,98810.586,0.2,11.51,4.95,6.97,28.08,17.55,39.36,25.56,30.71,2025-02-20
,,12237012,False,102,,raw,00:15:00,2025-02-20T10:45:00Z,2025-02-20T16:15:00+05:30,2025-02-20T11:00:00Z,2025-02-20T16:30:00+05:30,1,00:15:00,1,00:15:00,100.0,100.0,2025-02-20,0.46659032,294.52878,50.166843,-1.377273,0.7340165,98810.586,0.2,11.46,4.59,7.13,28.08,17.55,40.34,25.56,30.25,2025-02-20
,,12237012,False,102,,raw,00:15:00,2025-02-20T11:00:00Z,2025-02-20T16:30:00+05:30,2025-02-20T11:15:00Z,2025-02-20T16:45:00+05:30,1,00:15:00,1,00:15:00,100.0,100.0,2025-02-20,0.46659032,294.52878,50.166843,-1.377273,0.7340165,98810.586,0.2,11.33,5.17,5.38,28.08,17.55,41.03,25.43,29.98,2025-02-20
,,12237012,False,102,,raw,00:15:00,2025-02-20T11:15:00Z,2025-02-20T16:45:00+05:30,2025-02-20T11:30:00Z,2025-02-20T17:00:00+05:30,1,00:15:00,1,00:15:00,100.0,100.0,2025-02-20,0.46659032,294.52878,50.166843,-1.377273,0.7340165,98810.586,0.21,11.47,4.87,5.12,27.17,16.98,43.06,25.69,29.34,2025-02-20
,,12237012,False,102,,raw,00:15:00,2025-02-20T11:30:00Z,2025-02-20T17:00:00+05:30,2025-02-20T11:45:00Z,2025-02-20T17:15:00+05:30,1,00:15:00,1,00:15:00,100.0,100.0,2025-02-20,0.46659032,294.52878,50.166843,-1.377273,0.7340165,98810.586,0.22,11.43,5.08,5.38,26.83,16.77,45.2,26.78,28.76,2025-02-20
,,12237012,False,102,,raw,00:15:00,2025-02-20T11:45:00Z,2025-02-20T17:15:00+05:30,2025-02-20T12:00:00Z,2025-02-20T17:30:00+05:30,1,00:15:00,1,00:15:00,100.0,100.0,2025-02-20,0.46659032,294.52878,50.166843,-1.377273,0.7340165,98810.586,0.23,11.47,4.98,5.51,26.83,16.77,47.87,27.14,27.91,2025-02-20
,,12237012,False,102,,raw,00:15:00,2025-02-20T12:00:00Z,2025-02-20T17:30:00+05:30,2025-02-20T12:15:00Z,2025-02-20T17:45:00+05:30,1,00:15:00,1,00:15:00,100.0,100.0,2025-02-20,0.46659032,294.52878,50.166843,-1.377273,0.7340165,98810.586,0.23,11.29,4.78,5.44,26.83,16.77,51.63,28.39,26.77,2025-02-20
,,12237012,False,102,,raw,00:15:00,2025-02-20T12:15:00Z,2025-02-20T17:45:00+05:30,2025-02-20T12:30:00Z,2025-02-20T18:00:00+05:30,1,00:15:00,1,00:15:00,100.0,100.0,2025-02-20,0.46659032,294.52878,50.166843,-1.377273,0.7340165,98810.586,0.24,11.45,4.85,4.97,30.53,19.08,55.11,28.91,25.72,2025-02-20
,,12237012,False,102,,raw,00:15:00,2025-02-20T12:30:00Z,2025-02-20T18:00:00+05:30,2025-02-20T12:45:00Z,2025-02-20T18:15:00+05:30,1,00:15:00,1,00:15:00,100.0,100.0,2025-02-20,0.46659032,294.52878,50.166843,-1.377273,0.7340165,98810.586,0.25,11.61,4.84,4.6,31.92,19.95,57.48,29.72,24.88,2025-02-20
,,12237012,False,102,,raw,00:15:00,2025-02-20T12:45:00Z,2025-02-20T18:15:00+05:30,2025-02-20T13:00:00Z,2025-02-20T18:30:00+05:30,1,00:15:00,1,00:15:00,100.0,100.0,2025-02-20,0.46659032,294.52878,50.166843,-1.377273,0.7340165,98810.586,0.26,11.51,4.44,4.27,31.92,19.95,59.51,30.21,24.24,2025-02-20
,,12237012,False,102,,raw,00:15:00,2025-02-20T13:00:00Z,2025-02-20T18:30:00+05:30,2025-02-20T13:15:00Z,2025-02-20T18:45:00+05:30,1,00:15:00,1,00:15:00,100.0,100.0,2025-02-20,0.46659032,294.52878,50.166843,-1.377273,0.7340165,98810.586,0.28,11.56,4.87,3.92,31.92,19.95,61.02,30.83,23.93,2025-02-20
,,12237012,False,102,,raw,00:15:00,2025-02-20T13:15:00Z,2025-02-20T18:45:00+05:30,2025-02-20T13:30:00Z,2025-02-20T19:00:00+05:30,1,00:15:00,1,00:15:00,100.0,100.0,2025-02-20,0.46659032,294.52878,50.166843,-1.377273,0.7340165,98810.586,0.3,11.62,4.87,3.06,35.13,21.96,63.29,29.17,23.69,2025-02-20
,,12237012,False,102,,raw,00:15:00,2025-02-20T13:30:00Z,2025-02-20T19:00:00+05:30,2025-02-20T13:45:00Z,2025-02-20T19:15:00+05:30,1,00:15:00,1,00:15:00,100.0,100.0,2025-02-20,0.46659032,294.52878,50.166843,-1.377273,0.7340165,98810.586,0.28,11.47,5.17,3.99,36.34,22.71,65.14,27.74,23.56,2025-02-20
,,12237012,False,102,,raw,00:15:00,2025-02-20T13:45:00Z,2025-02-20T19:15:00+05:30,2025-02-20T14:00:00Z,2025-02-20T19:30:00+05:30,1,00:15:00,1,00:15:00,100.0,100.0,2025-02-20,0.46659032,294.52878,50.166843,-1.377273,0.7340165,98810.586,0.28,11.45,4.72,3.96,36.34,22.71,65.95,27.04,23.36,2025-02-20
,,12237012,False,102,,raw,00:15:00,2025-02-20T14:00:00Z,2025-02-20T19:30:00+05:30,2025-02-20T14:15:00Z,2025-02-20T19:45:00+05:30,1,00:15:00,1,00:15:00,100.0,100.0,2025-02-20,0.46659032,294.52878,50.166843,-1.377273,0.7340165,98810.586,0.29,11.62,5.28,3.33,36.34,22.71,66.73,26.52,23.07,2025-02-20
,,12237012,False,102,,raw,00:15:00,2025-02-20T14:15:00Z,2025-02-20T19:45:00+05:30,2025-02-20T14:30:00Z,2025-02-20T20:00:00+05:30,1,00:15:00,1,00:15:00,100.0,100.0,2025-02-20,0.46659032,294.52878,50.166843,-1.377273,0.7340165,98810.586,0.29,11.52,4.74,2.36,40.63,25.39,67.56,26.62,22.8,2025-02-20
,,12237012,False,102,,raw,00:15:00,2025-02-20T14:30:00Z,2025-02-20T20:00:00+05:30,2025-02-20T14:45:00Z,2025-02-20T20:15:00+05:30,1,00:15:00,1,00:15:00,100.0,100.0,2025-02-20,0.46659032,294.52878,50.166843,-1.377273,0.7340165,98810.586,0.3,11.39,4.91,2.63,42.24,26.4,68.76,26.7,22.48,2025-02-20
,,12237012,False,102,,raw,00:15:00,2025-02-20T14:45:00Z,2025-02-20T20:15:00+05:30,2025-02-20T15:00:00Z,2025-02-20T20:30:00+05:30,1,00:15:00,1,00:15:00,100.0,100.0,2025-02-20,0.46659032,294.52878,50.166843,-1.377273,0.7340165,98810.586,0.31,11.26,4.89,2.53,42.24,26.4,70.28,27.22,21.98,2025-02-20
,,12237012,False,102,,raw,00:15:00,2025-02-20T15:00:00Z,2025-02-20T20:30:00+05:30,2025-02-20T15:15:00Z,2025-02-20T20:45:00+05:30,1,00:15:00,1,00:15:00,100.0,100.0,2025-02-20,0.46659032,294.52878,50.166843,-1.377273,0.7340165,98810.586,0.34,11.4,5.06,2.08,42.24,26.4,70.25,27.48,21.87,2025-02-20
,,12237012,False,102,,raw,00:15:00,2025-02-20T15:15:00Z,2025-02-20T20:45:00+05:30,2025-02-20T15:30:00Z,2025-02-20T21:00:00+05:30,1,00:15:00,1,00:15:00,100.0,100.0,2025-02-20,0.46659032,294.52878,50.166843,-1.377273,0.7340165,98810.586,0.34,11.35,4.98,1.67,42.24,26.4,71.43,26.13,21.63,2025-02-20
,,12237012,False,102,,raw,00:15:00,2025-02-20T15:30:00Z,2025-02-20T21:00:00+05:30,2025-02-20T15:45:00Z,2025-02-20T21:15:00+05:30,1,00:15:00,1,00:15:00,100.0,100.0,2025-02-20,0.46659032,294.52878,50.166843,-1.377273,0.7340165,98810.586,0.33,11.36,5.32,1.62,42.24,26.4,72.29,25.66,21.47,2025-02-20
,,12237012,False,102,,raw,00:15:00,2025-02-20T15:45:00Z,2025-02-20T21:15:00+05:30,2025-02-20T16:00:00Z,2025-02-20T21:30:00+05:30,1,00:15:00,1,00:15:00,100.0,100.0,2025-02-20,0.46659032,294.52878,50.166843,-1.377273,0.7340165,98810.586,0.33,11.55,4.5,1.42,42.24,26.4,72.64,25.4,21.33,2025-02-20
,,12237012,False,102,,raw,00:15:00,2025-02-20T16:00:00Z,2025-02-20T21:30:00+05:30,2025-02-20T16:15:00Z,2025-02-20T21:45:00+05:30,1,00:15:00,1,00:15:00,100.0,100.0,2025-02-20,0.46659032,294.52878,50.166843,-1.377273,0.7340165,98810.586,0.34,11.44,4.89,1.31,42.24,26.4,73.18,24.86,21.2,2025-02-20
,,12237012,False,102,,raw,00:15:00,2025-02-20T16:15:00Z,2025-02-20T21:45:00+05:30,2025-02-20T16:30:00Z,2025-02-20T22:00:00+05:30,1,00:15:00,1,00:15:00,100.0,100.0,2025-02-20,0.46659032,294.52878,50.166843,-1.377273,0.7340165,98810.586,0.34,11.34,5.12,2.34,41.89,26.15,73.67,25.35,21.07,2025-02-20
,,12237012,False,102,,raw,00:15:00,2025-02-20T16:30:00Z,2025-02-20T22:00:00+05:30,2025-02-20T16:45:00Z,2025-02-20T22:15:00+05:30,1,00:15:00,1,00:15:00,100.0,100.0,2025-02-20,0.46659032,294.52878,50.166843,-1.377273,0.7340165,98810.586,0.34,11.5,4.99,2.22,41.76,26.1,73.98,25.2,21.04,2025-02-20
,,12237012,False,102,,raw,00:15:00,2025-02-20T16:45:00Z,2025-02-20T22:15:00+05:30,2025-02-20T17:00:00Z,2025-02-20T22:30:00+05:30,1,00:15:00,1,00:15:00,100.0,100.0,2025-02-20,0.46659032,294.52878,50.166843,-1.377273,0.7340165,98810.586,0.34,11.4,5.06,2.01,41.76,26.1,74.65,25.22,20.92,2025-02-20
,,12237012,False,102,,raw,00:15:00,2025-02-20T17:00:00Z,2025-02-20T22:30:00+05:30,2025-02-20T17:15:00Z,2025-02-20T22:45:00+05:30,1,00:15:00,1,00:15:00,100.0,100.0,2025-02-20,0.46659032,294.52878,50.166843,-1.377273,0.7340165,98810.586,0.33,11.69,4.8,2.14,41.76,26.1,75.9,25.2,20.6,2025-02-20
,,12237012,False,102,,raw,00:15:00,2025-02-20T17:15:00Z,2025-02-20T22:45:00+05:30,2025-02-20T17:30:00Z,2025-02-20T23:00:00+05:30,1,00:15:00,1,00:15:00,100.0,100.0,2025-02-20,0.46659032,294.52878,50.166843,-1.377273,0.7340165,98810.586,0.33,11.34,5.58,2.4,42.32,26.45,77.14,25.19,20.4,2025-02-20
,,12237012,False,102,,raw,00:15:00,2025-02-20T17:30:00Z,2025-02-20T23:00:00+05:30,2025-02-20T17:45:00Z,2025-02-20T23:15:00+05:30,1,00:15:00,1,00:15:00,100.0,100.0,2025-02-20,0.46659032,294.52878,50.166843,-1.377273,0.7340165,98810.586,0.33,11.48,4.78,2.77,42.53,26.58,78.26,25.71,20.1,2025-02-20
,,12237012,False,102,,raw,00:15:00,2025-02-20T17:45:00Z,2025-02-20T23:15:00+05:30,2025-02-20T18:00:00Z,2025-02-20T23:30:00+05:30,1,00:15:00,1,00:15:00,100.0,100.0,2025-02-20,0.46659032,294.52878,50.166843,-1.377273,0.7340165,98810.586,0.33,11.68,4.76,2.94,42.53,26.58,79.49,25.92,19.81,2025-02-20
,,12237012,False,102,,raw,00:15:00,2025-02-20T18:00:00Z,2025-02-20T23:30:00+05:30,2025-02-20T18:15:00Z,2025-02-20T23:45:00+05:30,1,00:15:00,1,00:15:00,100.0,100.0,2025-02-20,0.46659032,294.52878,50.166843,-1.377273,0.7340165,98810.586,0.32,11.29,5.55,2.92,42.53,26.58,80.62,26.0,19.78,2025-02-20
,,12237012,False,102,,raw,00:15:00,2025-02-20T19:00:00Z,2025-02-21T00:30:00+05:30,2025-02-20T19:15:00Z,2025-02-21T00:45:00+05:30,1,00:15:00,1,00:15:00,100.0,100.0,2025-02-20,0.46659032,294.52878,50.166843,-1.377273,0.7340165,98810.586,0.32,11.35,5.02,2.94,38.59,24.12,78.79,24.96,20.21,2025-02-20
,,12237012,False,102,,raw,00:15:00,2025-02-20T19:15:00Z,2025-02-21T00:45:00+05:30,2025-02-20T19:30:00Z,2025-02-21T01:00:00+05:30,1,00:15:00,1,00:15:00,100.0,100.0,2025-02-20,0.46659032,294.52878,50.166843,-1.377273,0.7340165,98810.586,0.32,11.55,4.54,2.65,47.25,29.53,80.96,25.17,19.66,2025-02-20
,,12237012,False,102,,raw,00:15:00,2025-02-20T19:30:00Z,2025-02-21T01:00:00+05:30,2025-02-20T19:45:00Z,2025-02-21T01:15:00+05:30,1,00:15:00,1,00:15:00,100.0,100.0,2025-02-20,0.46659032,294.52878,50.166843,-1.377273,0.7340165,98810.586,0.33,11.31,5.58,2.49,50.5,31.56,80.49,24.65,19.59,2025-02-20
,,12237012,False,102,,raw,00:15:00,2025-02-20T19:45:00Z,2025-02-21T01:15:00+05:30,2025-02-20T20:00:00Z,2025-02-21T01:30:00+05:30,1,00:15:00,1,00:15:00,100.0,100.0,2025-02-20,0.46659032,294.52878,50.166843,-1.377273,0.7340165,98810.586,0.33,11.61,4.85,1.77,50.5,31.56,82.02,24.41,18.98,2025-02-20
,,12237012,False,102,,raw,00:15:00,2025-02-20T20:00:00Z,2025-02-21T01:30:00+05:30,2025-02-20T20:15:00Z,2025-02-21T01:45:00+05:30,1,00:15:00,1,00:15:00,100.0,100.0,2025-02-20,0.46659032,294.52878,50.166843,-1.377273,0.7340165,98810.586,0.34,11.48,4.87,1.4,50.5,31.56,83.24,24.7,18.46,2025-02-20
,,12237012,False,102,,raw,00:15:00,2025-02-20T20:15:00Z,2025-02-21T01:45:00+05:30,2025-02-20T20:30:00Z,2025-02-21T02:00:00+05:30,1,00:15:00,1,00:15:00,100.0,100.0,2025-02-20,0.46659032,294.52878,50.166843,-1.377273,0.7340165,98810.586,0.34,11.21,5.51,1.03,52.0,32.5,84.5,25.22,18.19,2025-02-20
,,12237012,False,102,,raw,00:15:00,2025-02-20T20:30:00Z,2025-02-21T02:00:00+05:30,2025-02-20T20:45:00Z,2025-02-21T02:15:00+05:30,1,00:15:00,1,00:15:00,100.0,100.0,2025-02-20,0.46659032,294.52878,50.166843,-1.377273,0.7340165,98810.586,0.35,11.6,4.85,0.92,52.56,32.85,85.9,25.35,18.11,2025-02-20
,,12237012,False,102,,raw,00:15:00,2025-02-20T20:45:00Z,2025-02-21T02:15:00+05:30,2025-02-20T21:00:00Z,2025-02-21T02:30:00+05:30,1,00:15:00,1,00:15:00,100.0,100.0,2025-02-20,0.46659032,294.52878,50.166843,-1.377273,0.7340165,98810.586,0.35,11.54,4.85,1.13,52.56,32.85,86.47,25.92,18.29,2025-02-20
,,12237012,False,102,,raw,00:15:00,2025-02-20T21:00:00Z,2025-02-21T02:30:00+05:30,2025-02-20T21:15:00Z,2025-02-21T02:45:00+05:30,1,00:15:00,1,00:15:00,100.0,100.0,2025-02-20,0.46659032,294.52878,50.166843,-1.377273,0.7340165,98810.586,0.35,11.65,4.76,0.86,52.56,32.85,86.22,26.54,18.17,2025-02-20
,,12237012,False,102,,raw,00:15:00,2025-02-20T21:15:00Z,2025-02-21T02:45:00+05:30,2025-02-20T21:30:00Z,2025-02-21T03:00:00+05:30,1,00:15:00,1,00:15:00,100.0,100.0,2025-02-20,0.46659032,294.52878,50.166843,-1.377273,0.7340165,98810.586,0.34,11.55,4.99,0.99,50.78,31.74,87.2,25.51,17.94,2025-02-20
,,12237012,False,102,,raw,00:15:00,2025-02-20T21:30:00Z,2025-02-21T03:00:00+05:30,2025-02-20T21:45:00Z,2025-02-21T03:15:00+05:30,1,00:15:00,1,00:15:00,100.0,100.0,2025-02-20,0.46659032,294.52878,50.166843,-1.377273,0.7340165,98810.586,0.32,11.39,4.74,1.25,50.11,31.32,87.72,25.22,17.85,2025-02-20
,,12237012,False,102,,raw,00:15:00,2025-02-20T22:00:00Z,2025-02-21T03:30:00+05:30,2025-02-20T22:15:00Z,2025-02-21T03:45:00+05:30,1,00:15:00,1,00:15:00,100.0,100.0,2025-02-20,0.46659032,294.52878,50.166843,-1.377273,0.7340165,98810.586,0.31,11.34,5.17,1.4,50.11,31.32,88.34,25.12,17.79,2025-02-20
,,12237012,False,102,,raw,00:15:00,2025-02-20T22:15:00Z,2025-02-21T03:45:00+05:30,2025-02-20T22:30:00Z,2025-02-21T04:00:00+05:30,1,00:15:00,1,00:15:00,100.0,100.0,2025-02-20,0.46659032,294.52878,50.166843,-1.377273,0.7340165,98810.586,0.31,11.51,4.83,1.23,48.12,30.08,88.36,24.52,17.58,2025-02-20
,,12237012,False,102,,raw,00:15:00,2025-02-20T22:30:00Z,2025-02-21T04:00:00+05:30,2025-02-20T22:45:00Z,2025-02-21T04:15:00+05:30,1,00:15:00,1,00:15:00,100.0,100.0,2025-02-20,0.46659032,294.52878,50.166843,-1.377273,0.7340165,98810.586,0.31,11.57,4.86,1.29,47.38,29.61,88.89,24.57,17.43,2025-02-20
,,12237012,False,102,,raw,00:15:00,2025-02-20T22:45:00Z,2025-02-21T04:15:00+05:30,2025-02-20T23:00:00Z,2025-02-21T04:30:00+05:30,1,00:15:00,1,00:15:00,100.0,100.0,2025-02-20,0.46659032,294.52878,50.166843,-1.377273,0.7340165,98810.586,0.3,11.44,5.15,0.94,47.38,29.61,89.39,24.75,17.42,2025-02-20
,,12237012,False,102,,raw,00:15:00,2025-02-20T23:00:00Z,2025-02-21T04:30:00+05:30,2025-02-20T23:15:00Z,2025-02-21T04:45:00+05:30,1,00:15:00,1,00:15:00,100.0,100.0,2025-02-20,0.46659032,294.52878,50.166843,-1.377273,0.7340165,98810.586,0.3,11.63,5.02,1.09,47.38,29.61,88.88,24.54,17.64,2025-02-20
,,12237012,False,102,,raw,00:15:00,2025-02-20T23:15:00Z,2025-02-21T04:45:00+05:30,2025-02-20T23:30:00Z,2025-02-21T05:00:00+05:30,1,00:15:00,1,00:15:00,100.0,100.0,2025-02-20,0.46659032,294.52878,50.166843,-1.377273,0.7340165,98810.586,0.3,11.59,4.61,1.23,47.83,29.89,88.28,25.01,17.53,2025-02-20
,,12237012,False,102,,raw,00:15:00,2025-02-20T23:30:00Z,2025-02-21T05:00:00+05:30,2025-02-20T23:45:00Z,2025-02-21T05:15:00+05:30,1,00:15:00,1,00:15:00,100.0,100.0,2025-02-20,0.46659032,294.52878,50.166843,-1.377273,0.7340165,98810.586,0.31,11.5,5.04,1.11,48.0,30.0,88.03,25.32,17.65,2025-02-20
,,12237012,False,102,,raw,00:15:00,2025-02-20T23:45:00Z,2025-02-21T05:15:00+05:30,2025-02-21T00:00:00Z,2025-02-21T05:30:00+05:30,1,00:15:00,1,00:15:00,100.0,100.0,2025-02-21,0.51652956,295.116,46.62202,0.52987695,-0.39669523,98910.18,0.32,11.61,4.97,1.29,48.0,30.0,88.16,25.74,17.56,2025-02-21
,,12237012,False,102,,raw,00:15:00,2025-02-21T00:00:00Z,2025-02-21T05:30:00+05:30,2025-02-21T00:15:00Z,2025-02-21T05:45:00+05:30,1,00:15:00,1,00:15:00,100.0,100.0,2025-02-21,0.51652956,295.116,46.62202,0.52987695,-0.39669523,98910.18,0.32,11.39,5.09,1.23,48.0,30.0,88.25,25.9,17.33,2025-02-21
,,12237012,False,102,,raw,00:15:00,2025-02-21T00:15:00Z,2025-02-21T05:45:00+05:30,2025-02-21T00:30:00Z,2025-02-21T06:00:00+05:30,1,00:15:00,1,00:15:00,100.0,100.0,2025-02-21,0.51652956,295.116,46.62202,0.52987695,-0.39669523,98910.18,0.31,11.59,4.8,0.99,46.43,29.02,88.8,25.38,17.07,2025-02-21
,,12237012,False,102,,raw,00:15:00,2025-02-21T00:30:00Z,2025-02-21T06:00:00+05:30,2025-02-21T00:45:00Z,2025-02-21T06:15:00+05:30,1,00:15:00,1,00:15:00,100.0,100.0,2025-02-21,0.51652956,295.116,46.62202,0.52987695,-0.39669523,98910.18,0.3,11.29,4.97,1.23,45.84,28.65,89.51,25.58,16.85,2025-02-21
,,12237012,False,102,,raw,00:15:00,2025-02-21T00:45:00Z,2025-02-21T06:15:00+05:30,2025-02-21T01:00:00Z,2025-02-21T06:30:00+05:30,1,00:15:00,1,00:15:00,100.0,100.0,2025-02-21,0.51652956,295.116,46.62202,0.52987695,-0.39669523,98910.18,0.29,11.54,4.8,1.36,45.84,28.65,89.9,24.7,16.74,2025-02-21
,,12237012,False,102,,raw,00:15:00,2025-02-21T01:00:00Z,2025-02-21T06:30:00+05:30,2025-02-21T01:15:00Z,2025-02-21T06:45:00+05:30,1,00:15:00,1,00:15:00,100.0,100.0,2025-02-21,0.51652956,295.116,46.62202,0.52987695,-0.39669523,98910.18,0.3,11.89,4.56,1.23,45.84,28.65,90.33,25.2,16.67,2025-02-21
,,12237012,False,102,,raw,00:15:00,2025-02-21T01:15:00Z,2025-02-21T06:45:00+05:30,2025-02-21T01:30:00Z,2025-02-21T07:00:00+05:30,1,00:15:00,1,00:15:00,100.0,100.0,2025-02-21,0.51652956,295.116,46.62202,0.52987695,-0.39669523,98910.18,0.3,11.71,4.97,1.27,49.85,31.16,90.5,25.01,16.77,2025-02-21
,,12237012,False,102,,raw,00:15:00,2025-02-21T01:30:00Z,2025-02-21T07:00:00+05:30,2025-02-21T01:45:00Z,2025-02-21T07:15:00+05:30,1,00:15:00,1,00:15:00,100.0,100.0,2025-02-21,0.51652956,295.116,46.62202,0.52987695,-0.39669523,98910.18,0.3,11.43,5.0,1.6,51.36,32.1,90.07,25.27,17.0,2025-02-21
,,12237012,False,102,,raw,00:15:00,2025-02-21T01:45:00Z,2025-02-21T07:15:00+05:30,2025-02-21T02:00:00Z,2025-02-21T07:30:00+05:30,1,00:15:00,1,00:15:00,100.0,100.0,2025-02-21,0.51652956,295.116,46.62202,0.52987695,-0.39669523,98910.18,0.31,11.31,5.13,1.77,51.36,32.1,88.78,25.48,17.34,2025-02-21
,,12237012,False,102,,raw,00:15:00,2025-02-21T02:00:00Z,2025-02-21T07:30:00+05:30,2025-02-21T02:15:00Z,2025-02-21T07:45:00+05:30,1,00:15:00,1,00:15:00,100.0,100.0,2025-02-21,0.51652956,295.116,46.62202,0.52987695,-0.39669523,98910.18,0.32,11.52,4.74,1.93,51.36,32.1,85.96,26.18,18.17,2025-02-21
,,12237012,False,102,,raw,00:15:00,2025-02-21T02:15:00Z,2025-02-21T07:45:00+05:30,2025-02-21T02:30:00Z,2025-02-21T08:00:00+05:30,1,00:15:00,1,00:15:00,100.0,100.0,2025-02-21,0.51652956,295.116,46.62202,0.52987695,-0.39669523,98910.18,0.33,11.37,5.02,2.18,52.23,32.65,82.32,26.36,18.75,2025-02-21
,,12237012,False,102,,raw,00:15:00,2025-02-21T02:30:00Z,2025-02-21T08:00:00+05:30,2025-02-21T02:45:00Z,2025-02-21T08:15:00+05:30,1,00:15:00,1,00:15:00,100.0,100.0,2025-02-21,0.51652956,295.116,46.62202,0.52987695,-0.39669523,98910.18,0.32,11.4,5.15,2.42,52.56,32.85,81.49,26.63,18.48,2025-02-21
,,12237012,False,102,,raw,00:15:00,2025-02-21T02:45:00Z,2025-02-21T08:15:00+05:30,2025-02-21T03:00:00Z,2025-02-21T08:30:00+05:30,1,00:15:00,1,00:15:00,100.0,100.0,2025-02-21,0.51652956,295.116,46.62202,0.52987695,-0.39669523,98910.18,0.33,11.58,5.04,2.49,52.56,32.85,80.0,27.3,18.77,2025-02-21
,,12237012,False,102,,raw,00:15:00,2025-02-21T03:00:00Z,2025-02-21T08:30:00+05:30,2025-02-21T03:15:00Z,2025-02-21T08:45:00+05:30,1,00:15:00,1,00:15:00,100.0,100.0,2025-02-21,0.51652956,295.116,46.62202,0.52987695,-0.39669523,98910.18,0.32,11.56,5.08,2.83,52.56,32.85,77.48,27.32,19.33,2025-02-21
,,12237012,False,102,,raw,00:15:00,2025-02-21T03:15:00Z,2025-02-21T08:45:00+05:30,2025-02-21T03:30:00Z,2025-02-21T09:00:00+05:30,1,00:15:00,1,00:15:00,100.0,100.0,2025-02-21,0.51652956,295.116,46.62202,0.52987695,-0.39669523,98910.18,0.32,11.61,4.82,2.67,49.38,30.86,72.85,26.75,20.36,2025-02-21
,,12237012,False,102,,raw,00:15:00,2025-02-21T03:30:00Z,2025-02-21T09:00:00+05:30,2025-02-21T03:45:00Z,2025-02-21T09:15:00+05:30,1,00:15:00,1,00:15:00,100.0,100.0,2025-02-21,0.51652956,295.116,46.62202,0.52987695,-0.39669523,98910.18,0.3,11.57,4.99,2.75,48.19,30.12,71.98,25.95,20.76,2025-02-21
,,12237012,False,102,,raw,00:15:00,2025-02-21T03:45:00Z,2025-02-21T09:15:00+05:30,2025-02-21T04:00:00Z,2025-02-21T09:30:00+05:30,1,00:15:00,1,00:15:00,100.0,100.0,2025-02-21,0.51652956,295.116,46.62202,0.52987695,-0.39669523,98910.18,0.3,11.54,4.82,3.0,48.19,30.12,69.29,25.63,21.92,2025-02-21
,,12237012,False,102,,raw,00:15:00,2025-02-21T04:00:00Z,2025-02-21T09:30:00+05:30,2025-02-21T04:15:00Z,2025-02-21T09:45:00+05:30,1,00:15:00,1,00:15:00,100.0,100.0,2025-02-21,0.51652956,295.116,46.62202,0.52987695,-0.39669523,98910.18,0.3,11.42,4.78,3.02,48.19,30.12,64.14,25.14,23.54,2025-02-21
,,12237012,False,102,,raw,00:15:00,2025-02-21T04:15:00Z,2025-02-21T09:45:00+05:30,2025-02-21T04:30:00Z,2025-02-21T10:00:00+05:30,1,00:15:00,1,00:15:00,100.0,100.0,2025-02-21,0.51652956,295.116,46.62202,0.52987695,-0.39669523,98910.18,0.31,11.34,4.56,2.79,48.92,30.58,60.25,25.14,24.54,2025-02-21
,,12237012,False,102,,raw,00:15:00,2025-02-21T04:30:00Z,2025-02-21T10:00:00+05:30,2025-02-21T04:45:00Z,2025-02-21T10:15:00+05:30,1,00:15:00,1,00:15:00,100.0,100.0,2025-02-21,0.51652956,295.116,46.62202,0.52987695,-0.39669523,98910.18,0.31,11.48,4.8,3.39,49.2,30.75,57.53,25.3,25.58,2025-02-21
,,12237012,False,102,,raw,00:15:00,2025-02-21T04:45:00Z,2025-02-21T10:15:00+05:30,2025-02-21T05:00:00Z,2025-02-21T10:30:00+05:30,1,00:15:00,1,00:15:00,100.0,100.0,2025-02-21,0.51652956,295.116,46.62202,0.52987695,-0.39669523,98910.18,0.31,11.66,5.04,3.39,49.2,30.75,55.48,24.75,26.32,2025-02-21
,,12237012,False,102,,raw,00:15:00,2025-02-21T05:00:00Z,2025-02-21T10:30:00+05:30,2025-02-21T05:15:00Z,2025-02-21T10:45:00+05:30,1,00:15:00,1,00:15:00,100.0,100.0,2025-02-21,0.51652956,295.116,46.62202,0.52987695,-0.39669523,98910.18,0.31,11.55,5.06,3.47,49.2,30.75,56.18,24.75,26.13,2025-02-21
,,12237012,False,102,,raw,00:15:00,2025-02-21T05:30:00Z,2025-02-21T11:00:00+05:30,2025-02-21T05:45:00Z,2025-02-21T11:15:00+05:30,1,00:15:00,1,00:15:00,100.0,100.0,2025-02-21,0.51652956,295.116,46.62202,0.52987695,-0.39669523,98910.18,0.33,11.35,4.97,4.93,48.82,30.51,55.23,25.97,26.99,2025-02-21
,,12237012,False,102,,raw,00:15:00,2025-02-21T05:45:00Z,2025-02-21T11:15:00+05:30,2025-02-21T06:00:00Z,2025-02-21T11:30:00+05:30,1,00:15:00,1,00:15:00,100.0,100.0,2025-02-21,0.51652956,295.116,46.62202,0.52987695,-0.39669523,98910.18,0.33,11.34,5.17,5.38,48.82,30.51,52.11,26.55,28.38,2025-02-21
,,12237012,False,102,,raw,00:15:00,2025-02-21T06:00:00Z,2025-02-21T11:30:00+05:30,2025-02-21T06:15:00Z,2025-02-21T11:45:00+05:30,1,00:15:00,1,00:15:00,100.0,100.0,2025-02-21,0.51652956,295.116,46.62202,0.52987695,-0.39669523,98910.18,0.33,11.4,4.93,5.51,48.82,30.51,51.41,27.41,28.56,2025-02-21
,,12237012,False,102,,raw,00:15:00,2025-02-21T06:15:00Z,2025-02-21T11:45:00+05:30,2025-02-21T06:30:00Z,2025-02-21T12:00:00+05:30,1,00:15:00,1,00:15:00,100.0,100.0,2025-02-21,0.51652956,295.116,46.62202,0.52987695,-0.39669523,98910.18,0.33,11.71,4.65,4.85,47.25,29.53,48.04,26.24,29.81,2025-02-21
,,12237012,False,102,,raw,00:15:00,2025-02-21T06:30:00Z,2025-02-21T12:00:00+05:30,2025-02-21T06:45:00Z,2025-02-21T12:15:00+05:30,1,00:15:00,1,00:15:00,100.0,100.0,2025-02-21,0.51652956,295.116,46.62202,0.52987695,-0.39669523,98910.18,0.3,11.65,4.89,4.87,46.66,29.16,47.6,25.48,30.2,2025-02-21
,,12237012,False,102,,raw,00:15:00,2025-02-21T06:45:00Z,2025-02-21T12:15:00+05:30,2025-02-21T07:00:00Z,2025-02-21T12:30:00+05:30,1,00:15:00,1,00:15:00,100.0,100.0,2025-02-21,0.51652956,295.116,46.62202,0.52987695,-0.39669523,98910.18,0.3,11.61,4.89,4.89,46.66,29.16,50.58,25.24,29.51,2025-02-21
,,12237012,False,102,,raw,00:15:00,2025-02-21T07:00:00Z,2025-02-21T12:30:00+05:30,2025-02-21T07:15:00Z,2025-02-21T12:45:00+05:30,1,00:15:00,1,00:15:00,100.0,100.0,2025-02-21,0.51652956,295.116,46.62202,0.52987695,-0.39669523,98910.18,0.29,11.49,4.67,5.38,46.66,29.16,50.1,25.64,29.59,2025-02-21
,,12237012,False,102,,raw,00:15:00,2025-02-21T07:15:00Z,2025-02-21T12:45:00+05:30,2025-02-21T07:30:00Z,2025-02-21T13:00:00+05:30,1,00:15:00,1,00:15:00,100.0,100.0,2025-02-21,0.51652956,295.116,46.62202,0.52987695,-0.39669523,98910.18,0.29,11.48,4.78,5.07,44.11,27.57,48.18,25.35,30.48,2025-02-21
,,12237012,False,102,,raw,00:15:00,2025-02-21T07:30:00Z,2025-02-21T13:00:00+05:30,2025-02-21T07:45:00Z,2025-02-21T13:15:00+05:30,1,00:15:00,1,00:15:00,100.0,100.0,2025-02-21,0.51652956,295.116,46.62202,0.52987695,-0.39669523,98910.18,0.29,11.32,5.38,5.44,43.15,26.97,48.53,25.01,30.62,2025-02-21
,,12237012,False,102,,raw,00:15:00,2025-02-21T07:45:00Z,2025-02-21T13:15:00+05:30,2025-02-21T08:00:00Z,2025-02-21T13:30:00+05:30,1,00:15:00,1,00:15:00,100.0,100.0,2025-02-21,0.51652956,295.116,46.62202,0.52987695,-0.39669523,98910.18,0.29,11.72,4.84,6.0,43.15,26.97,49.76,25.22,30.15,2025-02-21
,,12237012,False,102,,raw,00:15:00,2025-02-21T08:00:00Z,2025-02-21T13:30:00+05:30,2025-02-21T08:15:00Z,2025-02-21T13:45:00+05:30,1,00:15:00,1,00:15:00,100.0,100.0,2025-02-21,0.51652956,295.116,46.62202,0.52987695,-0.39669523,98910.18,0.29,11.35,4.68,6.9,43.15,26.97,49.98,24.99,30.18,2025-02-21
,,12237012,False,102,,raw,00:15:00,2025-02-21T08:15:00Z,2025-02-21T13:45:00+05:30,2025-02-21T08:30:00Z,2025-02-21T14:00:00+05:30,1,00:15:00,1,00:15:00,100.0,100.0,2025-02-21,0.51652956,295.116,46.62202,0.52987695,-0.39669523,98910.18,0.3,11.63,4.68,7.3,41.79,26.12,46.27,26.23,31.6,2025-02-21
,,12237012,False,102,,raw,00:15:00,2025-02-21T08:45:00Z,2025-02-21T14:15:00+05:30,2025-02-21T09:00:00Z,2025-02-21T14:30:00+05:30,1,00:15:00,1,00:15:00,100.0,100.0,2025-02-21,0.51652956,295.116,46.62202,0.52987695,-0.39669523,98910.18,0.3,11.52,4.76,8.71,41.28,25.8,48.57,27.74,31.03,2025-02-21
,,12237012,False,102,,raw,00:15:00,2025-02-21T09:00:00Z,2025-02-21T14:30:00+05:30,2025-02-21T09:15:00Z,2025-02-21T14:45:00+05:30,1,00:15:00,1,00:15:00,100.0,100.0,2025-02-21,0.51652956,295.116,46.62202,0.52987695,-0.39669523,98910.18,0.3,11.22,4.83,9.02,41.28,25.8,48.76,28.81,30.91,2025-02-21
,,12237012,False,102,,raw,00:15:00,2025-02-21T09:15:00Z,2025-02-21T14:45:00+05:30,2025-02-21T09:30:00Z,2025-02-21T15:00:00+05:30,1,00:15:00,1,00:15:00,100.0,100.0,2025-02-21,0.51652956,295.116,46.62202,0.52987695,-0.39669523,98910.18,0.3,11.52,5.06,7.56,40.86,25.54,51.27,27.2,30.21,2025-02-21
,,12237012,False,102,,raw,00:15:00,2025-02-21T09:30:00Z,2025-02-21T15:00:00+05:30,2025-02-21T09:45:00Z,2025-02-21T15:15:00+05:30,1,00:15:00,1,00:15:00,100.0,100.0,2025-02-21,0.51652956,295.116,46.62202,0.52987695,-0.39669523,98910.18,0.27,11.54,4.91,6.41,40.7,25.44,52.42,26.34,29.71,2025-02-21
,,12237012,False,102,,raw,00:15:00,2025-02-21T09:45:00Z,2025-02-21T15:15:00+05:30,2025-02-21T10:00:00Z,2025-02-21T15:30:00+05:30,1,00:15:00,1,00:15:00,100.0,100.0,2025-02-21,0.51652956,295.116,46.62202,0.52987695,-0.39669523,98910.18,0.26,11.5,4.89,6.41,40.7,25.44,53.7,25.85,29.03,2025-02-21
,,12237012,False,102,,raw,00:15:00,2025-02-21T10:00:00Z,2025-02-21T15:30:00+05:30,2025-02-21T10:15:00Z,2025-02-21T15:45:00+05:30,1,00:15:00,1,00:15:00,100.0,100.0,2025-02-21,0.51652956,295.116,46.62202,0.52987695,-0.39669523,98910.18,0.26,11.49,5.13,6.51,40.7,25.44,54.45,25.43,28.74,2025-02-21
,,12237012,False,102,,raw,00:15:00,2025-02-21T10:15:00Z,2025-02-21T15:45:00+05:30,2025-02-21T10:30:00Z,2025-02-21T16:00:00+05:30,1,00:15:00,1,00:15:00,100.0,100.0,2025-02-21,0.51652956,295.116,46.62202,0.52987695,-0.39669523,98910.18,0.26,11.48,4.89,6.29,43.39,27.12,54.9,25.4,28.76,2025-02-21
,,12237012,False,102,,raw,00:15:00,2025-02-21T10:30:00Z,2025-02-21T16:00:00+05:30,2025-02-21T10:45:00Z,2025-02-21T16:15:00+05:30,1,00:15:00,1,00:15:00,100.0,100.0,2025-02-21,0.51652956,295.116,46.62202,0.52987695,-0.39669523,98910.18,0.26,11.67,4.67,6.14,44.4,27.75,55.95,25.17,28.69,2025-02-21
,,12237012,False,102,,raw,00:15:00,2025-02-21T10:45:00Z,2025-02-21T16:15:00+05:30,2025-02-21T11:00:00Z,2025-02-21T16:30:00+05:30,1,00:15:00,1,00:15:00,100.0,100.0,2025-02-21,0.51652956,295.116,46.62202,0.52987695,-0.39669523,98910.18,0.26,11.55,4.74,6.08,44.4,27.75,56.25,25.2,28.69,2025-02-21
,,12237012,False,102,,raw,00:15:00,2025-02-21T11:00:00Z,2025-02-21T16:30:00+05:30,2025-02-21T11:15:00Z,2025-02-21T16:45:00+05:30,1,00:15:00,1,00:15:00,100.0,100.0,2025-02-21,0.51652956,295.116,46.62202,0.52987695,-0.39669523,98910.18,0.26,11.46,5.02,5.87,44.4,27.75,56.9,25.3,28.46,2025-02-21
,,12237012,False,102,,raw,00:15:00,2025-02-21T11:15:00Z,2025-02-21T16:45:00+05:30,2025-02-21T11:30:00Z,2025-02-21T17:00:00+05:30,1,00:15:00,1,00:15:00,100.0,100.0,2025-02-21,0.51652956,295.116,46.62202,0.52987695,-0.39669523,98910.18,0.26,11.37,5.45,5.59,42.87,26.79,58.65,25.48,27.93,2025-02-21
,,12237012,False,102,,raw,00:15:00,2025-02-21T11:30:00Z,2025-02-21T17:00:00+05:30,2025-02-21T11:45:00Z,2025-02-21T17:15:00+05:30,1,00:15:00,1,00:15:00,100.0,100.0,2025-02-21,0.51652956,295.116,46.62202,0.52987695,-0.39669523,98910.18,0.28,11.52,4.89,5.92,42.29,26.43,59.0,26.42,27.28,2025-02-21
,,12237012,False,102,,raw,00:15:00,2025-02-21T11:45:00Z,2025-02-21T17:15:00+05:30,2025-02-21T12:00:00Z,2025-02-21T17:30:00+05:30,1,00:15:00,1,00:15:00,100.0,100.0,2025-02-21,0.51652956,295.116,46.62202,0.52987695,-0.39669523,98910.18,0.29,11.43,5.11,6.0,42.29,26.43,60.61,26.88,26.67,2025-02-21
,,12237012,False,102,,raw,00:15:00,2025-02-21T12:00:00Z,2025-02-21T17:30:00+05:30,2025-02-21T12:15:00Z,2025-02-21T17:45:00+05:30,1,00:15:00,1,00:15:00,100.0,100.0,2025-02-21,0.51652956,295.116,46.62202,0.52987695,-0.39669523,98910.18,0.29,11.14,5.13,5.55,42.29,26.43,64.63,27.66,25.95,2025-02-21
,,12237012,False,102,,raw,00:15:00,2025-02-21T12:15:00Z,2025-02-21T17:45:00+05:30,2025-02-21T12:30:00Z,2025-02-21T18:00:00+05:30,1,00:15:00,1,00:15:00,100.0,100.0,2025-02-21,0.51652956,295.116,46.62202,0.52987695,-0.39669523,98910.18,0.3,11.58,4.89,4.42,46.13,28.83,67.06,26.68,25.23,2025-02-21
,,12237012,False,102,,raw,00:15:00,2025-02-21T12:45:00Z,2025-02-21T18:15:00+05:30,2025-02-21T13:00:00Z,2025-02-21T18:30:00+05:30,1,00:15:00,1,00:15:00,100.0,100.0,2025-02-21,0.51652956,295.116,46.62202,0.52987695,-0.39669523,98910.18,0.29,11.39,4.93,3.88,47.57,29.73,70.8,25.56,24.34,2025-02-21
,,12237012,False,102,,raw,00:15:00,2025-02-21T13:00:00Z,2025-02-21T18:30:00+05:30,2025-02-21T13:15:00Z,2025-02-21T18:45:00+05:30,1,00:15:00,1,00:15:00,100.0,100.0,2025-02-21,0.51652956,295.116,46.62202,0.52987695,-0.39669523,98910.18,0.3,11.64,4.95,6.39,47.57,29.73,72.63,25.32,23.98,2025-02-21
,,12237012,False,102,,raw,00:15:00,2025-02-21T13:15:00Z,2025-02-21T18:45:00+05:30,2025-02-21T13:30:00Z,2025-02-21T19:00:00+05:30,1,00:15:00,1,00:15:00,100.0,100.0,2025-02-21,0.51652956,295.116,46.62202,0.52987695,-0.39669523,98910.18,0.31,11.24,4.63,6.18,51.34,32.09,73.51,25.17,23.79,2025-02-21
,,12237012,False,102,,raw,00:15:00,2025-02-21T13:30:00Z,2025-02-21T19:00:00+05:30,2025-02-21T13:45:00Z,2025-02-21T19:15:00+05:30,1,00:15:00,1,00:15:00,100.0,100.0,2025-02-21,0.51652956,295.116,46.62202,0.52987695,-0.39669523,98910.18,0.34,11.49,5.17,6.66,52.75,32.97,73.85,25.12,23.57,2025-02-21
,,12237012,False,102,,raw,00:15:00,2025-02-21T13:45:00Z,2025-02-21T19:15:00+05:30,2025-02-21T14:00:00Z,2025-02-21T19:30:00+05:30,1,00:15:00,1,00:15:00,100.0,100.0,2025-02-21,0.51652956,295.116,46.62202,0.52987695,-0.39669523,98910.18,0.37,11.61,4.65,3.66,52.75,32.97,74.63,25.14,23.27,2025-02-21
,,12237012,False,102,,raw,00:15:00,2025-02-21T14:00:00Z,2025-02-21T19:30:00+05:30,2025-02-21T14:15:00Z,2025-02-21T19:45:00+05:30,1,00:15:00,1,00:15:00,100.0,100.0,2025-02-21,0.51652956,295.116,46.62202,0.52987695,-0.39669523,98910.18,0.44,11.43,4.93,1.5,52.75,32.97,75.62,25.38,22.86,2025-02-21
,,12237012,False,102,,raw,00:15:00,2025-02-21T14:15:00Z,2025-02-21T19:45:00+05:30,2025-02-21T14:30:00Z,2025-02-21T20:00:00+05:30,1,00:15:00,1,00:15:00,100.0,100.0,2025-02-21,0.51652956,295.116,46.62202,0.52987695,-0.39669523,98910.18,0.49,11.74,4.7,0.54,67.62,42.26,76.89,25.38,22.44,2025-02-21
,,12237012,False,102,,raw,00:15:00,2025-02-21T14:30:00Z,2025-02-21T20:00:00+05:30,2025-02-21T14:45:00Z,2025-02-21T20:15:00+05:30,1,00:15:00,1,00:15:00,100.0,100.0,2025-02-21,0.51652956,295.116,46.62202,0.52987695,-0.39669523,98910.18,0.59,11.6,4.69,0.51,73.2,45.75,78.06,25.84,22.01,2025-02-21
,,12237012,False,102,,raw,00:15:00,2025-02-21T14:45:00Z,2025-02-21T20:15:00+05:30,2025-02-21T15:00:00Z,2025-02-21T20:30:00+05:30,1,00:15:00,1,00:15:00,100.0,100.0,2025-02-21,0.51652956,295.116,46.62202,0.52987695,-0.39669523,98910.18,0.71,11.63,4.76,0.43,73.2,45.75,79.5,27.07,21.72,2025-02-21
,,12237012,False,102,,raw,00:15:00,2025-02-21T15:00:00Z,2025-02-21T20:30:00+05:30,2025-02-21T15:15:00Z,2025-02-21T20:45:00+05:30,1,00:15:00,1,00:15:00,100.0,100.0,2025-02-21,0.51652956,295.116,46.62202,0.52987695,-0.39669523,98910.18,0.78,11.35,5.06,0.19,73.2,45.75,79.96,26.86,21.45,2025-02-21
,,12237012,False,102,,raw,00:15:00,2025-02-21T15:15:00Z,2025-02-21T20:45:00+05:30,2025-02-21T15:30:00Z,2025-02-21T21:00:00+05:30,1,00:15:00,1,00:15:00,100.0,100.0,2025-02-21,0.51652956,295.116,46.62202,0.52987695,-0.39669523,98910.18,0.82,11.34,4.84,0.35,84.76,52.97,81.0,26.44,21.17,2025-02-21
,,12237012,False,102,,raw,00:15:00,2025-02-21T15:30:00Z,2025-02-21T21:00:00+05:30,2025-02-21T15:45:00Z,2025-02-21T21:15:00+05:30,1,00:15:00,1,00:15:00,100.0,100.0,2025-02-21,0.51652956,295.116,46.62202,0.52987695,-0.39669523,98910.18,0.87,11.69,4.57,0.54,89.09,55.68,81.36,26.96,20.98,2025-02-21
,,12237012,False,102,,raw,00:15:00,2025-02-21T15:45:00Z,2025-02-21T21:15:00+05:30,2025-02-21T16:00:00Z,2025-02-21T21:30:00+05:30,1,00:15:00,1,00:15:00,100.0,100.0,2025-02-21,0.51652956,295.116,46.62202,0.52987695,-0.39669523,98910.18,0.92,11.51,4.85,0.49,89.09,55.68,81.74,26.83,20.76,2025-02-21
,,12237012,False,102,,raw,00:15:00,2025-02-21T16:00:00Z,2025-02-21T21:30:00+05:30,2025-02-21T16:15:00Z,2025-02-21T21:45:00+05:30,1,00:15:00,1,00:15:00,100.0,100.0,2025-02-21,0.51652956,295.116,46.62202,0.52987695,-0.39669523,98910.18,0.95,11.62,4.71,0.49,89.09,55.68,82.05,26.52,20.69,2025-02-21
,,12237012,False,102,,raw,00:15:00,2025-02-21T16:15:00Z,2025-02-21T21:45:00+05:30,2025-02-21T16:30:00Z,2025-02-21T22:00:00+05:30,1,00:15:00,1,00:15:00,100.0,100.0,2025-02-21,0.51652956,295.116,46.62202,0.52987695,-0.39669523,98910.18,0.98,11.51,4.6,0.79,104.33,65.21,82.35,26.45,20.93,2025-02-21
,,12237012,False,102,,raw,00:15:00,2025-02-21T16:30:00Z,2025-02-21T22:00:00+05:30,2025-02-21T16:45:00Z,2025-02-21T22:15:00+05:30,1,00:15:00,1,00:15:00,100.0,100.0,2025-02-21,0.51652956,295.116,46.62202,0.52987695,-0.39669523,98910.18,0.97,11.49,4.93,0.64,108.14,67.59,77.92,26.19,21.77,2025-02-21
,,12237012,False,102,,raw,00:15:00,2025-02-21T16:45:00Z,2025-02-21T22:15:00+05:30,2025-02-21T17:00:00Z,2025-02-21T22:30:00+05:30,1,00:15:00,1,00:15:00,100.0,100.0,2025-02-21,0.51652956,295.116,46.62202,0.52987695,-0.39669523,98910.18,0.94,11.37,4.8,0.6,108.14,67.59,67.94,26.11,22.43,2025-02-21
,,12237012,False,102,,raw,00:15:00,2025-02-21T17:00:00Z,2025-02-21T22:30:00+05:30,2025-02-21T17:15:00Z,2025-02-21T22:45:00+05:30,1,00:15:00,1,00:15:00,100.0,100.0,2025-02-21,0.51652956,295.116,46.62202,0.52987695,-0.39669523,98910.18,0.9,11.52,4.98,0.72,108.14,67.59,60.79,25.74,22.28,2025-02-21
,,12237012,False,102,,raw,00:15:00,2025-02-21T17:30:00Z,2025-02-21T23:00:00+05:30,2025-02-21T17:45:00Z,2025-02-21T23:15:00+05:30,1,00:15:00,1,00:15:00,100.0,100.0,2025-02-21,0.51652956,295.116,46.62202,0.52987695,-0.39669523,98910.18,0.79,11.46,5.06,0.56,52.66,32.91,57.55,26.26,22.07,2025-02-21
,,12237012,False,102,,raw,00:15:00,2025-02-21T17:45:00Z,2025-02-21T23:15:00+05:30,2025-02-21T18:00:00Z,2025-02-21T23:30:00+05:30,1,00:15:00,1,00:15:00,100.0,100.0,2025-02-21,0.51652956,295.116,46.62202,0.52987695,-0.39669523,98910.18,0.73,11.47,5.15,0.6,52.66,32.91,61.97,26.6,21.41,2025-02-21
,,12237012,False,102,,raw,00:15:00,2025-02-21T19:00:00Z,2025-02-22T00:30:00+05:30,2025-02-21T19:15:00Z,2025-02-22T00:45:00+05:30,1,00:15:00,1,00:15:00,100.0,100.0,2025-02-21,0.51652956,295.116,46.62202,0.52987695,-0.39669523,98910.18,0.54,11.67,4.8,1.15,36.77,22.98,69.51,24.99,19.85,2025-02-21
,,12237012,False,102,,raw,00:15:00,2025-02-21T19:15:00Z,2025-02-22T00:45:00+05:30,2025-02-21T19:30:00Z,2025-02-22T01:00:00+05:30,1,00:15:00,1,00:15:00,100.0,100.0,2025-02-21,0.51652956,295.116,46.62202,0.52987695,-0.39669523,98910.18,0.51,11.54,4.93,1.25,36.56,22.85,70.07,24.81,19.59,2025-02-21
,,12237012,False,102,,raw,00:15:00,2025-02-21T19:30:00Z,2025-02-22T01:00:00+05:30,2025-02-21T19:45:00Z,2025-02-22T01:15:00+05:30,1,00:15:00,1,00:15:00,100.0,100.0,2025-02-21,0.51652956,295.116,46.62202,0.52987695,-0.39669523,98910.18,0.49,11.48,4.85,1.42,36.48,22.8,70.96,25.07,19.41,2025-02-21
,,12237012,False,102,,raw,00:15:00,2025-02-21T19:45:00Z,2025-02-22T01:15:00+05:30,2025-02-21T20:00:00Z,2025-02-22T01:30:00+05:30,1,00:15:00,1,00:15:00,100.0,100.0,2025-02-21,0.51652956,295.116,46.62202,0.52987695,-0.39669523,98910.18,0.47,11.56,4.8,1.5,36.48,22.8,71.61,24.83,19.2,2025-02-21
,,12237012,False,102,,raw,00:15:00,2025-02-21T20:00:00Z,2025-02-22T01:30:00+05:30,2025-02-21T20:15:00Z,2025-02-22T01:45:00+05:30,1,00:15:00,1,00:15:00,100.0,100.0,2025-02-21,0.51652956,295.116,46.62202,0.52987695,-0.39669523,98910.18,0.46,11.74,4.98,1.83,36.48,22.8,71.16,24.81,19.02,2025-02-21
,,12237012,False,102,,raw,00:15:00,2025-02-21T20:15:00Z,2025-02-22T01:45:00+05:30,2025-02-21T20:30:00Z,2025-02-22T02:00:00+05:30,1,00:15:00,1,00:15:00,100.0,100.0,2025-02-21,0.51652956,295.116,46.62202,0.52987695,-0.39669523,98910.18,0.44,11.64,5.08,2.28,40.74,25.46,71.31,25.14,18.86,2025-02-21
,,12237012,False,102,,raw,00:15:00,2025-02-21T20:30:00Z,2025-02-22T02:00:00+05:30,2025-02-21T20:45:00Z,2025-02-22T02:15:00+05:30,1,00:15:00,1,00:15:00,100.0,100.0,2025-02-21,0.51652956,295.116,46.62202,0.52987695,-0.39669523,98910.18,0.43,11.49,5.25,2.61,42.34,26.46,72.18,25.43,18.68,2025-02-21
,,12237012,False,102,,raw,00:15:00,2025-02-21T20:45:00Z,2025-02-22T02:15:00+05:30,2025-02-21T21:00:00Z,2025-02-22T02:30:00+05:30,1,00:15:00,1,00:15:00,100.0,100.0,2025-02-21,0.51652956,295.116,46.62202,0.52987695,-0.39669523,98910.18,0.41,11.99,4.67,2.89,42.34,26.46,72.87,25.66,18.52,2025-02-21
,,12237012,False,102,,raw,00:15:00,2025-02-21T21:00:00Z,2025-02-22T02:30:00+05:30,2025-02-21T21:15:00Z,2025-02-22T02:45:00+05:30,1,00:15:00,1,00:15:00,100.0,100.0,2025-02-21,0.51652956,295.116,46.62202,0.52987695,-0.39669523,98910.18,0.4,11.67,4.78,3.15,42.34,26.46,73.72,25.85,18.23,2025-02-21
,,12237012,False,102,,raw,00:15:00,2025-02-21T21:15:00Z,2025-02-22T02:45:00+05:30,2025-02-21T21:30:00Z,2025-02-22T03:00:00+05:30,1,00:15:00,1,00:15:00,100.0,100.0,2025-02-21,0.51652956,295.116,46.62202,0.52987695,-0.39669523,98910.18,0.38,11.61,4.8,2.79,42.09,26.31,74.39,25.35,18.02,2025-02-21
,,12237012,False,102,,raw,00:15:00,2025-02-21T21:30:00Z,2025-02-22T03:00:00+05:30,2025-02-21T21:45:00Z,2025-02-22T03:15:00+05:30,1,00:15:00,1,00:15:00,100.0,100.0,2025-02-21,0.51652956,295.116,46.62202,0.52987695,-0.39669523,98910.18,0.36,11.29,5.23,2.75,42.0,26.25,75.13,24.83,17.81,2025-02-21
,,12237012,False,102,,raw,00:15:00,2025-02-21T21:45:00Z,2025-02-22T03:15:00+05:30,2025-02-21T22:00:00Z,2025-02-22T03:30:00+05:30,1,00:15:00,1,00:15:00,100.0,100.0,2025-02-21,0.51652956,295.116,46.62202,0.52987695,-0.39669523,98910.18,0.35,11.8,4.89,2.79,42.0,26.25,75.8,24.75,17.62,2025-02-21
,,12237012,False,102,,raw,00:15:00,2025-02-21T22:00:00Z,2025-02-22T03:30:00+05:30,2025-02-21T22:15:00Z,2025-02-22T03:45:00+05:30,1,00:15:00,1,00:15:00,100.0,100.0,2025-02-21,0.51652956,295.116,46.62202,0.52987695,-0.39669523,98910.18,0.34,11.76,4.8,2.63,42.0,26.25,76.41,24.83,17.47,2025-02-21
,,12237012,False,102,,raw,00:15:00,2025-02-21T22:15:00Z,2025-02-22T03:45:00+05:30,2025-02-21T22:30:00Z,2025-02-22T04:00:00+05:30,1,00:15:00,1,00:15:00,100.0,100.0,2025-02-21,0.51652956,295.116,46.62202,0.52987695,-0.39669523,98910.18,0.34,11.74,4.58,2.55,44.13,27.58,76.82,24.81,17.37,2025-02-21
,,12237012,False,102,,raw,00:15:00,2025-02-21T22:30:00Z,2025-02-22T04:00:00+05:30,2025-02-21T22:45:00Z,2025-02-22T04:15:00+05:30,1,00:15:00,1,00:15:00,100.0,100.0,2025-02-21,0.51652956,295.116,46.62202,0.52987695,-0.39669523,98910.18,0.33,11.57,4.98,2.65,44.93,28.08,77.03,24.99,17.28,2025-02-21
,,12237012,False,102,,raw,00:15:00,2025-02-21T22:45:00Z,2025-02-22T04:15:00+05:30,2025-02-21T23:00:00Z,2025-02-22T04:30:00+05:30,1,00:15:00,1,00:15:00,100.0,100.0,2025-02-21,0.51652956,295.116,46.62202,0.52987695,-0.39669523,98910.18,0.32,11.76,4.69,2.61,44.93,28.08,77.59,24.49,17.16,2025-02-21
,,12237012,False,102,,raw,00:15:00,2025-02-21T23:00:00Z,2025-02-22T04:30:00+05:30,2025-02-21T23:15:00Z,2025-02-22T04:45:00+05:30,1,00:15:00,1,00:15:00,100.0,100.0,2025-02-21,0.51652956,295.116,46.62202,0.52987695,-0.39669523,98910.18,0.31,11.38,4.81,2.94,44.93,28.08,77.73,24.81,16.92,2025-02-21
,,12237012,False,102,,raw,00:15:00,2025-02-21T23:15:00Z,2025-02-22T04:45:00+05:30,2025-02-21T23:30:00Z,2025-02-22T05:00:00+05:30,1,00:15:00,1,00:15:00,100.0,100.0,2025-02-21,0.51652956,295.116,46.62202,0.52987695,-0.39669523,98910.18,0.3,11.47,4.97,3.51,44.62,27.88,78.51,24.94,16.71,2025-02-21
,,12237012,False,102,,raw,00:15:00,2025-02-21T23:30:00Z,2025-02-22T05:00:00+05:30,2025-02-21T23:45:00Z,2025-02-22T05:15:00+05:30,1,00:15:00,1,00:15:00,100.0,100.0,2025-02-21,0.51652956,295.116,46.62202,0.52987695,-0.39669523,98910.18,0.3,11.77,4.8,3.99,44.5,27.81,78.68,25.32,16.67,2025-02-21
,,12237012,False,102,,raw,00:15:00,2025-02-21T23:45:00Z,2025-02-22T05:15:00+05:30,2025-02-22T00:00:00Z,2025-02-22T05:30:00+05:30,1,00:15:00,1,00:15:00,100.0,100.0,2025-02-22,0.5179985,293.50418,39.304157,1.2406906,-1.2408894,99068.01,0.3,11.33,4.87,4.21,44.5,27.81,78.75,25.4,16.59,2025-02-22
,,12237012,False,102,,raw,00:15:00,2025-02-22T00:00:00Z,2025-02-22T05:30:00+05:30,2025-02-22T00:15:00Z,2025-02-22T05:45:00+05:30,1,00:15:00,1,00:15:00,100.0,100.0,2025-02-22,0.5179985,293.50418,39.304157,1.2406906,-1.2408894,99068.01,0.29,11.34,5.1,4.73,44.5,27.81,78.88,25.61,16.49,2025-02-22
,,12237012,False,102,,raw,00:15:00,2025-02-22T00:15:00Z,2025-02-22T05:45:00+05:30,2025-02-22T00:30:00Z,2025-02-22T06:00:00+05:30,1,00:15:00,1,00:15:00,100.0,100.0,2025-02-22,0.5179985,293.50418,39.304157,1.2406906,-1.2408894,99068.01,0.28,11.6,4.84,4.07,42.16,26.35,79.26,25.35,16.36,2025-02-22
,,12237012,False,102,,raw,00:15:00,2025-02-22T00:30:00Z,2025-02-22T06:00:00+05:30,2025-02-22T00:45:00Z,2025-02-22T06:15:00+05:30,1,00:15:00,1,00:15:00,100.0,100.0,2025-02-22,0.5179985,293.50418,39.304157,1.2406906,-1.2408894,99068.01,0.28,11.77,4.63,3.82,41.28,25.8,79.63,24.83,16.28,2025-02-22
,,12237012,False,102,,raw,00:15:00,2025-02-22T00:45:00Z,2025-02-22T06:15:00+05:30,2025-02-22T01:00:00Z,2025-02-22T06:30:00+05:30,1,00:15:00,1,00:15:00,100.0,100.0,2025-02-22,0.5179985,293.50418,39.304157,1.2406906,-1.2408894,99068.01,0.26,11.55,5.13,3.66,41.28,25.8,80.03,25.01,16.18,2025-02-22
,,12237012,False,102,,raw,00:15:00,2025-02-22T01:00:00Z,2025-02-22T06:30:00+05:30,2025-02-22T01:15:00Z,2025-02-22T06:45:00+05:30,1,00:15:00,1,00:15:00,100.0,100.0,2025-02-22,0.5179985,293.50418,39.304157,1.2406906,-1.2408894,99068.01,0.26,11.45,4.86,3.45,41.28,25.8,80.36,24.65,16.15,2025-02-22
,,12237012,False,102,,raw,00:15:00,2025-02-22T01:15:00Z,2025-02-22T06:45:00+05:30,2025-02-22T01:30:00Z,2025-02-22T07:00:00+05:30,1,00:15:00,1,00:15:00,100.0,100.0,2025-02-22,0.5179985,293.50418,39.304157,1.2406906,-1.2408894,99068.01,0.26,11.49,4.72,3.68,43.13,26.96,80.55,24.91,16.33,2025-02-22
,,12237012,False,102,,raw,00:15:00,2025-02-22T01:30:00Z,2025-02-22T07:00:00+05:30,2025-02-22T01:45:00Z,2025-02-22T07:15:00+05:30,1,00:15:00,1,00:15:00,100.0,100.0,2025-02-22,0.5179985,293.50418,39.304157,1.2406906,-1.2408894,99068.01,0.27,11.58,5.15,4.21,43.82,27.39,79.5,25.4,16.77,2025-02-22
,,12237012,False,102,,raw,00:15:00,2025-02-22T01:45:00Z,2025-02-22T07:15:00+05:30,2025-02-22T02:00:00Z,2025-02-22T07:30:00+05:30,1,00:15:00,1,00:15:00,100.0,100.0,2025-02-22,0.5179985,293.50418,39.304157,1.2406906,-1.2408894,99068.01,0.28,11.22,5.21,4.5,43.82,27.39,77.4,25.38,17.34,2025-02-22
,,12237012,False,102,,raw,00:15:00,2025-02-22T02:00:00Z,2025-02-22T07:30:00+05:30,2025-02-22T02:15:00Z,2025-02-22T07:45:00+05:30,1,00:15:00,1,00:15:00,100.0,100.0,2025-02-22,0.5179985,293.50418,39.304157,1.2406906,-1.2408894,99068.01,0.28,11.45,5.02,4.54,43.82,27.39,74.82,26.13,18.26,2025-02-22
,,12237012,False,102,,raw,00:15:00,2025-02-22T02:15:00Z,2025-02-22T07:45:00+05:30,2025-02-22T02:30:00Z,2025-02-22T08:00:00+05:30,1,00:15:00,1,00:15:00,100.0,100.0,2025-02-22,0.5179985,293.50418,39.304157,1.2406906,-1.2408894,99068.01,0.28,11.62,4.82,4.75,46.86,29.29,71.99,26.54,19.15,2025-02-22
,,12237012,False,102,,raw,00:15:00,2025-02-22T02:30:00Z,2025-02-22T08:00:00+05:30,2025-02-22T02:45:00Z,2025-02-22T08:15:00+05:30,1,00:15:00,1,00:15:00,100.0,100.0,2025-02-22,0.5179985,293.50418,39.304157,1.2406906,-1.2408894,99068.01,0.28,11.51,4.93,5.08,48.0,30.0,69.47,27.22,20.19,2025-02-22
,,12237012,False,102,,raw,00:15:00,2025-02-22T02:45:00Z,2025-02-22T08:15:00+05:30,2025-02-22T03:00:00Z,2025-02-22T08:30:00+05:30,1,00:15:00,1,00:15:00,100.0,100.0,2025-02-22,0.5179985,293.50418,39.304157,1.2406906,-1.2408894,99068.01,0.28,11.6,4.97,5.57,48.0,30.0,66.41,27.85,21.13,2025-02-22
,,12237012,False,102,,raw,00:15:00,2025-02-22T03:00:00Z,2025-02-22T08:30:00+05:30,2025-02-22T03:15:00Z,2025-02-22T08:45:00+05:30,1,00:15:00,1,00:15:00,100.0,100.0,2025-02-22,0.5179985,293.50418,39.304157,1.2406906,-1.2408894,99068.01,0.28,11.46,4.99,5.98,48.0,30.0,62.78,28.13,22.17,2025-02-22
,,12237012,False,102,,raw,00:15:00,2025-02-22T03:15:00Z,2025-02-22T08:45:00+05:30,2025-02-22T03:30:00Z,2025-02-22T09:00:00+05:30,1,00:15:00,1,00:15:00,100.0,100.0,2025-02-22,0.5179985,293.50418,39.304157,1.2406906,-1.2408894,99068.01,0.28,11.59,4.84,5.48,43.11,26.95,60.28,27.38,22.9,2025-02-22
,,12237012,False,102,,raw,00:15:00,2025-02-22T03:30:00Z,2025-02-22T09:00:00+05:30,2025-02-22T03:45:00Z,2025-02-22T09:15:00+05:30,1,00:15:00,1,00:15:00,100.0,100.0,2025-02-22,0.5179985,293.50418,39.304157,1.2406906,-1.2408894,99068.01,0.28,11.29,5.23,6.12,41.28,25.8,58.7,27.53,23.61,2025-02-22
,,12237012,False,102,,raw,00:15:00,2025-02-22T03:45:00Z,2025-02-22T09:15:00+05:30,2025-02-22T04:00:00Z,2025-02-22T09:30:00+05:30,1,00:15:00,1,00:15:00,100.0,100.0,2025-02-22,0.5179985,293.50418,39.304157,1.2406906,-1.2408894,99068.01,0.26,11.36,4.81,6.82,41.28,25.8,58.18,28.08,23.84,2025-02-22
,,12237012,False,102,,raw,00:15:00,2025-02-22T04:00:00Z,2025-02-22T09:30:00+05:30,2025-02-22T04:15:00Z,2025-02-22T09:45:00+05:30,1,00:15:00,1,00:15:00,100.0,100.0,2025-02-22,0.5179985,293.50418,39.304157,1.2406906,-1.2408894,99068.01,0.26,11.26,5.06,7.03,41.28,25.8,55.6,28.84,24.69,2025-02-22
,,12237012,False,102,,raw,00:15:00,2025-02-22T04:15:00Z,2025-02-22T09:45:00+05:30,2025-02-22T04:30:00Z,2025-02-22T10:00:00+05:30,1,00:15:00,1,00:15:00,100.0,100.0,2025-02-22,0.5179985,293.50418,39.304157,1.2406906,-1.2408894,99068.01,0.27,11.34,4.97,6.0,38.63,24.14,52.4,27.04,25.37,2025-02-22
,,12237012,False,102,,raw,00:15:00,2025-02-22T04:30:00Z,2025-02-22T10:00:00+05:30,2025-02-22T04:45:00Z,2025-02-22T10:15:00+05:30,1,00:15:00,1,00:15:00,100.0,100.0,2025-02-22,0.5179985,293.50418,39.304157,1.2406906,-1.2408894,99068.01,0.24,11.6,4.85,5.45,37.63,23.52,50.8,26.36,25.71,2025-02-22
,,12237012,False,102,,raw,00:15:00,2025-02-22T04:45:00Z,2025-02-22T10:15:00+05:30,2025-02-22T05:00:00Z,2025-02-22T10:30:00+05:30,1,00:15:00,1,00:15:00,100.0,100.0,2025-02-22,0.5179985,293.50418,39.304157,1.2406906,-1.2408894,99068.01,0.24,11.43,5.15,5.42,37.63,23.52,47.84,25.72,26.5,2025-02-22
,,12237012,False,102,,raw,00:15:00,2025-02-22T05:00:00Z,2025-02-22T10:30:00+05:30,2025-02-22T05:15:00Z,2025-02-22T10:45:00+05:30,1,00:15:00,1,00:15:00,100.0,100.0,2025-02-22,0.5179985,293.50418,39.304157,1.2406906,-1.2408894,99068.01,0.24,11.5,5.08,5.24,37.63,23.52,47.11,25.66,26.81,2025-02-22
,,12237012,False,102,,raw,00:15:00,2025-02-22T05:15:00Z,2025-02-22T10:45:00+05:30,2025-02-22T05:30:00Z,2025-02-22T11:00:00+05:30,1,00:15:00,1,00:15:00,100.0,100.0,2025-02-22,0.5179985,293.50418,39.304157,1.2406906,-1.2408894,99068.01,0.24,11.58,4.72,5.53,34.98,21.86,40.63,25.84,27.59,2025-02-22
,,12237012,False,102,,raw,00:15:00,2025-02-22T05:30:00Z,2025-02-22T11:00:00+05:30,2025-02-22T05:45:00Z,2025-02-22T11:15:00+05:30,1,00:15:00,1,00:15:00,100.0,100.0,2025-02-22,0.5179985,293.50418,39.304157,1.2406906,-1.2408894,99068.01,0.24,11.29,5.17,6.14,33.98,21.24,36.74,25.95,28.15,2025-02-22
,,12237012,False,102,,raw,00:15:00,2025-02-22T05:45:00Z,2025-02-22T11:15:00+05:30,2025-02-22T06:00:00Z,2025-02-22T11:30:00+05:30,1,00:15:00,1,00:15:00,100.0,100.0,2025-02-22,0.5179985,293.50418,39.304157,1.2406906,-1.2408894,99068.01,0.25,11.57,4.65,6.43,33.98,21.24,36.77,26.6,27.39,2025-02-22
,,12237012,False,102,,raw,00:15:00,2025-02-22T06:00:00Z,2025-02-22T11:30:00+05:30,2025-02-22T06:15:00Z,2025-02-22T11:45:00+05:30,1,00:15:00,1,00:15:00,100.0,100.0,2025-02-22,0.5179985,293.50418,39.304157,1.2406906,-1.2408894,99068.01,0.24,11.55,5.34,6.43,33.98,21.24,34.98,27.72,27.8,2025-02-22
,,12237012,False,102,,raw,00:15:00,2025-02-22T06:15:00Z,2025-02-22T11:45:00+05:30,2025-02-22T06:30:00Z,2025-02-22T12:00:00+05:30,1,00:15:00,1,00:15:00,100.0,100.0,2025-02-22,0.5179985,293.50418,39.304157,1.2406906,-1.2408894,99068.01,0.23,11.57,4.91,5.65,26.58,16.61,33.7,26.18,27.84,2025-02-22
,,12237012,False,102,,raw,00:15:00,2025-02-22T06:30:00Z,2025-02-22T12:00:00+05:30,2025-02-22T06:45:00Z,2025-02-22T12:15:00+05:30,1,00:15:00,1,00:15:00,100.0,100.0,2025-02-22,0.5179985,293.50418,39.304157,1.2406906,-1.2408894,99068.01,0.21,11.61,4.76,5.08,23.81,14.88,31.38,25.77,28.44,2025-02-22
,,12237012,False,102,,raw,00:15:00,2025-02-22T06:45:00Z,2025-02-22T12:15:00+05:30,2025-02-22T07:00:00Z,2025-02-22T12:30:00+05:30,1,00:15:00,1,00:15:00,100.0,100.0,2025-02-22,0.5179985,293.50418,39.304157,1.2406906,-1.2408894,99068.01,0.21,11.61,4.52,5.2,23.81,14.88,31.89,25.43,27.79,2025-02-22
,,12237012,False,102,,raw,00:15:00,2025-02-22T07:00:00Z,2025-02-22T12:30:00+05:30,2025-02-22T07:15:00Z,2025-02-22T12:45:00+05:30,1,00:15:00,1,00:15:00,100.0,100.0,2025-02-22,0.5179985,293.50418,39.304157,1.2406906,-1.2408894,99068.01,0.2,11.69,5.0,5.34,23.81,14.88,32.84,24.88,27.3,2025-02-22
,,12237012,False,102,,raw,00:15:00,2025-02-22T07:15:00Z,2025-02-22T12:45:00+05:30,2025-02-22T07:30:00Z,2025-02-22T13:00:00+05:30,1,00:15:00,1,00:15:00,100.0,100.0,2025-02-22,0.5179985,293.50418,39.304157,1.2406906,-1.2408894,99068.01,0.2,11.44,5.08,4.99,21.16,13.22,32.36,24.81,28.38,2025-02-22
,,12237012,False,102,,raw,00:15:00,2025-02-22T07:30:00Z,2025-02-22T13:00:00+05:30,2025-02-22T07:45:00Z,2025-02-22T13:15:00+05:30,1,00:15:00,1,00:15:00,100.0,100.0,2025-02-22,0.5179985,293.50418,39.304157,1.2406906,-1.2408894,99068.01,0.2,11.63,5.17,5.03,20.16,12.6,32.3,24.42,28.47,2025-02-22
,,12237012,False,102,,raw,00:15:00,2025-02-22T07:45:00Z,2025-02-22T13:15:00+05:30,2025-02-22T08:00:00Z,2025-02-22T13:30:00+05:30,1,00:15:00,1,00:15:00,100.0,100.0,2025-02-22,0.5179985,293.50418,39.304157,1.2406906,-1.2408894,99068.01,0.2,11.56,5.02,5.47,20.16,12.6,28.94,24.39,29.73,2025-02-22
,,12237012,False,102,,raw,00:15:00,2025-02-22T08:00:00Z,2025-02-22T13:30:00+05:30,2025-02-22T08:15:00Z,2025-02-22T13:45:00+05:30,1,00:15:00,1,00:15:00,100.0,100.0,2025-02-22,0.5179985,293.50418,39.304157,1.2406906,-1.2408894,99068.01,0.19,11.41,5.11,5.75,20.16,12.6,28.47,24.65,30.56,2025-02-22
,,12237012,False,102,,raw,00:15:00,2025-02-22T08:15:00Z,2025-02-22T13:45:00+05:30,2025-02-22T08:30:00Z,2025-02-22T14:00:00+05:30,1,00:15:00,1,00:15:00,100.0,100.0,2025-02-22,0.5179985,293.50418,39.304157,1.2406906,-1.2408894,99068.01,0.19,11.39,5.13,6.02,16.25,9.85,29.62,25.35,29.97,2025-02-22
,,12237012,False,102,,raw,00:15:00,2025-02-22T08:30:00Z,2025-02-22T14:00:00+05:30,2025-02-22T08:45:00Z,2025-02-22T14:15:00+05:30,1,00:15:00,1,00:15:00,100.0,100.0,2025-02-22,0.5179985,293.50418,39.304157,1.2406906,-1.2408894,99068.01,0.2,11.62,4.8,6.84,14.78,9.24,29.78,25.79,29.66,2025-02-22
,,12237012,False,102,,raw,00:15:00,2025-02-22T08:45:00Z,2025-02-22T14:15:00+05:30,2025-02-22T09:00:00Z,2025-02-22T14:30:00+05:30,1,00:15:00,1,00:15:00,100.0,100.0,2025-02-22,0.5179985,293.50418,39.304157,1.2406906,-1.2408894,99068.01,0.2,11.37,5.17,7.25,14.78,9.24,28.27,26.57,28.92,2025-02-22
,,12237012,False,102,,raw,00:15:00,2025-02-22T09:00:00Z,2025-02-22T14:30:00+05:30,2025-02-22T09:15:00Z,2025-02-22T14:45:00+05:30,1,00:15:00,1,00:15:00,100.0,100.0,2025-02-22,0.5179985,293.50418,39.304157,1.2406906,-1.2408894,99068.01,0.2,11.73,4.78,7.6,14.78,9.24,27.81,27.33,29.17,2025-02-22
,,12237012,False,102,,raw,00:15:00,2025-02-22T09:15:00Z,2025-02-22T14:45:00+05:30,2025-02-22T09:30:00Z,2025-02-22T15:00:00+05:30,1,00:15:00,1,00:15:00,100.0,100.0,2025-02-22,0.5179985,293.50418,39.304157,1.2406906,-1.2408894,99068.01,0.19,11.65,4.91,6.31,15.2,9.5,28.28,26.26,29.16,2025-02-22
,,12237012,False,102,,raw,00:15:00,2025-02-22T09:30:00Z,2025-02-22T15:00:00+05:30,2025-02-22T09:45:00Z,2025-02-22T15:15:00+05:30,1,00:15:00,1,00:15:00,100.0,100.0,2025-02-22,0.5179985,293.50418,39.304157,1.2406906,-1.2408894,99068.01,0.18,11.65,4.87,5.96,15.36,9.6,27.74,25.87,29.51,2025-02-22
,,12237012,False,102,,raw,00:15:00,2025-02-22T09:45:00Z,2025-02-22T15:15:00+05:30,2025-02-22T10:00:00Z,2025-02-22T15:30:00+05:30,1,00:15:00,1,00:15:00,100.0,100.0,2025-02-22,0.5179985,293.50418,39.304157,1.2406906,-1.2408894,99068.01,0.18,11.49,5.19,5.81,15.36,9.6,28.13,25.27,29.38,2025-02-22
,,12237012,False,102,,raw,00:15:00,2025-02-22T10:00:00Z,2025-02-22T15:30:00+05:30,2025-02-22T10:15:00Z,2025-02-22T15:45:00+05:30,1,00:15:00,1,00:15:00,100.0,100.0,2025-02-22,0.5179985,293.50418,39.304157,1.2406906,-1.2408894,99068.01,0.17,11.45,4.98,5.65,15.36,9.6,27.29,25.06,30.2,2025-02-22
,,12237012,False,102,,raw,00:15:00,2025-02-22T10:15:00Z,2025-02-22T15:45:00+05:30,2025-02-22T10:30:00Z,2025-02-22T16:00:00+05:30,1,00:15:00,1,00:15:00,100.0,100.0,2025-02-22,0.5179985,293.50418,39.304157,1.2406906,-1.2408894,99068.01,0.17,11.57,4.91,5.57,17.38,10.87,28.86,24.73,30.01,2025-02-22
,,12237012,False,102,,raw,00:15:00,2025-02-22T10:30:00Z,2025-02-22T16:00:00+05:30,2025-02-22T10:45:00Z,2025-02-22T16:15:00+05:30,1,00:15:00,1,00:15:00,100.0,100.0,2025-02-22,0.5179985,293.50418,39.304157,1.2406906,-1.2408894,99068.01,0.17,11.51,4.97,5.42,18.14,11.34,31.3,24.62,29.64,2025-02-22
,,12237012,False,102,,raw,00:15:00,2025-02-22T10:45:00Z,2025-02-22T16:15:00+05:30,2025-02-22T11:00:00Z,2025-02-22T16:30:00+05:30,1,00:15:00,1,00:15:00,100.0,100.0,2025-02-22,0.5179985,293.50418,39.304157,1.2406906,-1.2408894,99068.01,0.17,11.39,5.08,5.85,18.14,11.34,35.29,24.65,28.08,2025-02-22
,,12237012,False,102,,raw,00:15:00,2025-02-22T11:00:00Z,2025-02-22T16:30:00+05:30,2025-02-22T11:15:00Z,2025-02-22T16:45:00+05:30,1,00:15:00,1,00:15:00,100.0,100.0,2025-02-22,0.5179985,293.50418,39.304157,1.2406906,-1.2408894,99068.01,0.16,11.29,5.4,5.83,18.14,11.34,38.14,24.36,27.64,2025-02-22
,,12237012,False,102,,raw,00:15:00,2025-02-22T11:15:00Z,2025-02-22T16:45:00+05:30,2025-02-22T11:30:00Z,2025-02-22T17:00:00+05:30,1,00:15:00,1,00:15:00,100.0,100.0,2025-02-22,0.5179985,293.50418,39.304157,1.2406906,-1.2408894,99068.01,0.16,11.38,5.23,5.69,17.27,10.79,39.75,25.17,26.94,2025-02-22
,,12237012,False,102,,raw,00:15:00,2025-02-22T11:30:00Z,2025-02-22T17:00:00+05:30,2025-02-22T11:45:00Z,2025-02-22T17:15:00+05:30,1,00:15:00,1,00:15:00,100.0,100.0,2025-02-22,0.5179985,293.50418,39.304157,1.2406906,-1.2408894,99068.01,0.18,11.39,5.19,5.94,16.94,10.59,40.49,25.4,26.46,2025-02-22
,,12237012,False,102,,raw,00:15:00,2025-02-22T11:45:00Z,2025-02-22T17:15:00+05:30,2025-02-22T12:00:00Z,2025-02-22T17:30:00+05:30,1,00:15:00,1,00:15:00,100.0,100.0,2025-02-22,0.5179985,293.50418,39.304157,1.2406906,-1.2408894,99068.01,0.18,11.29,5.02,6.04,16.94,10.59,42.67,26.05,26.02,2025-02-22
,,12237012,False,102,,raw,00:15:00,2025-02-22T12:00:00Z,2025-02-22T17:30:00+05:30,2025-02-22T12:15:00Z,2025-02-22T17:45:00+05:30,1,00:15:00,1,00:15:00,100.0,100.0,2025-02-22,0.5179985,293.50418,39.304157,1.2406906,-1.2408894,99068.01,0.19,11.52,4.65,5.47,16.94,10.59,45.11,27.02,24.99,2025-02-22
,,12237012,False,102,,raw,00:15:00,2025-02-22T12:15:00Z,2025-02-22T17:45:00+05:30,2025-02-22T12:30:00Z,2025-02-22T18:00:00+05:30,1,00:15:00,1,00:15:00,100.0,100.0,2025-02-22,0.5179985,293.50418,39.304157,1.2406906,-1.2408894,99068.01,0.19,11.44,4.89,4.38,20.08,12.55,48.26,25.98,23.94,2025-02-22
,,12237012,False,102,,raw,00:15:00,2025-02-22T12:45:00Z,2025-02-22T18:15:00+05:30,2025-02-22T13:00:00Z,2025-02-22T18:30:00+05:30,1,00:15:00,1,00:15:00,100.0,100.0,2025-02-22,0.5179985,293.50418,39.304157,1.2406906,-1.2408894,99068.01,0.27,11.63,5.12,2.08,21.26,13.29,53.99,25.38,22.19,2025-02-22
,,12237012,False,102,,raw,00:15:00,2025-02-22T13:00:00Z,2025-02-22T18:30:00+05:30,2025-02-22T13:15:00Z,2025-02-22T18:45:00+05:30,1,00:15:00,1,00:15:00,100.0,100.0,2025-02-22,0.5179985,293.50418,39.304157,1.2406906,-1.2408894,99068.01,0.32,11.34,5.25,2.36,21.26,13.29,55.44,25.3,21.61,2025-02-22
,,12237012,False,102,,raw,00:15:00,2025-02-22T13:15:00Z,2025-02-22T18:45:00+05:30,2025-02-22T13:30:00Z,2025-02-22T19:00:00+05:30,1,00:15:00,1,00:15:00,100.0,100.0,2025-02-22,0.5179985,293.50418,39.304157,1.2406906,-1.2408894,99068.01,0.45,11.6,5.13,0.82,36.77,22.98,58.41,24.99,21.02,2025-02-22
,,12237012,False,102,,raw,00:15:00,2025-02-22T13:30:00Z,2025-02-22T19:00:00+05:30,2025-02-22T13:45:00Z,2025-02-22T19:15:00+05:30,1,00:15:00,1,00:15:00,100.0,100.0,2025-02-22,0.5179985,293.50418,39.304157,1.2406906,-1.2408894,99068.01,0.41,11.58,4.74,0.72,42.58,26.61,59.62,24.96,20.62,2025-02-22
,,12237012,False,102,,raw,00:15:00,2025-02-22T13:45:00Z,2025-02-22T19:15:00+05:30,2025-02-22T14:00:00Z,2025-02-22T19:30:00+05:30,1,00:15:00,1,00:15:00,100.0,100.0,2025-02-22,0.5179985,293.50418,39.304157,1.2406906,-1.2408894,99068.01,0.52,11.38,4.93,0.72,42.58,26.61,60.47,25.17,20.17,2025-02-22
,,12237012,False,102,,raw,00:15:00,2025-02-22T14:00:00Z,2025-02-22T19:30:00+05:30,2025-02-22T14:15:00Z,2025-02-22T19:45:00+05:30,1,00:15:00,1,00:15:00,100.0,100.0,2025-02-22,0.5179985,293.50418,39.304157,1.2406906,-1.2408894,99068.01,0.57,11.49,5.17,0.7,42.58,26.61,62.19,25.07,19.83,2025-02-22
,,12237012,False,102,,raw,00:15:00,2025-02-22T14:15:00Z,2025-02-22T19:45:00+05:30,2025-02-22T14:30:00Z,2025-02-22T20:00:00+05:30,1,00:15:00,1,00:15:00,100.0,100.0,2025-02-22,0.5179985,293.50418,39.304157,1.2406906,-1.2408894,99068.01,0.61,11.6,4.48,0.52,69.77,43.61,62.67,26.05,19.54,2025-02-22
,,12237012,False,102,,raw,00:15:00,2025-02-22T14:30:00Z,2025-02-22T20:00:00+05:30,2025-02-22T14:45:00Z,2025-02-22T20:15:00+05:30,1,00:15:00,1,00:15:00,100.0,100.0,2025-02-22,0.5179985,293.50418,39.304157,1.2406906,-1.2408894,99068.01,0.68,11.49,4.93,0.41,79.97,49.98,65.08,26.13,19.3,2025-02-22
,,12237012,False,102,,raw,00:15:00,2025-02-22T14:45:00Z,2025-02-22T20:15:00+05:30,2025-02-22T15:00:00Z,2025-02-22T20:30:00+05:30,1,00:15:00,1,00:15:00,100.0,100.0,2025-02-22,0.5179985,293.50418,39.304157,1.2406906,-1.2408894,99068.01,0.72,11.39,5.04,0.43,79.97,49.98,65.76,26.88,19.14,2025-02-22
,,12237012,False,102,,raw,00:15:00,2025-02-22T15:00:00Z,2025-02-22T20:30:00+05:30,2025-02-22T15:15:00Z,2025-02-22T20:45:00+05:30,1,00:15:00,1,00:15:00,100.0,100.0,2025-02-22,0.5179985,293.50418,39.304157,1.2406906,-1.2408894,99068.01,0.75,11.41,4.97,0.21,79.97,49.98,66.56,28.03,18.82,2025-02-22
,,12237012,False,102,,raw,00:15:00,2025-02-22T15:15:00Z,2025-02-22T20:45:00+05:30,2025-02-22T15:30:00Z,2025-02-22T21:00:00+05:30,1,00:15:00,1,00:15:00,100.0,100.0,2025-02-22,0.5179985,293.50418,39.304157,1.2406906,-1.2408894,99068.01,0.75,11.71,4.44,0.29,61.92,38.7,67.58,26.62,18.46,2025-02-22
,,12237012,False,102,,raw,00:15:00,2025-02-22T15:30:00Z,2025-02-22T21:00:00+05:30,2025-02-22T15:45:00Z,2025-02-22T21:15:00+05:30,1,00:15:00,1,00:15:00,100.0,100.0,2025-02-22,0.5179985,293.50418,39.304157,1.2406906,-1.2408894,99068.01,0.77,11.57,4.98,0.6,55.15,34.47,67.53,26.62,18.5,2025-02-22
,,12237012,False,102,,raw,00:15:00,2025-02-22T15:45:00Z,2025-02-22T21:15:00+05:30,2025-02-22T16:00:00Z,2025-02-22T21:30:00+05:30,1,00:15:00,1,00:15:00,100.0,100.0,2025-02-22,0.5179985,293.50418,39.304157,1.2406906,-1.2408894,99068.01,0.77,11.62,5.13,0.68,55.15,34.47,68.05,26.31,18.27,2025-02-22
,,12237012,False,102,,raw,00:15:00,2025-02-22T16:00:00Z,2025-02-22T21:30:00+05:30,2025-02-22T16:15:00Z,2025-02-22T21:45:00+05:30,1,00:15:00,1,00:15:00,100.0,100.0,2025-02-22,0.5179985,293.50418,39.304157,1.2406906,-1.2408894,99068.01,0.77,11.61,4.44,0.55,55.15,34.47,68.67,26.08,18.25,2025-02-22
,,12237012,False,102,,raw,00:15:00,2025-02-22T16:15:00Z,2025-02-22T21:45:00+05:30,2025-02-22T16:30:00Z,2025-02-22T22:00:00+05:30,1,00:15:00,1,00:15:00,100.0,100.0,2025-02-22,0.5179985,293.50418,39.304157,1.2406906,-1.2408894,99068.01,0.76,11.31,5.1,0.62,55.92,35.01,68.53,25.9,18.38,2025-02-22
,,12237012,False,102,,raw,00:15:00,2025-02-22T16:30:00Z,2025-02-22T22:00:00+05:30,2025-02-22T16:45:00Z,2025-02-22T22:15:00+05:30,1,00:15:00,1,00:15:00,100.0,100.0,2025-02-22,0.5179985,293.50418,39.304157,1.2406906,-1.2408894,99068.01,0.76,11.59,5.06,0.56,56.21,35.13,68.78,25.72,18.19,2025-02-22
,,12237012,False,102,,raw,00:15:00,2025-02-22T16:45:00Z,2025-02-22T22:15:00+05:30,2025-02-22T17:00:00Z,2025-02-22T22:30:00+05:30,1,00:15:00,1,00:15:00,100.0,100.0,2025-02-22,0.5179985,293.50418,39.304157,1.2406906,-1.2408894,99068.01,0.76,11.67,4.78,0.56,56.21,35.13,69.5,26.06,17.93,2025-02-22
,,12237012,False,102,,raw,00:15:00,2025-02-22T17:00:00Z,2025-02-22T22:30:00+05:30,2025-02-22T17:15:00Z,2025-02-22T22:45:00+05:30,1,00:15:00,1,00:15:00,100.0,100.0,2025-02-22,0.5179985,293.50418,39.304157,1.2406906,-1.2408894,99068.01,0.74,11.5,4.89,0.64,56.21,35.13,70.05,25.87,17.77,2025-02-22
,,12237012,False,102,,raw,00:15:00,2025-02-22T17:15:00Z,2025-02-22T22:45:00+05:30,2025-02-22T17:30:00Z,2025-02-22T23:00:00+05:30,1,00:15:00,1,00:15:00,100.0,100.0,2025-02-22,0.5179985,293.50418,39.304157,1.2406906,-1.2408894,99068.01,0.71,11.62,4.8,0.66,44.58,27.86,70.84,26.5,17.5,2025-02-22
,,12237012,False,102,,raw,00:15:00,2025-02-22T17:30:00Z,2025-02-22T23:00:00+05:30,2025-02-22T17:45:00Z,2025-02-22T23:15:00+05:30,1,00:15:00,1,00:15:00,100.0,100.0,2025-02-22,0.5179985,293.50418,39.304157,1.2406906,-1.2408894,99068.01,0.7,11.26,5.21,0.54,40.22,25.14,71.48,26.59,17.26,2025-02-22
,,12237012,False,102,,raw,00:15:00,2025-02-22T17:45:00Z,2025-02-22T23:15:00+05:30,2025-02-22T18:00:00Z,2025-02-22T23:30:00+05:30,1,00:15:00,1,00:15:00,100.0,100.0,2025-02-22,0.5179985,293.50418,39.304157,1.2406906,-1.2408894,99068.01,0.69,11.43,4.98,0.47,40.22,25.14,71.5,27.38,17.25,2025-02-22
,,12237012,False,102,,raw,00:15:00,2025-02-22T18:00:00Z,2025-02-22T23:30:00+05:30,2025-02-22T18:15:00Z,2025-02-22T23:45:00+05:30,1,00:15:00,1,00:15:00,100.0,100.0,2025-02-22,0.5179985,293.50418,39.304157,1.2406906,-1.2408894,99068.01,0.66,11.34,4.93,0.45,40.22,25.14,71.44,27.95,17.15,2025-02-22
,,12237012,False,102,,raw,00:15:00,2025-02-22T19:00:00Z,2025-02-23T00:30:00+05:30,2025-02-22T19:15:00Z,2025-02-23T00:45:00+05:30,1,00:15:00,1,00:15:00,100.0,100.0,2025-02-22,0.5179985,293.50418,39.304157,1.2406906,-1.2408894,99068.01,0.58,11.51,4.8,0.6,40.61,25.38,72.48,25.87,16.81,2025-02-22
,,12237012,False,102,,raw,00:15:00,2025-02-22T19:15:00Z,2025-02-23T00:45:00+05:30,2025-02-22T19:30:00Z,2025-02-23T01:00:00+05:30,1,00:15:00,1,00:15:00,100.0,100.0,2025-02-22,0.5179985,293.50418,39.304157,1.2406906,-1.2408894,99068.01,0.56,11.57,4.63,0.66,41.97,26.23,74.0,26.24,16.56,2025-02-22
,,12237012,False,102,,raw,00:15:00,2025-02-22T19:30:00Z,2025-02-23T01:00:00+05:30,2025-02-22T19:45:00Z,2025-02-23T01:15:00+05:30,1,00:15:00,1,00:15:00,100.0,100.0,2025-02-22,0.5179985,293.50418,39.304157,1.2406906,-1.2408894,99068.01,0.55,11.51,5.17,0.66,42.48,26.55,74.65,26.0,16.46,2025-02-22
,,12237012,False,102,,raw,00:15:00,2025-02-22T19:45:00Z,2025-02-23T01:15:00+05:30,2025-02-22T20:00:00Z,2025-02-23T01:30:00+05:30,1,00:15:00,1,00:15:00,100.0,100.0,2025-02-22,0.5179985,293.50418,39.304157,1.2406906,-1.2408894,99068.01,0.53,11.6,5.21,0.56,42.48,26.55,75.58,25.87,16.33,2025-02-22
,,12237012,False,102,,raw,00:15:00,2025-02-22T20:00:00Z,2025-02-23T01:30:00+05:30,2025-02-22T20:15:00Z,2025-02-23T01:45:00+05:30,1,00:15:00,1,00:15:00,100.0,100.0,2025-02-22,0.5179985,293.50418,39.304157,1.2406906,-1.2408894,99068.01,0.52,11.7,5.08,0.56,42.48,26.55,75.57,26.16,16.33,2025-02-22
,,12237012,False,102,,raw,00:15:00,2025-02-22T20:15:00Z,2025-02-23T01:45:00+05:30,2025-02-22T20:30:00Z,2025-02-23T02:00:00+05:30,1,00:15:00,1,00:15:00,100.0,100.0,2025-02-22,0.5179985,293.50418,39.304157,1.2406906,-1.2408894,99068.01,0.5,11.38,4.97,0.7,43.08,26.92,76.4,26.0,16.16,2025-02-22
,,12237012,False,102,,raw,00:15:00,2025-02-22T20:30:00Z,2025-02-23T02:00:00+05:30,2025-02-22T20:45:00Z,2025-02-23T02:15:00+05:30,1,00:15:00,1,00:15:00,100.0,100.0,2025-02-22,0.5179985,293.50418,39.304157,1.2406906,-1.2408894,99068.01,0.49,11.49,4.84,0.62,43.3,27.06,76.98,26.52,15.97,2025-02-22
,,12237012,False,102,,raw,00:15:00,2025-02-22T20:45:00Z,2025-02-23T02:15:00+05:30,2025-02-22T21:00:00Z,2025-02-23T02:30:00+05:30,1,00:15:00,1,00:15:00,100.0,100.0,2025-02-22,0.5179985,293.50418,39.304157,1.2406906,-1.2408894,99068.01,0.47,11.32,5.17,0.54,43.3,27.06,77.44,26.99,15.85,2025-02-22
,,12237012,False,102,,raw,00:15:00,2025-02-22T21:00:00Z,2025-02-23T02:30:00+05:30,2025-02-22T21:15:00Z,2025-02-23T02:45:00+05:30,1,00:15:00,1,00:15:00,100.0,100.0,2025-02-22,0.5179985,293.50418,39.304157,1.2406906,-1.2408894,99068.01,0.46,11.65,4.57,0.55,43.3,27.06,77.75,27.35,15.7,2025-02-22
,,12237012,False,102,,raw,00:15:00,2025-02-22T21:15:00Z,2025-02-23T02:45:00+05:30,2025-02-22T21:30:00Z,2025-02-23T03:00:00+05:30,1,00:15:00,1,00:15:00,100.0,100.0,2025-02-22,0.5179985,293.50418,39.304157,1.2406906,-1.2408894,99068.01,0.45,11.57,4.8,0.39,39.46,24.66,78.1,26.18,15.72,2025-02-22
,,12237012,False,102,,raw,00:15:00,2025-02-22T21:30:00Z,2025-02-23T03:00:00+05:30,2025-02-22T21:45:00Z,2025-02-23T03:15:00+05:30,1,00:15:00,1,00:15:00,100.0,100.0,2025-02-22,0.5179985,293.50418,39.304157,1.2406906,-1.2408894,99068.01,0.44,11.46,5.12,0.64,38.02,23.76,78.02,26.34,15.73,2025-02-22
,,12237012,False,102,,raw,00:15:00,2025-02-22T21:45:00Z,2025-02-23T03:15:00+05:30,2025-02-22T22:00:00Z,2025-02-23T03:30:00+05:30,1,00:15:00,1,00:15:00,100.0,100.0,2025-02-22,0.5179985,293.50418,39.304157,1.2406906,-1.2408894,99068.01,0.43,11.54,4.8,0.74,38.02,23.76,77.99,25.92,15.53,2025-02-22
,,12237012,False,102,,raw,00:15:00,2025-02-22T22:00:00Z,2025-02-23T03:30:00+05:30,2025-02-22T22:15:00Z,2025-02-23T03:45:00+05:30,1,00:15:00,1,00:15:00,100.0,100.0,2025-02-22,0.5179985,293.50418,39.304157,1.2406906,-1.2408894,99068.01,0.41,11.56,4.57,0.68,38.02,23.76,79.2,25.77,15.54,2025-02-22
,,12237012,False,102,,raw,00:15:00,2025-02-22T22:15:00Z,2025-02-23T03:45:00+05:30,2025-02-22T22:30:00Z,2025-02-23T04:00:00+05:30,1,00:15:00,1,00:15:00,100.0,100.0,2025-02-22,0.5179985,293.50418,39.304157,1.2406906,-1.2408894,99068.01,0.41,11.6,4.93,0.66,40.01,25.0,80.41,25.98,15.86,2025-02-22
,,12237012,False,102,,raw,00:15:00,2025-02-22T22:30:00Z,2025-02-23T04:00:00+05:30,2025-02-22T22:45:00Z,2025-02-23T04:15:00+05:30,1,00:15:00,1,00:15:00,100.0,100.0,2025-02-22,0.5179985,293.50418,39.304157,1.2406906,-1.2408894,99068.01,0.41,11.57,4.86,0.78,40.75,25.47,79.74,25.8,15.56,2025-02-22
,,12237012,False,102,,raw,00:15:00,2025-02-22T22:45:00Z,2025-02-23T04:15:00+05:30,2025-02-22T23:00:00Z,2025-02-23T04:30:00+05:30,1,00:15:00,1,00:15:00,100.0,100.0,2025-02-22,0.5179985,293.50418,39.304157,1.2406906,-1.2408894,99068.01,0.39,11.32,5.21,0.7,40.75,25.47,79.55,25.56,15.44,2025-02-22
,,12237012,False,102,,raw,00:15:00,2025-02-22T23:00:00Z,2025-02-23T04:30:00+05:30,2025-02-22T23:15:00Z,2025-02-23T04:45:00+05:30,1,00:15:00,1,00:15:00,100.0,100.0,2025-02-22,0.5179985,293.50418,39.304157,1.2406906,-1.2408894,99068.01,0.38,11.66,4.87,0.6,40.75,25.47,79.09,25.72,15.37,2025-02-22
,,12237012,False,102,,raw,00:15:00,2025-02-22T23:15:00Z,2025-02-23T04:45:00+05:30,2025-02-22T23:30:00Z,2025-02-23T05:00:00+05:30,1,00:15:00,1,00:15:00,100.0,100.0,2025-02-22,0.5179985,293.50418,39.304157,1.2406906,-1.2408894,99068.01,0.37,11.68,4.54,0.74,35.83,22.39,79.15,25.92,15.17,2025-02-22
,,12237012,False,102,,raw,00:15:00,2025-02-22T23:30:00Z,2025-02-23T05:00:00+05:30,2025-02-22T23:45:00Z,2025-02-23T05:15:00+05:30,1,00:15:00,1,00:15:00,100.0,100.0,2025-02-22,0.5179985,293.50418,39.304157,1.2406906,-1.2408894,99068.01,0.35,11.71,4.48,0.68,33.98,21.24,80.29,26.02,15.14,2025-02-22
,,12237012,False,102,,raw,00:15:00,2025-02-22T23:45:00Z,2025-02-23T05:15:00+05:30,2025-02-23T00:00:00Z,2025-02-23T05:30:00+05:30,1,00:15:00,1,00:15:00,100.0,100.0,2025-02-23,0.55818653,294.02023,42.627003,0.19420816,-0.43173066,99131.945,0.35,11.56,4.67,0.58,33.98,21.24,78.79,26.26,15.28,2025-02-23
,,12237012,False,102,,raw,00:15:00,2025-02-23T00:00:00Z,2025-02-23T05:30:00+05:30,2025-02-23T00:15:00Z,2025-02-23T05:45:00+05:30,1,00:15:00,1,00:15:00,100.0,100.0,2025-02-23,0.55818653,294.02023,42.627003,0.19420816,-0.43173066,99131.945,0.35,11.24,4.99,0.54,33.98,21.24,79.28,26.34,15.01,2025-02-23
,,12237012,False,102,,raw,00:15:00,2025-02-23T00:15:00Z,2025-02-23T05:45:00+05:30,2025-02-23T00:30:00Z,2025-02-23T06:00:00+05:30,1,00:15:00,1,00:15:00,100.0,100.0,2025-02-23,0.55818653,294.02023,42.627003,0.19420816,-0.43173066,99131.945,0.35,11.43,5.1,0.51,38.94,24.34,79.6,25.61,14.94,2025-02-23
,,12237012,False,102,,raw,00:15:00,2025-02-23T00:30:00Z,2025-02-23T06:00:00+05:30,2025-02-23T00:45:00Z,2025-02-23T06:15:00+05:30,1,00:15:00,1,00:15:00,100.0,100.0,2025-02-23,0.55818653,294.02023,42.627003,0.19420816,-0.43173066,99131.945,0.34,11.43,5.1,0.56,40.8,25.5,79.36,25.4,14.85,2025-02-23
,,12237012,False,102,,raw,00:15:00,2025-02-23T00:45:00Z,2025-02-23T06:15:00+05:30,2025-02-23T01:00:00Z,2025-02-23T06:30:00+05:30,1,00:15:00,1,00:15:00,100.0,100.0,2025-02-23,0.55818653,294.02023,42.627003,0.19420816,-0.43173066,99131.945,0.35,11.66,5.15,0.66,40.8,25.5,79.55,25.19,14.61,2025-02-23
,,12237012,False,102,,raw,00:15:00,2025-02-23T01:00:00Z,2025-02-23T06:30:00+05:30,2025-02-23T01:15:00Z,2025-02-23T06:45:00+05:30,1,00:15:00,1,00:15:00,100.0,100.0,2025-02-23,0.55818653,294.02023,42.627003,0.19420816,-0.43173066,99131.945,0.35,11.71,4.67,0.7,40.8,25.5,80.21,24.73,14.54,2025-02-23
,,12237012,False,102,,raw,00:15:00,2025-02-23T01:30:00Z,2025-02-23T07:00:00+05:30,2025-02-23T01:45:00Z,2025-02-23T07:15:00+05:30,1,00:15:00,1,00:15:00,100.0,100.0,2025-02-23,0.55818653,294.02023,42.627003,0.19420816,-0.43173066,99131.945,0.39,11.83,5.1,0.72,48.38,30.24,79.31,25.71,15.35,2025-02-23
,,12237012,False,102,,raw,00:15:00,2025-02-23T01:45:00Z,2025-02-23T07:15:00+05:30,2025-02-23T02:00:00Z,2025-02-23T07:30:00+05:30,1,00:15:00,1,00:15:00,100.0,100.0,2025-02-23,0.55818653,294.02023,42.627003,0.19420816,-0.43173066,99131.945,0.43,11.52,5.12,0.64,48.38,30.24,76.88,26.0,16.58,2025-02-23
,,12237012,False,102,,raw,00:15:00,2025-02-23T02:00:00Z,2025-02-23T07:30:00+05:30,2025-02-23T02:15:00Z,2025-02-23T07:45:00+05:30,1,00:15:00,1,00:15:00,100.0,100.0,2025-02-23,0.55818653,294.02023,42.627003,0.19420816,-0.43173066,99131.945,0.45,11.52,5.1,0.45,48.38,30.24,69.3,26.83,18.66,2025-02-23
,,12237012,False,102,,raw,00:15:00,2025-02-23T02:15:00Z,2025-02-23T07:45:00+05:30,2025-02-23T02:30:00Z,2025-02-23T08:00:00+05:30,1,00:15:00,1,00:15:00,100.0,100.0,2025-02-23,0.55818653,294.02023,42.627003,0.19420816,-0.43173066,99131.945,0.44,11.54,4.74,0.64,54.95,34.34,58.77,27.17,20.54,2025-02-23
,,12237012,False,102,,raw,00:15:00,2025-02-23T02:30:00Z,2025-02-23T08:00:00+05:30,2025-02-23T02:45:00Z,2025-02-23T08:15:00+05:30,1,00:15:00,1,00:15:00,100.0,100.0,2025-02-23,0.55818653,294.02023,42.627003,0.19420816,-0.43173066,99131.945,0.43,11.52,4.69,0.66,57.41,35.88,54.91,27.59,22.75,2025-02-23
,,12237012,False,102,,raw,00:15:00,2025-02-23T02:45:00Z,2025-02-23T08:15:00+05:30,2025-02-23T03:00:00Z,2025-02-23T08:30:00+05:30,1,00:15:00,1,00:15:00,100.0,100.0,2025-02-23,0.55818653,294.02023,42.627003,0.19420816,-0.43173066,99131.945,0.42,11.51,5.08,0.66,57.41,35.88,48.91,27.95,24.2,2025-02-23
,,12237012,False,102,,raw,00:15:00,2025-02-23T03:00:00Z,2025-02-23T08:30:00+05:30,2025-02-23T03:15:00Z,2025-02-23T08:45:00+05:30,1,00:15:00,1,00:15:00,100.0,100.0,2025-02-23,0.55818653,294.02023,42.627003,0.19420816,-0.43173066,99131.945,0.41,11.46,4.98,1.44,57.41,35.88,47.86,28.29,24.16,2025-02-23
,,12237012,False,102,,raw,00:15:00,2025-02-23T03:15:00Z,2025-02-23T08:45:00+05:30,2025-02-23T03:30:00Z,2025-02-23T09:00:00+05:30,1,00:15:00,1,00:15:00,100.0,100.0,2025-02-23,0.55818653,294.02023,42.627003,0.19420816,-0.43173066,99131.945,0.39,11.43,4.99,1.79,44.7,27.94,46.93,26.49,24.56,2025-02-23
,,12237012,False,102,,raw,00:15:00,2025-02-23T03:30:00Z,2025-02-23T09:00:00+05:30,2025-02-23T03:45:00Z,2025-02-23T09:15:00+05:30,1,00:15:00,1,00:15:00,100.0,100.0,2025-02-23,0.55818653,294.02023,42.627003,0.19420816,-0.43173066,99131.945,0.37,11.44,4.98,2.2,39.94,24.96,46.05,26.29,25.07,2025-02-23
,,12237012,False,102,,raw,00:15:00,2025-02-23T03:45:00Z,2025-02-23T09:15:00+05:30,2025-02-23T04:00:00Z,2025-02-23T09:30:00+05:30,1,00:15:00,1,00:15:00,100.0,100.0,2025-02-23,0.55818653,294.02023,42.627003,0.19420816,-0.43173066,99131.945,0.35,11.47,4.96,3.12,39.94,24.96,43.25,25.61,25.84,2025-02-23
,,12237012,False,102,,raw,00:15:00,2025-02-23T04:00:00Z,2025-02-23T09:30:00+05:30,2025-02-23T04:15:00Z,2025-02-23T09:45:00+05:30,1,00:15:00,1,00:15:00,100.0,100.0,2025-02-23,0.55818653,294.02023,42.627003,0.19420816,-0.43173066,99131.945,0.34,11.5,4.67,3.93,39.94,24.96,41.23,25.74,26.5,2025-02-23
,,12237012,False,102,,raw,00:15:00,2025-02-23T04:15:00Z,2025-02-23T09:45:00+05:30,2025-02-23T04:30:00Z,2025-02-23T10:00:00+05:30,1,00:15:00,1,00:15:00,100.0,100.0,2025-02-23,0.55818653,294.02023,42.627003,0.19420816,-0.43173066,99131.945,0.34,11.6,4.93,3.72,34.18,21.36,40.34,25.25,27.5,2025-02-23
,,12237012,False,102,,raw,00:15:00,2025-02-23T04:30:00Z,2025-02-23T10:00:00+05:30,2025-02-23T04:45:00Z,2025-02-23T10:15:00+05:30,1,00:15:00,1,00:15:00,100.0,100.0,2025-02-23,0.55818653,294.02023,42.627003,0.19420816,-0.43173066,99131.945,0.33,11.45,5.25,3.84,32.02,20.01,38.67,25.2,29.12,2025-02-23
,,12237012,False,102,,raw,00:15:00,2025-02-23T04:45:00Z,2025-02-23T10:15:00+05:30,2025-02-23T05:00:00Z,2025-02-23T10:30:00+05:30,1,00:15:00,1,00:15:00,100.0,100.0,2025-02-23,0.55818653,294.02023,42.627003,0.19420816,-0.43173066,99131.945,0.32,11.4,5.25,4.09,32.02,20.01,38.81,25.27,28.66,2025-02-23
,,12237012,False,102,,raw,00:15:00,2025-02-23T05:00:00Z,2025-02-23T10:30:00+05:30,2025-02-23T05:15:00Z,2025-02-23T10:45:00+05:30,1,00:15:00,1,00:15:00,100.0,100.0,2025-02-23,0.55818653,294.02023,42.627003,0.19420816,-0.43173066,99131.945,0.31,11.54,5.27,4.31,32.02,20.01,38.35,25.07,28.14,2025-02-23
,,12237012,False,102,,raw,00:15:00,2025-02-23T05:15:00Z,2025-02-23T10:45:00+05:30,2025-02-23T05:30:00Z,2025-02-23T11:00:00+05:30,1,00:15:00,1,00:15:00,100.0,100.0,2025-02-23,0.55818653,294.02023,42.627003,0.19420816,-0.43173066,99131.945,0.3,11.54,5.17,4.95,30.27,18.92,38.1,25.85,28.2,2025-02-23
,,12237012,False,102,,raw,00:15:00,2025-02-23T05:30:00Z,2025-02-23T11:00:00+05:30,2025-02-23T05:45:00Z,2025-02-23T11:15:00+05:30,1,00:15:00,1,00:15:00,100.0,100.0,2025-02-23,0.55818653,294.02023,42.627003,0.19420816,-0.43173066,99131.945,0.3,11.52,4.95,5.65,29.62,18.51,37.13,26.96,29.04,2025-02-23
,,12237012,False,102,,raw,00:15:00,2025-02-23T05:45:00Z,2025-02-23T11:15:00+05:30,2025-02-23T06:00:00Z,2025-02-23T11:30:00+05:30,1,00:15:00,1,00:15:00,100.0,100.0,2025-02-23,0.55818653,294.02023,42.627003,0.19420816,-0.43173066,99131.945,0.3,11.52,5.1,6.06,29.62,18.51,37.85,28.08,28.14,2025-02-23
,,12237012,False,102,,raw,00:15:00,2025-02-23T06:00:00Z,2025-02-23T11:30:00+05:30,2025-02-23T06:15:00Z,2025-02-23T11:45:00+05:30,1,00:15:00,1,00:15:00,100.0,100.0,2025-02-23,0.55818653,294.02023,42.627003,0.19420816,-0.43173066,99131.945,0.29,11.48,5.3,6.56,29.62,18.51,36.93,29.46,28.89,2025-02-23
,,12237012,False,102,,raw,00:15:00,2025-02-23T06:30:00Z,2025-02-23T12:00:00+05:30,2025-02-23T06:45:00Z,2025-02-23T12:15:00+05:30,1,00:15:00,1,00:15:00,100.0,100.0,2025-02-23,0.55818653,294.02023,42.627003,0.19420816,-0.43173066,99131.945,0.26,11.5,5.08,5.61,23.62,14.76,35.09,26.44,29.17,2025-02-23
,,12237012,False,102,,raw,00:15:00,2025-02-23T06:45:00Z,2025-02-23T12:15:00+05:30,2025-02-23T07:00:00Z,2025-02-23T12:30:00+05:30,1,00:15:00,1,00:15:00,100.0,100.0,2025-02-23,0.55818653,294.02023,42.627003,0.19420816,-0.43173066,99131.945,0.24,11.49,5.04,6.06,23.62,14.76,35.95,26.6,28.99,2025-02-23
,,12237012,False,102,,raw,00:15:00,2025-02-23T07:00:00Z,2025-02-23T12:30:00+05:30,2025-02-23T07:15:00Z,2025-02-23T12:45:00+05:30,1,00:15:00,1,00:15:00,100.0,100.0,2025-02-23,0.55818653,294.02023,42.627003,0.19420816,-0.43173066,99131.945,0.22,11.5,4.7,5.98,23.62,14.76,36.33,26.47,28.72,2025-02-23
,,12237012,False,102,,raw,00:15:00,2025-02-23T07:15:00Z,2025-02-23T12:45:00+05:30,2025-02-23T07:30:00Z,2025-02-23T13:00:00+05:30,1,00:15:00,1,00:15:00,100.0,100.0,2025-02-23,0.55818653,294.02023,42.627003,0.19420816,-0.43173066,99131.945,0.22,11.51,4.95,5.63,21.21,13.25,35.51,25.77,29.72,2025-02-23
,,12237012,False,102,,raw,00:15:00,2025-02-23T07:30:00Z,2025-02-23T13:00:00+05:30,2025-02-23T07:45:00Z,2025-02-23T13:15:00+05:30,1,00:15:00,1,00:15:00,100.0,100.0,2025-02-23,0.55818653,294.02023,42.627003,0.19420816,-0.43173066,99131.945,0.21,11.54,4.69,5.71,20.3,12.69,35.01,25.98,29.91,2025-02-23
,,12237012,False,102,,raw,00:15:00,2025-02-23T07:45:00Z,2025-02-23T13:15:00+05:30,2025-02-23T08:00:00Z,2025-02-23T13:30:00+05:30,1,00:15:00,1,00:15:00,100.0,100.0,2025-02-23,0.55818653,294.02023,42.627003,0.19420816,-0.43173066,99131.945,0.21,11.45,5.04,6.29,20.3,12.69,35.11,25.64,30.39,2025-02-23
,,12237012,False,102,,raw,00:15:00,2025-02-23T08:00:00Z,2025-02-23T13:30:00+05:30,2025-02-23T08:15:00Z,2025-02-23T13:45:00+05:30,1,00:15:00,1,00:15:00,100.0,100.0,2025-02-23,0.55818653,294.02023,42.627003,0.19420816,-0.43173066,99131.945,0.2,11.48,5.15,6.41,20.3,12.69,34.39,25.12,30.53,2025-02-23
,,12237012,False,102,,raw,00:15:00,2025-02-23T08:15:00Z,2025-02-23T13:45:00+05:30,2025-02-23T08:30:00Z,2025-02-23T14:00:00+05:30,1,00:15:00,1,00:15:00,100.0,100.0,2025-02-23,0.55818653,294.02023,42.627003,0.19420816,-0.43173066,99131.945,0.2,11.64,4.76,6.68,20.06,12.54,33.54,25.43,30.93,2025-02-23
,,12237012,False,102,,raw,00:15:00,2025-02-23T08:30:00Z,2025-02-23T14:00:00+05:30,2025-02-23T08:45:00Z,2025-02-23T14:15:00+05:30,1,00:15:00,1,00:15:00,100.0,100.0,2025-02-23,0.55818653,294.02023,42.627003,0.19420816,-0.43173066,99131.945,0.21,11.35,5.06,7.01,19.97,12.48,33.97,26.31,30.59,2025-02-23
,,12237012,False,102,,raw,00:15:00,2025-02-23T08:45:00Z,2025-02-23T14:15:00+05:30,2025-02-23T09:00:00Z,2025-02-23T14:30:00+05:30,1,00:15:00,1,00:15:00,100.0,100.0,2025-02-23,0.55818653,294.02023,42.627003,0.19420816,-0.43173066,99131.945,0.21,11.63,4.91,6.98,19.97,12.48,33.77,27.07,30.92,2025-02-23
,,12237012,False,102,,raw,00:15:00,2025-02-23T09:00:00Z,2025-02-23T14:30:00+05:30,2025-02-23T09:15:00Z,2025-02-23T14:45:00+05:30,1,00:15:00,1,00:15:00,100.0,100.0,2025-02-23,0.55818653,294.02023,42.627003,0.19420816,-0.43173066,99131.945,0.21,11.52,5.02,7.19,19.97,12.48,36.09,28.29,29.48,2025-02-23
,,12237012,False,102,,raw,00:15:00,2025-02-23T09:15:00Z,2025-02-23T14:45:00+05:30,2025-02-23T09:30:00Z,2025-02-23T15:00:00+05:30,1,00:15:00,1,00:15:00,100.0,100.0,2025-02-23,0.55818653,294.02023,42.627003,0.19420816,-0.43173066,99131.945,0.2,11.49,4.74,6.68,17.88,11.17,36.53,26.52,30.03,2025-02-23
,,12237012,False,102,,raw,00:15:00,2025-02-23T09:30:00Z,2025-02-23T15:00:00+05:30,2025-02-23T09:45:00Z,2025-02-23T15:15:00+05:30,1,00:15:00,1,00:15:00,100.0,100.0,2025-02-23,0.55818653,294.02023,42.627003,0.19420816,-0.43173066,99131.945,0.19,11.55,4.93,6.43,17.09,10.68,35.68,26.21,30.66,2025-02-23
,,12237012,False,102,,raw,00:15:00,2025-02-23T09:45:00Z,2025-02-23T15:15:00+05:30,2025-02-23T10:00:00Z,2025-02-23T15:30:00+05:30,1,00:15:00,1,00:15:00,100.0,100.0,2025-02-23,0.55818653,294.02023,42.627003,0.19420816,-0.43173066,99131.945,0.18,11.61,4.85,6.68,17.09,10.68,37.03,26.39,29.98,2025-02-23
,,12237012,False,102,,raw,00:15:00,2025-02-23T10:00:00Z,2025-02-23T15:30:00+05:30,2025-02-23T10:15:00Z,2025-02-23T15:45:00+05:30,1,00:15:00,1,00:15:00,100.0,100.0,2025-02-23,0.55818653,294.02023,42.627003,0.19420816,-0.43173066,99131.945,0.19,11.43,5.27,6.76,17.09,10.68,39.02,26.67,29.44,2025-02-23
,,12237012,False,102,,raw,00:15:00,2025-02-23T10:15:00Z,2025-02-23T15:45:00+05:30,2025-02-23T10:30:00Z,2025-02-23T16:00:00+05:30,1,00:15:00,1,00:15:00,100.0,100.0,2025-02-23,0.55818653,294.02023,42.627003,0.19420816,-0.43173066,99131.945,0.19,11.24,4.93,6.66,18.59,11.62,39.61,27.35,29.26,2025-02-23
,,12237012,False,102,,raw,00:15:00,2025-02-23T10:30:00Z,2025-02-23T16:00:00+05:30,2025-02-23T10:45:00Z,2025-02-23T16:15:00+05:30,1,00:15:00,1,00:15:00,100.0,100.0,2025-02-23,0.55818653,294.02023,42.627003,0.19420816,-0.43173066,99131.945,0.18,11.44,4.85,6.43,19.15,11.97,41.04,28.42,28.9,2025-02-23
,,12237012,False,102,,raw,00:15:00,2025-02-23T10:45:00Z,2025-02-23T16:15:00+05:30,2025-02-23T11:00:00Z,2025-02-23T16:30:00+05:30,1,00:15:00,1,00:15:00,100.0,100.0,2025-02-23,0.55818653,294.02023,42.627003,0.19420816,-0.43173066,99131.945,0.19,11.63,4.55,6.49,19.15,11.97,43.55,28.86,28.04,2025-02-23
,,12237012,False,102,,raw,00:15:00,2025-02-23T11:00:00Z,2025-02-23T16:30:00+05:30,2025-02-23T11:15:00Z,2025-02-23T16:45:00+05:30,1,00:15:00,1,00:15:00,100.0,100.0,2025-02-23,0.55818653,294.02023,42.627003,0.19420816,-0.43173066,99131.945,0.18,11.55,4.78,6.9,19.15,11.97,44.86,29.43,27.54,2025-02-23
,,12237012,False,102,,raw,00:15:00,2025-02-23T11:15:00Z,2025-02-23T16:45:00+05:30,2025-02-23T11:30:00Z,2025-02-23T17:00:00+05:30,1,00:15:00,1,00:15:00,100.0,100.0,2025-02-23,0.55818653,294.02023,42.627003,0.19420816,-0.43173066,99131.945,0.19,11.45,5.1,6.17,19.54,12.21,44.63,30.32,27.68,2025-02-23
,,12237012,False,102,,raw,00:15:00,2025-02-23T11:30:00Z,2025-02-23T17:00:00+05:30,2025-02-23T11:45:00Z,2025-02-23T17:15:00+05:30,1,00:15:00,1,00:15:00,100.0,100.0,2025-02-23,0.55818653,294.02023,42.627003,0.19420816,-0.43173066,99131.945,0.19,11.29,4.91,5.98,19.68,12.3,45.27,31.12,27.04,2025-02-23
,,12237012,False,102,,raw,00:15:00,2025-02-23T11:45:00Z,2025-02-23T17:15:00+05:30,2025-02-23T12:00:00Z,2025-02-23T17:30:00+05:30,1,00:15:00,1,00:15:00,100.0,100.0,2025-02-23,0.55818653,294.02023,42.627003,0.19420816,-0.43173066,99131.945,0.19,11.44,4.8,5.96,19.68,12.3,46.67,31.98,26.24,2025-02-23
,,12237012,False,102,,raw,00:15:00,2025-02-23T12:00:00Z,2025-02-23T17:30:00+05:30,2025-02-23T12:15:00Z,2025-02-23T17:45:00+05:30,1,00:15:00,1,00:15:00,100.0,100.0,2025-02-23,0.55818653,294.02023,42.627003,0.19420816,-0.43173066,99131.945,0.19,11.49,4.71,5.59,19.68,12.3,48.48,32.4,25.33,2025-02-23
,,12237012,False,102,,raw,00:15:00,2025-02-23T12:15:00Z,2025-02-23T17:45:00+05:30,2025-02-23T12:30:00Z,2025-02-23T18:00:00+05:30,1,00:15:00,1,00:15:00,100.0,100.0,2025-02-23,0.55818653,294.02023,42.627003,0.19420816,-0.43173066,99131.945,0.19,11.5,5.15,4.48,17.34,10.84,50.35,29.56,24.5,2025-02-23
,,12237012,False,102,,raw,00:15:00,2025-02-23T12:30:00Z,2025-02-23T18:00:00+05:30,2025-02-23T12:45:00Z,2025-02-23T18:15:00+05:30,1,00:15:00,1,00:15:00,100.0,100.0,2025-02-23,0.55818653,294.02023,42.627003,0.19420816,-0.43173066,99131.945,0.17,11.4,5.0,3.64,16.46,10.29,52.43,28.08,23.74,2025-02-23
,,12237012,False,102,,raw,00:15:00,2025-02-23T12:45:00Z,2025-02-23T18:15:00+05:30,2025-02-23T13:00:00Z,2025-02-23T18:30:00+05:30,1,00:15:00,1,00:15:00,100.0,100.0,2025-02-23,0.55818653,294.02023,42.627003,0.19420816,-0.43173066,99131.945,0.2,11.46,4.93,3.02,16.46,10.29,54.74,27.09,23.04,2025-02-23
,,12237012,False,102,,raw,00:15:00,2025-02-23T13:00:00Z,2025-02-23T18:30:00+05:30,2025-02-23T13:15:00Z,2025-02-23T18:45:00+05:30,1,00:15:00,1,00:15:00,100.0,100.0,2025-02-23,0.55818653,294.02023,42.627003,0.19420816,-0.43173066,99131.945,0.22,11.49,4.61,3.16,16.46,10.29,55.68,26.11,22.61,2025-02-23
,,12237012,False,102,,raw,00:15:00,2025-02-23T13:15:00Z,2025-02-23T18:45:00+05:30,2025-02-23T13:30:00Z,2025-02-23T19:00:00+05:30,1,00:15:00,1,00:15:00,100.0,100.0,2025-02-23,0.55818653,294.02023,42.627003,0.19420816,-0.43173066,99131.945,0.27,11.27,4.95,1.6,29.35,18.34,57.36,26.1,22.27,2025-02-23
,,12237012,False,102,,raw,00:15:00,2025-02-23T13:30:00Z,2025-02-23T19:00:00+05:30,2025-02-23T13:45:00Z,2025-02-23T19:15:00+05:30,1,00:15:00,1,00:15:00,100.0,100.0,2025-02-23,0.55818653,294.02023,42.627003,0.19420816,-0.43173066,99131.945,0.28,11.66,4.89,1.91,34.18,21.36,58.02,25.37,21.93,2025-02-23
,,12237012,False,102,,raw,00:15:00,2025-02-23T13:45:00Z,2025-02-23T19:15:00+05:30,2025-02-23T14:00:00Z,2025-02-23T19:30:00+05:30,1,00:15:00,1,00:15:00,100.0,100.0,2025-02-23,0.55818653,294.02023,42.627003,0.19420816,-0.43173066,99131.945,0.3,11.39,4.87,3.0,34.18,21.36,58.15,25.17,21.77,2025-02-23
,,12237012,False,102,,raw,00:15:00,2025-02-23T14:00:00Z,2025-02-23T19:30:00+05:30,2025-02-23T14:15:00Z,2025-02-23T19:45:00+05:30,1,00:15:00,1,00:15:00,100.0,100.0,2025-02-23,0.55818653,294.02023,42.627003,0.19420816,-0.43173066,99131.945,0.3,11.56,4.97,1.67,34.18,21.36,59.02,25.22,21.66,2025-02-23
,,12237012,False,102,,raw,00:15:00,2025-02-23T14:30:00Z,2025-02-23T20:00:00+05:30,2025-02-23T14:45:00Z,2025-02-23T20:15:00+05:30,1,00:15:00,1,00:15:00,100.0,100.0,2025-02-23,0.55818653,294.02023,42.627003,0.19420816,-0.43173066,99131.945,0.33,11.61,4.78,1.35,37.1,23.19,59.54,26.29,21.37,2025-02-23
,,12237012,False,102,,raw,00:15:00,2025-02-23T14:45:00Z,2025-02-23T20:15:00+05:30,2025-02-23T15:00:00Z,2025-02-23T20:30:00+05:30,1,00:15:00,1,00:15:00,100.0,100.0,2025-02-23,0.55818653,294.02023,42.627003,0.19420816,-0.43173066,99131.945,0.35,11.57,5.28,1.23,37.1,23.19,60.11,26.6,21.04,2025-02-23
,,12237012,False,102,,raw,00:15:00,2025-02-23T15:00:00Z,2025-02-23T20:30:00+05:30,2025-02-23T15:15:00Z,2025-02-23T20:45:00+05:30,1,00:15:00,1,00:15:00,100.0,100.0,2025-02-23,0.55818653,294.02023,42.627003,0.19420816,-0.43173066,99131.945,0.4,11.17,4.85,0.6,37.1,23.19,63.4,27.38,20.48,2025-02-23
,,12237012,False,102,,raw,00:15:00,2025-02-23T15:15:00Z,2025-02-23T20:45:00+05:30,2025-02-23T15:30:00Z,2025-02-23T21:00:00+05:30,1,00:15:00,1,00:15:00,100.0,100.0,2025-02-23,0.55818653,294.02023,42.627003,0.19420816,-0.43173066,99131.945,0.4,11.53,4.93,0.41,44.15,27.6,66.11,26.1,19.88,2025-02-23
,,12237012,False,102,,raw,00:15:00,2025-02-23T15:30:00Z,2025-02-23T21:00:00+05:30,2025-02-23T15:45:00Z,2025-02-23T21:15:00+05:30,1,00:15:00,1,00:15:00,100.0,100.0,2025-02-23,0.55818653,294.02023,42.627003,0.19420816,-0.43173066,99131.945,0.42,11.49,5.3,0.68,46.8,29.25,67.13,25.95,19.75,2025-02-23
,,12237012,False,102,,raw,00:15:00,2025-02-23T15:45:00Z,2025-02-23T21:15:00+05:30,2025-02-23T16:00:00Z,2025-02-23T21:30:00+05:30,1,00:15:00,1,00:15:00,100.0,100.0,2025-02-23,0.55818653,294.02023,42.627003,0.19420816,-0.43173066,99131.945,0.45,11.61,4.85,0.72,46.8,29.25,67.45,25.37,19.57,2025-02-23
,,12237012,False,102,,raw,00:15:00,2025-02-23T16:00:00Z,2025-02-23T21:30:00+05:30,2025-02-23T16:15:00Z,2025-02-23T21:45:00+05:30,1,00:15:00,1,00:15:00,100.0,100.0,2025-02-23,0.55818653,294.02023,42.627003,0.19420816,-0.43173066,99131.945,0.45,11.5,4.99,0.7,46.8,29.25,67.78,25.53,19.37,2025-02-23
,,12237012,False,102,,raw,00:15:00,2025-02-23T16:15:00Z,2025-02-23T21:45:00+05:30,2025-02-23T16:30:00Z,2025-02-23T22:00:00+05:30,1,00:15:00,1,00:15:00,100.0,100.0,2025-02-23,0.55818653,294.02023,42.627003,0.19420816,-0.43173066,99131.945,0.49,11.46,4.93,0.78,43.22,27.02,68.81,25.19,19.2,2025-02-23
,,12237012,False,102,,raw,00:15:00,2025-02-23T16:30:00Z,2025-02-23T22:00:00+05:30,2025-02-23T16:45:00Z,2025-02-23T22:15:00+05:30,1,00:15:00,1,00:15:00,100.0,100.0,2025-02-23,0.55818653,294.02023,42.627003,0.19420816,-0.43173066,99131.945,0.49,11.7,4.69,0.76,42.43,26.52,68.34,25.3,19.12,2025-02-23
,,12237012,False,102,,raw,00:15:00,2025-02-23T16:45:00Z,2025-02-23T22:15:00+05:30,2025-02-23T17:00:00Z,2025-02-23T22:30:00+05:30,1,00:15:00,1,00:15:00,100.0,100.0,2025-02-23,0.55818653,294.02023,42.627003,0.19420816,-0.43173066,99131.945,0.5,11.59,4.7,0.64,42.43,26.52,68.95,25.14,19.06,2025-02-23
,,12237012,False,102,,raw,00:15:00,2025-02-23T17:00:00Z,2025-02-23T22:30:00+05:30,2025-02-23T17:15:00Z,2025-02-23T22:45:00+05:30,1,00:15:00,1,00:15:00,100.0,100.0,2025-02-23,0.55818653,294.02023,42.627003,0.19420816,-0.43173066,99131.945,0.5,11.6,4.87,0.74,42.43,26.52,68.38,25.4,18.81,2025-02-23
,,12237012,False,102,,raw,00:15:00,2025-02-23T17:15:00Z,2025-02-23T22:45:00+05:30,2025-02-23T17:30:00Z,2025-02-23T23:00:00+05:30,1,00:15:00,1,00:15:00,100.0,100.0,2025-02-23,0.55818653,294.02023,42.627003,0.19420816,-0.43173066,99131.945,0.51,11.45,5.06,0.7,47.25,29.53,70.37,25.56,18.54,2025-02-23
,,12237012,False,102,,raw,00:15:00,2025-02-23T17:30:00Z,2025-02-23T23:00:00+05:30,2025-02-23T17:45:00Z,2025-02-23T23:15:00+05:30,1,00:15:00,1,00:15:00,100.0,100.0,2025-02-23,0.55818653,294.02023,42.627003,0.19420816,-0.43173066,99131.945,0.53,11.49,4.72,0.6,49.06,30.66,71.72,26.21,18.43,2025-02-23
,,12237012,False,102,,raw,00:15:00,2025-02-23T17:45:00Z,2025-02-23T23:15:00+05:30,2025-02-23T18:00:00Z,2025-02-23T23:30:00+05:30,1,00:15:00,1,00:15:00,100.0,100.0,2025-02-23,0.55818653,294.02023,42.627003,0.19420816,-0.43173066,99131.945,0.54,11.95,4.37,0.57,49.06,30.66,72.23,26.39,18.26,2025-02-23
,,12237012,False,102,,raw,00:15:00,2025-02-23T18:00:00Z,2025-02-23T23:30:00+05:30,2025-02-23T18:15:00Z,2025-02-23T23:45:00+05:30,1,00:15:00,1,00:15:00,100.0,100.0,2025-02-23,0.55818653,294.02023,42.627003,0.19420816,-0.43173066,99131.945,0.54,11.42,4.97,0.47,49.06,30.66,72.43,27.09,18.21,2025-02-23
,,12237012,False,102,,raw,00:15:00,2025-02-23T19:00:00Z,2025-02-24T00:30:00+05:30,2025-02-23T19:15:00Z,2025-02-24T00:45:00+05:30,1,00:15:00,1,00:15:00,100.0,100.0,2025-02-23,0.55818653,294.02023,42.627003,0.19420816,-0.43173066,99131.945,0.49,11.29,5.15,0.7,48.72,30.45,73.15,25.66,17.76,2025-02-23
,,12237012,False,102,,raw,00:15:00,2025-02-23T19:15:00Z,2025-02-24T00:45:00+05:30,2025-02-23T19:30:00Z,2025-02-24T01:00:00+05:30,1,00:15:00,1,00:15:00,100.0,100.0,2025-02-23,0.55818653,294.02023,42.627003,0.19420816,-0.43173066,99131.945,0.48,11.66,4.57,0.72,40.87,25.54,74.91,25.61,17.41,2025-02-23
,,12237012,False,102,,raw,00:15:00,2025-02-23T19:30:00Z,2025-02-24T01:00:00+05:30,2025-02-23T19:45:00Z,2025-02-24T01:15:00+05:30,1,00:15:00,1,00:15:00,100.0,100.0,2025-02-23,0.55818653,294.02023,42.627003,0.19420816,-0.43173066,99131.945,0.48,11.68,4.65,0.78,37.92,23.7,75.15,25.71,17.37,2025-02-23
,,12237012,False,102,,raw,00:15:00,2025-02-23T19:45:00Z,2025-02-24T01:15:00+05:30,2025-02-23T20:00:00Z,2025-02-24T01:30:00+05:30,1,00:15:00,1,00:15:00,100.0,100.0,2025-02-23,0.55818653,294.02023,42.627003,0.19420816,-0.43173066,99131.945,0.47,11.55,4.84,0.62,37.92,23.7,75.44,25.84,17.1,2025-02-23
,,12237012,False,102,,raw,00:15:00,2025-02-23T20:00:00Z,2025-02-24T01:30:00+05:30,2025-02-23T20:15:00Z,2025-02-24T01:45:00+05:30,1,00:15:00,1,00:15:00,100.0,100.0,2025-02-23,0.55818653,294.02023,42.627003,0.19420816,-0.43173066,99131.945,0.46,11.51,4.48,0.62,37.92,23.7,76.35,25.9,16.87,2025-02-23
,,12237012,False,102,,raw,00:15:00,2025-02-23T20:15:00Z,2025-02-24T01:45:00+05:30,2025-02-23T20:30:00Z,2025-02-24T02:00:00+05:30,1,00:15:00,1,00:15:00,100.0,100.0,2025-02-23,0.55818653,294.02023,42.627003,0.19420816,-0.43173066,99131.945,0.45,11.55,4.85,0.72,39.18,24.49,76.36,25.63,16.99,2025-02-23
,,12237012,False,102,,raw,00:15:00,2025-02-23T20:30:00Z,2025-02-24T02:00:00+05:30,2025-02-23T20:45:00Z,2025-02-24T02:15:00+05:30,1,00:15:00,1,00:15:00,100.0,100.0,2025-02-23,0.55818653,294.02023,42.627003,0.19420816,-0.43173066,99131.945,0.45,11.56,4.98,0.58,39.65,24.78,76.41,26.1,16.93,2025-02-23
,,12237012,False,102,,raw,00:15:00,2025-02-23T20:45:00Z,2025-02-24T02:15:00+05:30,2025-02-23T21:00:00Z,2025-02-24T02:30:00+05:30,1,00:15:00,1,00:15:00,100.0,100.0,2025-02-23,0.55818653,294.02023,42.627003,0.19420816,-0.43173066,99131.945,0.45,11.74,4.8,0.45,39.65,24.78,76.45,26.21,16.87,2025-02-23
,,12237012,False,102,,raw,00:15:00,2025-02-23T21:00:00Z,2025-02-24T02:30:00+05:30,2025-02-23T21:15:00Z,2025-02-24T02:45:00+05:30,1,00:15:00,1,00:15:00,100.0,100.0,2025-02-23,0.55818653,294.02023,42.627003,0.19420816,-0.43173066,99131.945,0.44,11.8,4.74,0.54,39.65,24.78,76.6,26.73,16.82,2025-02-23
,,12237012,False,102,,raw,00:15:00,2025-02-23T21:15:00Z,2025-02-24T02:45:00+05:30,2025-02-23T21:30:00Z,2025-02-24T03:00:00+05:30,1,00:15:00,1,00:15:00,100.0,100.0,2025-02-23,0.55818653,294.02023,42.627003,0.19420816,-0.43173066,99131.945,0.43,11.61,4.72,0.41,41.74,26.09,77.55,25.9,16.63,2025-02-23
,,12237012,False,102,,raw,00:15:00,2025-02-23T21:30:00Z,2025-02-24T03:00:00+05:30,2025-02-23T21:45:00Z,2025-02-24T03:15:00+05:30,1,00:15:00,1,00:15:00,100.0,100.0,2025-02-23,0.55818653,294.02023,42.627003,0.19420816,-0.43173066,99131.945,0.42,11.6,4.98,0.62,42.53,26.58,78.11,26.03,16.49,2025-02-23
,,12237012,False,102,,raw,00:15:00,2025-02-23T21:45:00Z,2025-02-24T03:15:00+05:30,2025-02-23T22:00:00Z,2025-02-24T03:30:00+05:30,1,00:15:00,1,00:15:00,100.0,100.0,2025-02-23,0.55818653,294.02023,42.627003,0.19420816,-0.43173066,99131.945,0.41,11.45,4.91,0.76,42.53,26.58,78.5,25.45,16.43,2025-02-23
,,12237012,False,102,,raw,00:15:00,2025-02-23T22:00:00Z,2025-02-24T03:30:00+05:30,2025-02-23T22:15:00Z,2025-02-24T03:45:00+05:30,1,00:15:00,1,00:15:00,100.0,100.0,2025-02-23,0.55818653,294.02023,42.627003,0.19420816,-0.43173066,99131.945,0.4,11.67,4.74,0.68,42.53,26.58,79.15,25.66,16.27,2025-02-23
,,12237012,False,102,,raw,00:15:00,2025-02-23T22:30:00Z,2025-02-24T04:00:00+05:30,2025-02-23T22:45:00Z,2025-02-24T04:15:00+05:30,1,00:15:00,1,00:15:00,100.0,100.0,2025-02-23,0.55818653,294.02023,42.627003,0.19420816,-0.43173066,99131.945,0.39,11.45,4.85,0.7,37.82,23.64,79.62,25.33,15.94,2025-02-23
,,12237012,False,102,,raw,00:15:00,2025-02-23T22:45:00Z,2025-02-24T04:15:00+05:30,2025-02-23T23:00:00Z,2025-02-24T04:30:00+05:30,1,00:15:00,1,00:15:00,100.0,100.0,2025-02-23,0.55818653,294.02023,42.627003,0.19420816,-0.43173066,99131.945,0.39,11.34,5.06,0.78,37.82,23.64,80.73,25.35,15.71,2025-02-23
,,12237012,False,102,,raw,00:15:00,2025-02-23T23:00:00Z,2025-02-24T04:30:00+05:30,2025-02-23T23:15:00Z,2025-02-24T04:45:00+05:30,1,00:15:00,1,00:15:00,100.0,100.0,2025-02-23,0.55818653,294.02023,42.627003,0.19420816,-0.43173066,99131.945,0.38,11.49,5.34,0.6,37.82,23.64,81.16,25.04,15.55,2025-02-23
,,12237012,False,102,,raw,00:15:00,2025-02-23T23:15:00Z,2025-02-24T04:45:00+05:30,2025-02-23T23:30:00Z,2025-02-24T05:00:00+05:30,1,00:15:00,1,00:15:00,100.0,100.0,2025-02-23,0.55818653,294.02023,42.627003,0.19420816,-0.43173066,99131.945,0.37,11.64,4.67,0.72,37.06,23.16,80.99,25.43,15.51,2025-02-23
,,12237012,False,102,,raw,00:15:00,2025-02-23T23:30:00Z,2025-02-24T05:00:00+05:30,2025-02-23T23:45:00Z,2025-02-24T05:15:00+05:30,1,00:15:00,1,00:15:00,100.0,100.0,2025-02-23,0.55818653,294.02023,42.627003,0.19420816,-0.43173066,99131.945,0.36,11.46,4.95,0.74,36.77,22.98,82.26,25.43,15.11,2025-02-23
,,12237012,False,102,,raw,00:15:00,2025-02-23T23:45:00Z,2025-02-24T05:15:00+05:30,2025-02-24T00:00:00Z,2025-02-24T05:30:00+05:30,1,00:15:00,1,00:15:00,100.0,100.0,2025-02-24,0.5791491,294.2854,38.45026,0.19082552,-0.35288528,99247.22,0.35,11.67,4.78,0.53,36.77,22.98,83.66,25.69,14.71,2025-02-24
,,12237012,False,102,,raw,00:15:00,2025-02-24T00:00:00Z,2025-02-24T05:30:00+05:30,2025-02-24T00:15:00Z,2025-02-24T05:45:00+05:30,1,00:15:00,1,00:15:00,100.0,100.0,2025-02-24,0.5791491,294.2854,38.45026,0.19082552,-0.35288528,99247.22,0.34,11.7,4.54,0.64,36.77,22.98,84.15,26.34,14.64,2025-02-24
,,12237012,False,102,,raw,00:15:00,2025-02-24T00:15:00Z,2025-02-24T05:45:00+05:30,2025-02-24T00:30:00Z,2025-02-24T06:00:00+05:30,1,00:15:00,1,00:15:00,100.0,100.0,2025-02-24,0.5791491,294.2854,38.45026,0.19082552,-0.35288528,99247.22,0.34,11.35,5.19,0.68,33.56,20.97,84.03,25.51,14.67,2025-02-24
,,12237012,False,102,,raw,00:15:00,2025-02-24T00:30:00Z,2025-02-24T06:00:00+05:30,2025-02-24T00:45:00Z,2025-02-24T06:15:00+05:30,1,00:15:00,1,00:15:00,100.0,100.0,2025-02-24,0.5791491,294.2854,38.45026,0.19082552,-0.35288528,99247.22,0.33,11.62,5.19,0.64,32.35,20.22,83.57,25.22,14.64,2025-02-24
,,12237012,False,102,,raw,00:15:00,2025-02-24T00:45:00Z,2025-02-24T06:15:00+05:30,2025-02-24T01:00:00Z,2025-02-24T06:30:00+05:30,1,00:15:00,1,00:15:00,100.0,100.0,2025-02-24,0.5791491,294.2854,38.45026,0.19082552,-0.35288528,99247.22,0.33,11.51,5.08,0.74,32.35,20.22,84.34,24.85,14.68,2025-02-24
,,12237012,False,102,,raw,00:15:00,2025-02-24T01:00:00Z,2025-02-24T06:30:00+05:30,2025-02-24T01:15:00Z,2025-02-24T06:45:00+05:30,1,00:15:00,1,00:15:00,100.0,100.0,2025-02-24,0.5791491,294.2854,38.45026,0.19082552,-0.35288528,99247.22,0.35,11.41,5.23,0.8,32.35,20.22,84.21,24.99,14.87,2025-02-24
,,12237012,False,102,,raw,00:15:00,2025-02-24T01:15:00Z,2025-02-24T06:45:00+05:30,2025-02-24T01:30:00Z,2025-02-24T07:00:00+05:30,1,00:15:00,1,00:15:00,100.0,100.0,2025-02-24,0.5791491,294.2854,38.45026,0.19082552,-0.35288528,99247.22,0.37,11.48,5.15,0.78,46.63,29.14,84.68,25.43,15.07,2025-02-24
,,12237012,False,102,,raw,00:15:00,2025-02-24T01:30:00Z,2025-02-24T07:00:00+05:30,2025-02-24T01:45:00Z,2025-02-24T07:15:00+05:30,1,00:15:00,1,00:15:00,100.0,100.0,2025-02-24,0.5791491,294.2854,38.45026,0.19082552,-0.35288528,99247.22,0.4,11.55,5.25,0.86,51.98,32.49,82.44,25.74,15.98,2025-02-24
,,12237012,False,102,,raw,00:15:00,2025-02-24T01:45:00Z,2025-02-24T07:15:00+05:30,2025-02-24T02:00:00Z,2025-02-24T07:30:00+05:30,1,00:15:00,1,00:15:00,100.0,100.0,2025-02-24,0.5791491,294.2854,38.45026,0.19082552,-0.35288528,99247.22,0.43,11.37,4.95,0.68,51.98,32.49,78.68,25.97,17.21,2025-02-24
,,12237012,False,102,,raw,00:15:00,2025-02-24T02:00:00Z,2025-02-24T07:30:00+05:30,2025-02-24T02:15:00Z,2025-02-24T07:45:00+05:30,1,00:15:00,1,00:15:00,100.0,100.0,2025-02-24,0.5791491,294.2854,38.45026,0.19082552,-0.35288528,99247.22,0.44,11.41,5.23,0.56,51.98,32.49,75.21,26.73,18.48,2025-02-24
,,12237012,False,102,,raw,00:15:00,2025-02-24T02:15:00Z,2025-02-24T07:45:00+05:30,2025-02-24T02:30:00Z,2025-02-24T08:00:00+05:30,1,00:15:00,1,00:15:00,100.0,100.0,2025-02-24,0.5791491,294.2854,38.45026,0.19082552,-0.35288528,99247.22,0.44,11.47,5.15,0.51,54.29,33.93,71.07,27.25,19.79,2025-02-24
,,12237012,False,102,,raw,00:15:00,2025-02-24T02:30:00Z,2025-02-24T08:00:00+05:30,2025-02-24T02:45:00Z,2025-02-24T08:15:00+05:30,1,00:15:00,1,00:15:00,100.0,100.0,2025-02-24,0.5791491,294.2854,38.45026,0.19082552,-0.35288528,99247.22,0.45,11.51,5.04,0.6,55.15,34.47,64.3,27.48,21.95,2025-02-24
,,12237012,False,102,,raw,00:15:00,2025-02-24T02:45:00Z,2025-02-24T08:15:00+05:30,2025-02-24T03:00:00Z,2025-02-24T08:30:00+05:30,1,00:15:00,1,00:15:00,100.0,100.0,2025-02-24,0.5791491,294.2854,38.45026,0.19082552,-0.35288528,99247.22,0.45,11.43,5.0,0.43,55.15,34.47,57.84,27.74,23.99,2025-02-24
,,12237012,False,102,,raw,00:15:00,2025-02-24T03:00:00Z,2025-02-24T08:30:00+05:30,2025-02-24T03:15:00Z,2025-02-24T08:45:00+05:30,1,00:15:00,1,00:15:00,100.0,100.0,2025-02-24,0.5791491,294.2854,38.45026,0.19082552,-0.35288528,99247.22,0.45,11.43,5.08,0.37,55.15,34.47,54.4,27.9,24.9,2025-02-24
,,12237012,False,102,,raw,00:15:00,2025-02-24T03:15:00Z,2025-02-24T08:45:00+05:30,2025-02-24T03:30:00Z,2025-02-24T09:00:00+05:30,1,00:15:00,1,00:15:00,100.0,100.0,2025-02-24,0.5791491,294.2854,38.45026,0.19082552,-0.35288528,99247.22,0.45,11.57,4.74,0.58,54.74,34.21,50.04,26.67,26.48,2025-02-24
,,12237012,False,102,,raw,00:15:00,2025-02-24T03:30:00Z,2025-02-24T09:00:00+05:30,2025-02-24T03:45:00Z,2025-02-24T09:15:00+05:30,1,00:15:00,1,00:15:00,100.0,100.0,2025-02-24,0.5791491,294.2854,38.45026,0.19082552,-0.35288528,99247.22,0.44,11.22,5.19,0.76,54.58,34.11,45.69,26.26,27.78,2025-02-24
,,12237012,False,102,,raw,00:15:00,2025-02-24T03:45:00Z,2025-02-24T09:15:00+05:30,2025-02-24T04:00:00Z,2025-02-24T09:30:00+05:30,1,00:15:00,1,00:15:00,100.0,100.0,2025-02-24,0.5791491,294.2854,38.45026,0.19082552,-0.35288528,99247.22,0.42,11.62,4.74,0.97,54.58,34.11,45.43,26.03,27.63,2025-02-24
,,12237012,False,102,,raw,00:15:00,2025-02-24T04:00:00Z,2025-02-24T09:30:00+05:30,2025-02-24T04:15:00Z,2025-02-24T09:45:00+05:30,1,00:15:00,1,00:15:00,100.0,100.0,2025-02-24,0.5791491,294.2854,38.45026,0.19082552,-0.35288528,99247.22,0.4,11.31,5.28,1.09,54.58,34.11,43.37,25.3,28.19,2025-02-24
,,12237012,False,102,,raw,00:15:00,2025-02-24T04:15:00Z,2025-02-24T09:45:00+05:30,2025-02-24T04:30:00Z,2025-02-24T10:00:00+05:30,1,00:15:00,1,00:15:00,100.0,100.0,2025-02-24,0.5791491,294.2854,38.45026,0.19082552,-0.35288528,99247.22,0.39,11.37,4.82,1.17,36.39,22.74,41.91,25.48,28.35,2025-02-24
,,12237012,False,102,,raw,00:15:00,2025-02-24T04:30:00Z,2025-02-24T10:00:00+05:30,2025-02-24T04:45:00Z,2025-02-24T10:15:00+05:30,1,00:15:00,1,00:15:00,100.0,100.0,2025-02-24,0.5791491,294.2854,38.45026,0.19082552,-0.35288528,99247.22,0.38,11.65,4.54,1.46,29.57,18.48,38.78,25.06,29.43,2025-02-24
,,12237012,False,102,,raw,00:15:00,2025-02-24T04:45:00Z,2025-02-24T10:15:00+05:30,2025-02-24T05:00:00Z,2025-02-24T10:30:00+05:30,1,00:15:00,1,00:15:00,100.0,100.0,2025-02-24,0.5791491,294.2854,38.45026,0.19082552,-0.35288528,99247.22,0.36,11.46,4.87,1.79,29.57,18.48,39.62,25.32,29.39,2025-02-24
,,12237012,False,102,,raw,00:15:00,2025-02-24T05:00:00Z,2025-02-24T10:30:00+05:30,2025-02-24T05:15:00Z,2025-02-24T10:45:00+05:30,1,00:15:00,1,00:15:00,100.0,100.0,2025-02-24,0.5791491,294.2854,38.45026,0.19082552,-0.35288528,99247.22,0.34,11.37,5.26,2.2,29.57,18.48,40.25,25.06,29.07,2025-02-24
,,12237012,False,102,,raw,00:15:00,2025-02-24T05:15:00Z,2025-02-24T10:45:00+05:30,2025-02-24T05:30:00Z,2025-02-24T11:00:00+05:30,1,00:15:00,1,00:15:00,100.0,100.0,2025-02-24,0.5791491,294.2854,38.45026,0.19082552,-0.35288528,99247.22,0.34,11.61,5.08,3.14,23.77,14.86,38.34,25.77,29.65,2025-02-24
,,12237012,False,102,,raw,00:15:00,2025-02-24T05:30:00Z,2025-02-24T11:00:00+05:30,2025-02-24T05:45:00Z,2025-02-24T11:15:00+05:30,1,00:15:00,1,00:15:00,100.0,100.0,2025-02-24,0.5791491,294.2854,38.45026,0.19082552,-0.35288528,99247.22,0.33,11.6,4.71,3.64,21.6,13.5,33.37,27.64,30.65,2025-02-24
,,12237012,False,102,,raw,00:15:00,2025-02-24T05:45:00Z,2025-02-24T11:15:00+05:30,2025-02-24T06:00:00Z,2025-02-24T11:30:00+05:30,1,00:15:00,1,00:15:00,100.0,100.0,2025-02-24,0.5791491,294.2854,38.45026,0.19082552,-0.35288528,99247.22,0.32,11.6,4.85,4.25,21.6,13.5,32.84,30.94,31.04,2025-02-24
,,12237012,False,102,,raw,00:15:00,2025-02-24T06:00:00Z,2025-02-24T11:30:00+05:30,2025-02-24T06:15:00Z,2025-02-24T11:45:00+05:30,1,00:15:00,1,00:15:00,100.0,100.0,2025-02-24,0.5791491,294.2854,38.45026,0.19082552,-0.35288528,99247.22,0.31,11.51,4.95,4.75,21.6,13.5,31.91,32.71,31.69,2025-02-24
,,12237012,False,102,,raw,00:15:00,2025-02-24T06:15:00Z,2025-02-24T11:45:00+05:30,2025-02-24T06:30:00Z,2025-02-24T12:00:00+05:30,1,00:15:00,1,00:15:00,100.0,100.0,2025-02-24,0.5791491,294.2854,38.45026,0.19082552,-0.35288528,99247.22,0.29,11.83,4.63,4.77,21.64,13.52,31.37,29.04,32.49,2025-02-24
,,12237012,False,102,,raw,00:15:00,2025-02-24T06:30:00Z,2025-02-24T12:00:00+05:30,2025-02-24T06:45:00Z,2025-02-24T12:15:00+05:30,1,00:15:00,1,00:15:00,100.0,100.0,2025-02-24,0.5791491,294.2854,38.45026,0.19082552,-0.35288528,99247.22,0.28,11.44,5.04,4.11,21.65,13.53,33.42,29.15,31.31,2025-02-24
,,12237012,False,102,,raw,00:15:00,2025-02-24T06:45:00Z,2025-02-24T12:15:00+05:30,2025-02-24T07:00:00Z,2025-02-24T12:30:00+05:30,1,00:15:00,1,00:15:00,100.0,100.0,2025-02-24,0.5791491,294.2854,38.45026,0.19082552,-0.35288528,99247.22,0.25,11.54,4.97,4.4,21.65,13.53,33.93,29.67,30.86,2025-02-24
,,12237012,False,102,,raw,00:15:00,2025-02-24T07:00:00Z,2025-02-24T12:30:00+05:30,2025-02-24T07:15:00Z,2025-02-24T12:45:00+05:30,1,00:15:00,1,00:15:00,100.0,100.0,2025-02-24,0.5791491,294.2854,38.45026,0.19082552,-0.35288528,99247.22,0.25,11.74,4.69,4.54,21.65,13.53,32.63,29.9,31.34,2025-02-24
,,12237012,False,102,,raw,00:15:00,2025-02-24T07:15:00Z,2025-02-24T12:45:00+05:30,2025-02-24T07:30:00Z,2025-02-24T13:00:00+05:30,1,00:15:00,1,00:15:00,100.0,100.0,2025-02-24,0.5791491,294.2854,38.45026,0.19082552,-0.35288528,99247.22,0.24,11.55,5.04,4.21,25.9,16.19,29.94,29.25,32.17,2025-02-24
,,12237012,False,102,,raw,00:15:00,2025-02-24T07:30:00Z,2025-02-24T13:00:00+05:30,2025-02-24T07:45:00Z,2025-02-24T13:15:00+05:30,1,00:15:00,1,00:15:00,100.0,100.0,2025-02-24,0.5791491,294.2854,38.45026,0.19082552,-0.35288528,99247.22,0.23,11.44,4.87,4.67,27.5,17.19,32.62,29.35,30.81,2025-02-24
,,12237012,False,102,,raw,00:15:00,2025-02-24T07:45:00Z,2025-02-24T13:15:00+05:30,2025-02-24T08:00:00Z,2025-02-24T13:30:00+05:30,1,00:15:00,1,00:15:00,100.0,100.0,2025-02-24,0.5791491,294.2854,38.45026,0.19082552,-0.35288528,99247.22,0.22,11.33,5.21,5.14,27.5,17.19,30.84,27.41,31.69,2025-02-24
,,12237012,False,102,,raw,00:15:00,2025-02-24T08:00:00Z,2025-02-24T13:30:00+05:30,2025-02-24T08:15:00Z,2025-02-24T13:45:00+05:30,1,00:15:00,1,00:15:00,100.0,100.0,2025-02-24,0.5791491,294.2854,38.45026,0.19082552,-0.35288528,99247.22,0.21,11.76,4.65,5.34,27.5,17.19,30.21,26.57,32.65,2025-02-24
,,12237012,False,102,,raw,00:15:00,2025-02-24T08:15:00Z,2025-02-24T13:45:00+05:30,2025-02-24T08:30:00Z,2025-02-24T14:00:00+05:30,1,00:15:00,1,00:15:00,100.0,100.0,2025-02-24,0.5791491,294.2854,38.45026,0.19082552,-0.35288528,99247.22,0.21,11.54,4.95,6.14,19.93,12.46,31.63,27.22,31.24,2025-02-24
,,12237012,False,102,,raw,00:15:00,2025-02-24T08:30:00Z,2025-02-24T14:00:00+05:30,2025-02-24T08:45:00Z,2025-02-24T14:15:00+05:30,1,00:15:00,1,00:15:00,100.0,100.0,2025-02-24,0.5791491,294.2854,38.45026,0.19082552,-0.35288528,99247.22,0.22,11.39,4.95,6.84,17.09,10.68,32.36,27.72,30.9,2025-02-24
,,12237012,False,102,,raw,00:15:00,2025-02-24T08:45:00Z,2025-02-24T14:15:00+05:30,2025-02-24T09:00:00Z,2025-02-24T14:30:00+05:30,1,00:15:00,1,00:15:00,100.0,100.0,2025-02-24,0.5791491,294.2854,38.45026,0.19082552,-0.35288528,99247.22,0.21,11.49,5.15,7.34,17.09,10.68,32.46,28.31,30.98,2025-02-24
,,12237012,False,102,,raw,00:15:00,2025-02-24T09:00:00Z,2025-02-24T14:30:00+05:30,2025-02-24T09:15:00Z,2025-02-24T14:45:00+05:30,1,00:15:00,1,00:15:00,100.0,100.0,2025-02-24,0.5791491,294.2854,38.45026,0.19082552,-0.35288528,99247.22,0.21,11.56,4.59,8.22,17.09,10.68,33.96,28.83,30.33,2025-02-24
,,12237012,False,102,,raw,00:15:00,2025-02-24T09:15:00Z,2025-02-24T14:45:00+05:30,2025-02-24T09:30:00Z,2025-02-24T15:00:00+05:30,1,00:15:00,1,00:15:00,100.0,100.0,2025-02-24,0.5791491,294.2854,38.45026,0.19082552,-0.35288528,99247.22,0.2,11.61,5.06,7.29,15.0,9.37,35.09,26.96,29.78,2025-02-24
,,12237012,False,102,,raw,00:15:00,2025-02-24T09:30:00Z,2025-02-24T15:00:00+05:30,2025-02-24T09:45:00Z,2025-02-24T15:15:00+05:30,1,00:15:00,1,00:15:00,100.0,100.0,2025-02-24,0.5791491,294.2854,38.45026,0.19082552,-0.35288528,99247.22,0.18,11.5,4.87,6.88,14.21,8.88,35.45,26.62,29.47,2025-02-24
,,12237012,False,102,,raw,00:15:00,2025-02-24T09:45:00Z,2025-02-24T15:15:00+05:30,2025-02-24T10:00:00Z,2025-02-24T15:30:00+05:30,1,00:15:00,1,00:15:00,100.0,100.0,2025-02-24,0.5791491,294.2854,38.45026,0.19082552,-0.35288528,99247.22,0.17,11.49,4.67,6.45,14.21,8.88,34.53,26.05,29.42,2025-02-24
,,12237012,False,102,,raw,00:15:00,2025-02-24T10:00:00Z,2025-02-24T15:30:00+05:30,2025-02-24T10:15:00Z,2025-02-24T15:45:00+05:30,1,00:15:00,1,00:15:00,100.0,100.0,2025-02-24,0.5791491,294.2854,38.45026,0.19082552,-0.35288528,99247.22,0.16,11.7,4.63,6.0,14.21,8.88,33.43,25.71,30.02,2025-02-24
,,12237012,False,102,,raw,00:15:00,2025-02-24T10:15:00Z,2025-02-24T15:45:00+05:30,2025-02-24T10:30:00Z,2025-02-24T16:00:00+05:30,1,00:15:00,1,00:15:00,100.0,100.0,2025-02-24,0.5791491,294.2854,38.45026,0.19082552,-0.35288528,99247.22,0.16,11.34,5.08,6.8,14.87,9.29,34.12,25.66,29.27,2025-02-24
,,12237012,False,102,,raw,00:15:00,2025-02-24T10:30:00Z,2025-02-24T16:00:00+05:30,2025-02-24T10:45:00Z,2025-02-24T16:15:00+05:30,1,00:15:00,1,00:15:00,100.0,100.0,2025-02-24,0.5791491,294.2854,38.45026,0.19082552,-0.35288528,99247.22,0.16,11.39,4.54,5.79,15.12,9.45,33.56,25.45,29.48,2025-02-24
,,12237012,False,102,,raw,00:15:00,2025-02-24T10:45:00Z,2025-02-24T16:15:00+05:30,2025-02-24T11:00:00Z,2025-02-24T16:30:00+05:30,1,00:15:00,1,00:15:00,100.0,100.0,2025-02-24,0.5791491,294.2854,38.45026,0.19082552,-0.35288528,99247.22,0.16,11.42,4.72,6.96,15.12,9.45,34.01,25.14,29.51,2025-02-24
,,12237012,False,102,,raw,00:15:00,2025-02-24T11:00:00Z,2025-02-24T16:30:00+05:30,2025-02-24T11:15:00Z,2025-02-24T16:45:00+05:30,1,00:15:00,1,00:15:00,100.0,100.0,2025-02-24,0.5791491,294.2854,38.45026,0.19082552,-0.35288528,99247.22,0.15,11.68,4.59,6.04,15.12,9.45,33.56,25.3,29.23,2025-02-24
,,12237012,False,102,,raw,00:15:00,2025-02-24T11:15:00Z,2025-02-24T16:45:00+05:30,2025-02-24T11:30:00Z,2025-02-24T17:00:00+05:30,1,00:15:00,1,00:15:00,100.0,100.0,2025-02-24,0.5791491,294.2854,38.45026,0.19082552,-0.35288528,99247.22,0.16,11.61,4.67,6.62,13.59,8.49,33.22,25.27,28.61,2025-02-24
,,12237012,False,102,,raw,00:15:00,2025-02-24T11:30:00Z,2025-02-24T17:00:00+05:30,2025-02-24T11:45:00Z,2025-02-24T17:15:00+05:30,1,00:15:00,1,00:15:00,100.0,100.0,2025-02-24,0.5791491,294.2854,38.45026,0.19082552,-0.35288528,99247.22,0.16,11.6,4.87,7.21,13.01,8.13,34.37,26.24,28.14,2025-02-24
,,12237012,False,102,,raw,00:15:00,2025-02-24T11:45:00Z,2025-02-24T17:15:00+05:30,2025-02-24T12:00:00Z,2025-02-24T17:30:00+05:30,1,00:15:00,1,00:15:00,100.0,100.0,2025-02-24,0.5791491,294.2854,38.45026,0.19082552,-0.35288528,99247.22,0.16,11.33,5.23,7.11,13.01,8.13,36.16,26.55,27.47,2025-02-24
,,12237012,False,102,,raw,00:15:00,2025-02-24T12:00:00Z,2025-02-24T17:30:00+05:30,2025-02-24T12:15:00Z,2025-02-24T17:45:00+05:30,1,00:15:00,1,00:15:00,100.0,100.0,2025-02-24,0.5791491,294.2854,38.45026,0.19082552,-0.35288528,99247.22,0.17,11.51,4.67,6.41,13.01,8.13,38.13,27.25,26.38,2025-02-24
,,12237012,False,102,,raw,00:15:00,2025-02-24T12:15:00Z,2025-02-24T17:45:00+05:30,2025-02-24T12:30:00Z,2025-02-24T18:00:00+05:30,1,00:15:00,1,00:15:00,100.0,100.0,2025-02-24,0.5791491,294.2854,38.45026,0.19082552,-0.35288528,99247.22,0.16,11.78,4.69,5.49,13.25,8.28,40.22,25.9,25.28,2025-02-24
,,12237012,False,102,,raw,00:15:00,2025-02-24T12:30:00Z,2025-02-24T18:00:00+05:30,2025-02-24T12:45:00Z,2025-02-24T18:15:00+05:30,1,00:15:00,1,00:15:00,100.0,100.0,2025-02-24,0.5791491,294.2854,38.45026,0.19082552,-0.35288528,99247.22,0.16,11.57,5.02,4.33,13.34,8.34,43.5,25.92,24.31,2025-02-24
,,12237012,False,102,,raw,00:15:00,2025-02-24T12:45:00Z,2025-02-24T18:15:00+05:30,2025-02-24T13:00:00Z,2025-02-24T18:30:00+05:30,1,00:15:00,1,00:15:00,100.0,100.0,2025-02-24,0.5791491,294.2854,38.45026,0.19082552,-0.35288528,99247.22,0.17,11.51,4.95,4.32,13.34,8.34,45.22,25.77,23.62,2025-02-24
,,12237012,False,102,,raw,00:15:00,2025-02-24T13:00:00Z,2025-02-24T18:30:00+05:30,2025-02-24T13:15:00Z,2025-02-24T18:45:00+05:30,1,00:15:00,1,00:15:00,100.0,100.0,2025-02-24,0.5791491,294.2854,38.45026,0.19082552,-0.35288528,99247.22,0.18,11.51,4.76,6.08,13.34,8.34,46.78,25.71,22.99,2025-02-24
,,12237012,False,102,,raw,00:15:00,2025-02-24T13:15:00Z,2025-02-24T18:45:00+05:30,2025-02-24T13:30:00Z,2025-02-24T19:00:00+05:30,1,00:15:00,1,00:15:00,100.0,100.0,2025-02-24,0.5791491,294.2854,38.45026,0.19082552,-0.35288528,99247.22,0.2,11.36,5.32,3.94,21.23,13.27,50.17,25.09,22.47,2025-02-24
,,12237012,False,102,,raw,00:15:00,2025-02-24T13:30:00Z,2025-02-24T19:00:00+05:30,2025-02-24T13:45:00Z,2025-02-24T19:15:00+05:30,1,00:15:00,1,00:15:00,100.0,100.0,2025-02-24,0.5791491,294.2854,38.45026,0.19082552,-0.35288528,99247.22,0.22,11.65,4.56,2.63,24.19,15.12,52.79,25.3,21.89,2025-02-24
,,12237012,False,102,,raw,00:15:00,2025-02-24T13:45:00Z,2025-02-24T19:15:00+05:30,2025-02-24T14:00:00Z,2025-02-24T19:30:00+05:30,1,00:15:00,1,00:15:00,100.0,100.0,2025-02-24,0.5791491,294.2854,38.45026,0.19082552,-0.35288528,99247.22,0.42,11.38,5.04,0.95,24.19,15.12,56.67,25.61,21.14,2025-02-24
,,12237012,False,102,,raw,00:15:00,2025-02-24T14:00:00Z,2025-02-24T19:30:00+05:30,2025-02-24T14:15:00Z,2025-02-24T19:45:00+05:30,1,00:15:00,1,00:15:00,100.0,100.0,2025-02-24,0.5791491,294.2854,38.45026,0.19082552,-0.35288528,99247.22,0.38,11.67,5.08,0.74,24.19,15.12,59.7,25.32,20.67,2025-02-24
,,12237012,False,102,,raw,00:15:00,2025-02-24T14:15:00Z,2025-02-24T19:45:00+05:30,2025-02-24T14:30:00Z,2025-02-24T20:00:00+05:30,1,00:15:00,1,00:15:00,100.0,100.0,2025-02-24,0.5791491,294.2854,38.45026,0.19082552,-0.35288528,99247.22,0.47,11.66,4.85,0.64,40.77,25.48,60.99,25.32,20.19,2025-02-24
,,12237012,False,102,,raw,00:15:00,2025-02-24T14:30:00Z,2025-02-24T20:00:00+05:30,2025-02-24T14:45:00Z,2025-02-24T20:15:00+05:30,1,00:15:00,1,00:15:00,100.0,100.0,2025-02-24,0.5791491,294.2854,38.45026,0.19082552,-0.35288528,99247.22,0.59,11.31,5.15,0.49,46.99,29.37,61.87,26.39,19.99,2025-02-24
,,12237012,False,102,,raw,00:15:00,2025-02-24T14:45:00Z,2025-02-24T20:15:00+05:30,2025-02-24T15:00:00Z,2025-02-24T20:30:00+05:30,1,00:15:00,1,00:15:00,100.0,100.0,2025-02-24,0.5791491,294.2854,38.45026,0.19082552,-0.35288528,99247.22,0.7,11.32,5.1,0.49,46.99,29.37,63.81,26.99,19.87,2025-02-24
,,12237012,False,102,,raw,00:15:00,2025-02-24T15:00:00Z,2025-02-24T20:30:00+05:30,2025-02-24T15:15:00Z,2025-02-24T20:45:00+05:30,1,00:15:00,1,00:15:00,100.0,100.0,2025-02-24,0.5791491,294.2854,38.45026,0.19082552,-0.35288528,99247.22,0.78,11.67,4.87,0.31,46.99,29.37,65.1,27.64,19.73,2025-02-24
,,12237012,False,102,,raw,00:15:00,2025-02-24T15:15:00Z,2025-02-24T20:45:00+05:30,2025-02-24T15:30:00Z,2025-02-24T21:00:00+05:30,1,00:15:00,1,00:15:00,100.0,100.0,2025-02-24,0.5791491,294.2854,38.45026,0.19082552,-0.35288528,99247.22,0.83,11.46,5.21,0.43,47.24,29.52,65.48,27.27,19.61,2025-02-24
,,12237012,False,102,,raw,00:15:00,2025-02-24T15:30:00Z,2025-02-24T21:00:00+05:30,2025-02-24T15:45:00Z,2025-02-24T21:15:00+05:30,1,00:15:00,1,00:15:00,100.0,100.0,2025-02-24,0.5791491,294.2854,38.45026,0.19082552,-0.35288528,99247.22,0.84,11.63,5.0,0.66,47.33,29.58,66.57,27.15,19.21,2025-02-24
,,12237012,False,102,,raw,00:15:00,2025-02-24T15:45:00Z,2025-02-24T21:15:00+05:30,2025-02-24T16:00:00Z,2025-02-24T21:30:00+05:30,1,00:15:00,1,00:15:00,100.0,100.0,2025-02-24,0.5791491,294.2854,38.45026,0.19082552,-0.35288528,99247.22,0.84,11.65,4.71,0.66,47.33,29.58,67.49,26.99,18.95,2025-02-24
,,12237012,False,102,,raw,00:15:00,2025-02-24T16:00:00Z,2025-02-24T21:30:00+05:30,2025-02-24T16:15:00Z,2025-02-24T21:45:00+05:30,1,00:15:00,1,00:15:00,100.0,100.0,2025-02-24,0.5791491,294.2854,38.45026,0.19082552,-0.35288528,99247.22,0.84,11.4,5.06,0.58,47.33,29.58,68.2,26.73,18.66,2025-02-24
,,12237012,False,102,,raw,00:15:00,2025-02-24T16:15:00Z,2025-02-24T21:45:00+05:30,2025-02-24T16:30:00Z,2025-02-24T22:00:00+05:30,1,00:15:00,1,00:15:00,100.0,100.0,2025-02-24,0.5791491,294.2854,38.45026,0.19082552,-0.35288528,99247.22,0.85,11.33,5.08,0.64,47.72,29.82,69.45,26.55,18.44,2025-02-24
,,12237012,False,102,,raw,00:15:00,2025-02-24T16:30:00Z,2025-02-24T22:00:00+05:30,2025-02-24T16:45:00Z,2025-02-24T22:15:00+05:30,1,00:15:00,1,00:15:00,100.0,100.0,2025-02-24,0.5791491,294.2854,38.45026,0.19082552,-0.35288528,99247.22,0.85,11.54,4.98,0.68,47.86,29.91,69.12,26.36,18.42,2025-02-24
,,12237012,False,102,,raw,00:15:00,2025-02-24T16:45:00Z,2025-02-24T22:15:00+05:30,2025-02-24T17:00:00Z,2025-02-24T22:30:00+05:30,1,00:15:00,1,00:15:00,100.0,100.0,2025-02-24,0.5791491,294.2854,38.45026,0.19082552,-0.35288528,99247.22,0.83,11.36,5.15,0.66,47.86,29.91,70.31,26.6,18.13,2025-02-24
,,12237012,False,102,,raw,00:15:00,2025-02-24T17:00:00Z,2025-02-24T22:30:00+05:30,2025-02-24T17:15:00Z,2025-02-24T22:45:00+05:30,1,00:15:00,1,00:15:00,100.0,100.0,2025-02-24,0.5791491,294.2854,38.45026,0.19082552,-0.35288528,99247.22,0.82,11.49,4.74,0.6,47.86,29.91,70.31,26.44,18.15,2025-02-24
,,12237012,False,102,,raw,00:15:00,2025-02-24T17:15:00Z,2025-02-24T22:45:00+05:30,2025-02-24T17:30:00Z,2025-02-24T23:00:00+05:30,1,00:15:00,1,00:15:00,100.0,100.0,2025-02-24,0.5791491,294.2854,38.45026,0.19082552,-0.35288528,99247.22,0.8,11.52,5.19,0.72,42.69,26.68,70.45,27.04,18.07,2025-02-24
,,12237012,False,102,,raw,00:15:00,2025-02-24T17:30:00Z,2025-02-24T23:00:00+05:30,2025-02-24T17:45:00Z,2025-02-24T23:15:00+05:30,1,00:15:00,1,00:15:00,100.0,100.0,2025-02-24,0.5791491,294.2854,38.45026,0.19082552,-0.35288528,99247.22,0.77,11.38,4.55,0.51,40.75,25.47,71.11,26.81,17.85,2025-02-24
,,12237012,False,102,,raw,00:15:00,2025-02-24T17:45:00Z,2025-02-24T23:15:00+05:30,2025-02-24T18:00:00Z,2025-02-24T23:30:00+05:30,1,00:15:00,1,00:15:00,100.0,100.0,2025-02-24,0.5791491,294.2854,38.45026,0.19082552,-0.35288528,99247.22,0.73,11.37,5.1,0.51,40.75,25.47,70.49,27.48,18.04,2025-02-24
,,12237012,False,102,,raw,00:15:00,2025-02-24T18:00:00Z,2025-02-24T23:30:00+05:30,2025-02-24T18:15:00Z,2025-02-24T23:45:00+05:30,1,00:15:00,1,00:15:00,100.0,100.0,2025-02-24,0.5791491,294.2854,38.45026,0.19082552,-0.35288528,99247.22,0.7,11.57,4.85,0.45,40.75,25.47,70.37,27.84,18.15,2025-02-24
,,12237012,False,102,,raw,00:15:00,2025-02-24T19:00:00Z,2025-02-25T00:30:00+05:30,2025-02-24T19:15:00Z,2025-02-25T00:45:00+05:30,1,00:15:00,1,00:15:00,100.0,100.0,2025-02-24,0.5791491,294.2854,38.45026,0.19082552,-0.35288528,99247.22,0.6,11.65,4.76,0.6,37.73,23.58,69.39,25.74,17.91,2025-02-24
,,12237012,False,102,,raw,00:15:00,2025-02-24T19:15:00Z,2025-02-25T00:45:00+05:30,2025-02-24T19:30:00Z,2025-02-25T01:00:00+05:30,1,00:15:00,1,00:15:00,100.0,100.0,2025-02-24,0.5791491,294.2854,38.45026,0.19082552,-0.35288528,99247.22,0.58,11.54,5.02,0.68,45.62,28.51,69.52,26.13,17.68,2025-02-24
,,12237012,False,102,,raw,00:15:00,2025-02-24T19:30:00Z,2025-02-25T01:00:00+05:30,2025-02-24T19:45:00Z,2025-02-25T01:15:00+05:30,1,00:15:00,1,00:15:00,100.0,100.0,2025-02-24,0.5791491,294.2854,38.45026,0.19082552,-0.35288528,99247.22,0.57,11.61,4.74,0.74,48.58,30.36,70.59,26.03,17.47,2025-02-24
,,12237012,False,102,,raw,00:15:00,2025-02-24T19:45:00Z,2025-02-25T01:15:00+05:30,2025-02-24T20:00:00Z,2025-02-25T01:30:00+05:30,1,00:15:00,1,00:15:00,100.0,100.0,2025-02-24,0.5791491,294.2854,38.45026,0.19082552,-0.35288528,99247.22,0.55,11.35,5.32,0.68,48.58,30.36,70.41,25.8,17.23,2025-02-24
,,12237012,False,102,,raw,00:15:00,2025-02-24T20:00:00Z,2025-02-25T01:30:00+05:30,2025-02-24T20:15:00Z,2025-02-25T01:45:00+05:30,1,00:15:00,1,00:15:00,100.0,100.0,2025-02-24,0.5791491,294.2854,38.45026,0.19082552,-0.35288528,99247.22,0.54,11.21,5.36,0.7,48.58,30.36,70.73,25.77,17.16,2025-02-24
,,12237012,False,102,,raw,00:15:00,2025-02-24T20:15:00Z,2025-02-25T01:45:00+05:30,2025-02-24T20:30:00Z,2025-02-25T02:00:00+05:30,1,00:15:00,1,00:15:00,100.0,100.0,2025-02-24,0.5791491,294.2854,38.45026,0.19082552,-0.35288528,99247.22,0.52,11.5,4.97,0.78,43.62,27.26,70.51,26.08,17.09,2025-02-24
,,12237012,False,102,,raw,00:15:00,2025-02-24T20:30:00Z,2025-02-25T02:00:00+05:30,2025-02-24T20:45:00Z,2025-02-25T02:15:00+05:30,1,00:15:00,1,00:15:00,100.0,100.0,2025-02-24,0.5791491,294.2854,38.45026,0.19082552,-0.35288528,99247.22,0.49,11.84,5.23,0.64,41.76,26.1,70.73,26.28,16.9,2025-02-24
,,12237012,False,102,,raw,00:15:00,2025-02-24T20:45:00Z,2025-02-25T02:15:00+05:30,2025-02-24T21:00:00Z,2025-02-25T02:30:00+05:30,1,00:15:00,1,00:15:00,100.0,100.0,2025-02-24,0.5791491,294.2854,38.45026,0.19082552,-0.35288528,99247.22,0.47,11.33,5.32,0.6,41.76,26.1,71.43,26.6,16.71,2025-02-24
,,12237012,False,102,,raw,00:15:00,2025-02-24T21:00:00Z,2025-02-25T02:30:00+05:30,2025-02-24T21:15:00Z,2025-02-25T02:45:00+05:30,1,00:15:00,1,00:15:00,100.0,100.0,2025-02-24,0.5791491,294.2854,38.45026,0.19082552,-0.35288528,99247.22,0.45,11.38,5.04,0.6,41.76,26.1,72.0,26.73,16.6,2025-02-24
,,12237012,False,102,,raw,00:15:00,2025-02-24T21:15:00Z,2025-02-25T02:45:00+05:30,2025-02-24T21:30:00Z,2025-02-25T03:00:00+05:30,1,00:15:00,1,00:15:00,100.0,100.0,2025-02-24,0.5791491,294.2854,38.45026,0.19082552,-0.35288528,99247.22,0.43,11.43,5.06,0.55,31.53,19.71,71.91,25.74,16.52,2025-02-24
,,12237012,False,102,,raw,00:15:00,2025-02-24T21:30:00Z,2025-02-25T03:00:00+05:30,2025-02-24T21:45:00Z,2025-02-25T03:15:00+05:30,1,00:15:00,1,00:15:00,100.0,100.0,2025-02-24,0.5791491,294.2854,38.45026,0.19082552,-0.35288528,99247.22,0.4,11.45,5.38,0.72,27.7,17.31,73.24,25.82,16.39,2025-02-24
,,12237012,False,102,,raw,00:15:00,2025-02-24T21:45:00Z,2025-02-25T03:15:00+05:30,2025-02-24T22:00:00Z,2025-02-25T03:30:00+05:30,1,00:15:00,1,00:15:00,100.0,100.0,2025-02-24,0.5791491,294.2854,38.45026,0.19082552,-0.35288528,99247.22,0.4,11.3,5.02,0.86,27.7,17.31,75.18,25.5,16.54,2025-02-24
,,12237012,False,102,,raw,00:15:00,2025-02-24T22:00:00Z,2025-02-25T03:30:00+05:30,2025-02-24T22:15:00Z,2025-02-25T03:45:00+05:30,1,00:15:00,1,00:15:00,100.0,100.0,2025-02-24,0.5791491,294.2854,38.45026,0.19082552,-0.35288528,99247.22,0.39,11.49,5.0,0.8,27.7,17.31,77.08,25.37,16.56,2025-02-24
,,12237012,False,102,,raw,00:15:00,2025-02-24T22:15:00Z,2025-02-25T03:45:00+05:30,2025-02-24T22:30:00Z,2025-02-25T04:00:00+05:30,1,00:15:00,1,00:15:00,100.0,100.0,2025-02-24,0.5791491,294.2854,38.45026,0.19082552,-0.35288528,99247.22,0.39,11.44,5.02,0.7,30.0,18.75,78.62,25.45,16.33,2025-02-24
,,12237012,False,102,,raw,00:15:00,2025-02-24T22:30:00Z,2025-02-25T04:00:00+05:30,2025-02-24T22:45:00Z,2025-02-25T04:15:00+05:30,1,00:15:00,1,00:15:00,100.0,100.0,2025-02-24,0.5791491,294.2854,38.45026,0.19082552,-0.35288528,99247.22,0.39,11.2,5.1,0.76,30.86,19.29,78.89,25.45,16.08,2025-02-24
,,12237012,False,102,,raw,00:15:00,2025-02-24T22:45:00Z,2025-02-25T04:15:00+05:30,2025-02-24T23:00:00Z,2025-02-25T04:30:00+05:30,1,00:15:00,1,00:15:00,100.0,100.0,2025-02-24,0.5791491,294.2854,38.45026,0.19082552,-0.35288528,99247.22,0.37,11.37,5.15,0.66,30.86,19.29,77.24,25.64,16.05,2025-02-24
,,12237012,False,102,,raw,00:15:00,2025-02-24T23:00:00Z,2025-02-25T04:30:00+05:30,2025-02-24T23:15:00Z,2025-02-25T04:45:00+05:30,1,00:15:00,1,00:15:00,100.0,100.0,2025-02-24,0.5791491,294.2854,38.45026,0.19082552,-0.35288528,99247.22,0.36,11.45,4.72,0.78,30.86,19.29,76.91,25.53,16.07,2025-02-24
,,12237012,False,102,,raw,00:15:00,2025-02-24T23:15:00Z,2025-02-25T04:45:00+05:30,2025-02-24T23:30:00Z,2025-02-25T05:00:00+05:30,1,00:15:00,1,00:15:00,100.0,100.0,2025-02-24,0.5791491,294.2854,38.45026,0.19082552,-0.35288528,99247.22,0.35,11.63,4.87,0.86,30.06,18.79,75.99,25.24,16.16,2025-02-24
,,12237012,False,102,,raw,00:15:00,2025-02-24T23:30:00Z,2025-02-25T05:00:00+05:30,2025-02-24T23:45:00Z,2025-02-25T05:15:00+05:30,1,00:15:00,1,00:15:00,100.0,100.0,2025-02-24,0.5791491,294.2854,38.45026,0.19082552,-0.35288528,99247.22,0.34,11.54,4.82,0.8,29.76,18.6,76.79,25.92,15.85,2025-02-24
,,12237012,False,102,,raw,00:15:00,2025-02-24T23:45:00Z,2025-02-25T05:15:00+05:30,2025-02-25T00:00:00Z,2025-02-25T05:30:00+05:30,1,00:15:00,1,00:15:00,100.0,100.0,2025-02-25,1.0518914,293.81015,41.217022,-0.13092963,0.41893026,99332.18,0.34,11.56,5.12,0.55,29.76,18.6,78.52,25.98,15.13,2025-02-25
,,12237012,False,102,,raw,00:15:00,2025-02-25T00:00:00Z,2025-02-25T05:30:00+05:30,2025-02-25T00:15:00Z,2025-02-25T05:45:00+05:30,1,00:15:00,1,00:15:00,100.0,100.0,2025-02-25,1.0518914,293.81015,41.217022,-0.13092963,0.41893026,99332.18,0.34,11.8,4.78,0.64,29.76,18.6,80.67,26.23,14.72,2025-02-25
,,12237012,False,102,,raw,00:15:00,2025-02-25T00:15:00Z,2025-02-25T05:45:00+05:30,2025-02-25T00:30:00Z,2025-02-25T06:00:00+05:30,1,00:15:00,1,00:15:00,100.0,100.0,2025-02-25,1.0518914,293.81015,41.217022,-0.13092963,0.41893026,99332.18,0.34,11.18,4.8,0.56,30.63,19.15,81.48,25.56,14.44,2025-02-25
,,12237012,False,102,,raw,00:15:00,2025-02-25T00:30:00Z,2025-02-25T06:00:00+05:30,2025-02-25T00:45:00Z,2025-02-25T06:15:00+05:30,1,00:15:00,1,00:15:00,100.0,100.0,2025-02-25,1.0518914,293.81015,41.217022,-0.13092963,0.41893026,99332.18,0.33,11.62,5.41,0.68,30.96,19.35,82.13,25.69,14.22,2025-02-25
,,12237012,False,102,,raw,00:15:00,2025-02-25T00:45:00Z,2025-02-25T06:15:00+05:30,2025-02-25T01:00:00Z,2025-02-25T06:30:00+05:30,1,00:15:00,1,00:15:00,100.0,100.0,2025-02-25,1.0518914,293.81015,41.217022,-0.13092963,0.41893026,99332.18,0.34,11.65,4.67,0.82,30.96,19.35,82.86,25.27,14.29,2025-02-25
,,12237012,False,102,,raw,00:15:00,2025-02-25T01:00:00Z,2025-02-25T06:30:00+05:30,2025-02-25T01:15:00Z,2025-02-25T06:45:00+05:30,1,00:15:00,1,00:15:00,100.0,100.0,2025-02-25,1.0518914,293.81015,41.217022,-0.13092963,0.41893026,99332.18,0.34,11.39,5.34,0.9,30.96,19.35,82.13,25.01,14.29,2025-02-25
,,12237012,False,102,,raw,00:15:00,2025-02-25T01:15:00Z,2025-02-25T06:45:00+05:30,2025-02-25T01:30:00Z,2025-02-25T07:00:00+05:30,1,00:15:00,1,00:15:00,100.0,100.0,2025-02-25,1.0518914,293.81015,41.217022,-0.13092963,0.41893026,99332.18,0.35,11.8,4.52,0.74,36.58,22.86,81.95,25.45,14.46,2025-02-25
,,12237012,False,102,,raw,00:15:00,2025-02-25T01:30:00Z,2025-02-25T07:00:00+05:30,2025-02-25T01:45:00Z,2025-02-25T07:15:00+05:30,1,00:15:00,1,00:15:00,100.0,100.0,2025-02-25,1.0518914,293.81015,41.217022,-0.13092963,0.41893026,99332.18,0.35,11.38,5.1,0.82,38.69,24.18,79.46,25.58,15.23,2025-02-25
,,12237012,False,102,,raw,00:15:00,2025-02-25T01:45:00Z,2025-02-25T07:15:00+05:30,2025-02-25T02:00:00Z,2025-02-25T07:30:00+05:30,1,00:15:00,1,00:15:00,100.0,100.0,2025-02-25,1.0518914,293.81015,41.217022,-0.13092963,0.41893026,99332.18,0.35,11.44,5.08,0.8,38.69,24.18,75.76,25.85,16.23,2025-02-25
,,12237012,False,102,,raw,00:15:00,2025-02-25T02:00:00Z,2025-02-25T07:30:00+05:30,2025-02-25T02:15:00Z,2025-02-25T07:45:00+05:30,1,00:15:00,1,00:15:00,100.0,100.0,2025-02-25,1.0518914,293.81015,41.217022,-0.13092963,0.41893026,99332.18,0.37,11.41,4.93,0.62,38.69,24.18,70.76,26.68,18.03,2025-02-25
,,12237012,False,102,,raw,00:15:00,2025-02-25T02:15:00Z,2025-02-25T07:45:00+05:30,2025-02-25T02:30:00Z,2025-02-25T08:00:00+05:30,1,00:15:00,1,00:15:00,100.0,100.0,2025-02-25,1.0518914,293.81015,41.217022,-0.13092963,0.41893026,99332.18,0.38,11.66,4.76,0.58,51.78,32.36,66.33,26.93,19.43,2025-02-25
,,12237012,False,102,,raw,00:15:00,2025-02-25T02:30:00Z,2025-02-25T08:00:00+05:30,2025-02-25T02:45:00Z,2025-02-25T08:15:00+05:30,1,00:15:00,1,00:15:00,100.0,100.0,2025-02-25,1.0518914,293.81015,41.217022,-0.13092963,0.41893026,99332.18,0.39,11.49,5.27,0.66,56.69,35.43,59.21,27.46,21.11,2025-02-25
,,12237012,False,102,,raw,00:15:00,2025-02-25T02:45:00Z,2025-02-25T08:15:00+05:30,2025-02-25T03:00:00Z,2025-02-25T08:30:00+05:30,1,00:15:00,1,00:15:00,100.0,100.0,2025-02-25,1.0518914,293.81015,41.217022,-0.13092963,0.41893026,99332.18,0.39,11.51,5.23,0.6,56.69,35.43,53.75,28.31,22.56,2025-02-25
,,12237012,False,102,,raw,00:15:00,2025-02-25T03:00:00Z,2025-02-25T08:30:00+05:30,2025-02-25T03:15:00Z,2025-02-25T08:45:00+05:30,1,00:15:00,1,00:15:00,100.0,100.0,2025-02-25,1.0518914,293.81015,41.217022,-0.13092963,0.41893026,99332.18,0.39,11.55,5.12,0.76,56.69,35.43,48.75,28.29,24.07,2025-02-25
,,12237012,False,102,,raw,00:15:00,2025-02-25T03:15:00Z,2025-02-25T08:45:00+05:30,2025-02-25T03:30:00Z,2025-02-25T09:00:00+05:30,1,00:15:00,1,00:15:00,100.0,100.0,2025-02-25,1.0518914,293.81015,41.217022,-0.13092963,0.41893026,99332.18,0.38,11.58,4.85,0.86,51.8,32.38,46.19,26.65,24.92,2025-02-25
,,12237012,False,102,,raw,00:15:00,2025-02-25T03:30:00Z,2025-02-25T09:00:00+05:30,2025-02-25T03:45:00Z,2025-02-25T09:15:00+05:30,1,00:15:00,1,00:15:00,100.0,100.0,2025-02-25,1.0518914,293.81015,41.217022,-0.13092963,0.41893026,99332.18,0.35,11.79,4.41,1.34,49.97,31.23,45.06,26.05,25.72,2025-02-25
,,12237012,False,102,,raw,00:15:00,2025-02-25T03:45:00Z,2025-02-25T09:15:00+05:30,2025-02-25T04:00:00Z,2025-02-25T09:30:00+05:30,1,00:15:00,1,00:15:00,100.0,100.0,2025-02-25,1.0518914,293.81015,41.217022,-0.13092963,0.41893026,99332.18,0.34,11.6,4.69,1.71,49.97,31.23,44.28,25.77,26.32,2025-02-25
,,12237012,False,102,,raw,00:15:00,2025-02-25T04:00:00Z,2025-02-25T09:30:00+05:30,2025-02-25T04:15:00Z,2025-02-25T09:45:00+05:30,1,00:15:00,1,00:15:00,100.0,100.0,2025-02-25,1.0518914,293.81015,41.217022,-0.13092963,0.41893026,99332.18,0.33,11.71,4.57,2.08,49.97,31.23,41.6,25.48,27.3,2025-02-25
,,12237012,False,102,,raw,00:15:00,2025-02-25T04:15:00Z,2025-02-25T09:45:00+05:30,2025-02-25T04:30:00Z,2025-02-25T10:00:00+05:30,1,00:15:00,1,00:15:00,100.0,100.0,2025-02-25,1.0518914,293.81015,41.217022,-0.13092963,0.41893026,99332.18,0.32,11.58,4.95,2.4,30.21,18.88,39.38,25.35,27.37,2025-02-25
,,12237012,False,102,,raw,00:15:00,2025-02-25T04:45:00Z,2025-02-25T10:15:00+05:30,2025-02-25T05:00:00Z,2025-02-25T10:30:00+05:30,1,00:15:00,1,00:15:00,100.0,100.0,2025-02-25,1.0518914,293.81015,41.217022,-0.13092963,0.41893026,99332.18,0.3,11.55,4.67,3.6,22.8,14.25,37.67,25.04,27.96,2025-02-25
,,12237012,False,102,,raw,00:15:00,2025-02-25T05:00:00Z,2025-02-25T10:30:00+05:30,2025-02-25T05:15:00Z,2025-02-25T10:45:00+05:30,1,00:15:00,1,00:15:00,100.0,100.0,2025-02-25,1.0518914,293.81015,41.217022,-0.13092963,0.41893026,99332.18,0.29,11.33,5.04,3.95,22.8,14.25,36.15,25.01,28.87,2025-02-25
,,12237012,False,102,,raw,00:15:00,2025-02-25T05:15:00Z,2025-02-25T10:45:00+05:30,2025-02-25T05:30:00Z,2025-02-25T11:00:00+05:30,1,00:15:00,1,00:15:00,100.0,100.0,2025-02-25,1.0518914,293.81015,41.217022,-0.13092963,0.41893026,99332.18,0.29,11.44,4.87,3.88,18.57,11.61,34.92,25.32,29.41,2025-02-25
,,12237012,False,102,,raw,00:15:00,2025-02-25T05:30:00Z,2025-02-25T11:00:00+05:30,2025-02-25T05:45:00Z,2025-02-25T11:15:00+05:30,1,00:15:00,1,00:15:00,100.0,100.0,2025-02-25,1.0518914,293.81015,41.217022,-0.13092963,0.41893026,99332.18,0.29,11.66,4.73,4.21,16.99,10.62,33.83,26.05,29.6,2025-02-25
,,12237012,False,102,,raw,00:15:00,2025-02-25T05:45:00Z,2025-02-25T11:15:00+05:30,2025-02-25T06:00:00Z,2025-02-25T11:30:00+05:30,1,00:15:00,1,00:15:00,100.0,100.0,2025-02-25,1.0518914,293.81015,41.217022,-0.13092963,0.41893026,99332.18,0.29,11.54,4.84,4.58,16.99,10.62,33.05,26.75,29.61,2025-02-25
,,12237012,False,102,,raw,00:15:00,2025-02-25T06:00:00Z,2025-02-25T11:30:00+05:30,2025-02-25T06:15:00Z,2025-02-25T11:45:00+05:30,1,00:15:00,1,00:15:00,100.0,100.0,2025-02-25,1.0518914,293.81015,41.217022,-0.13092963,0.41893026,99332.18,0.28,11.84,4.55,4.69,16.99,10.62,31.86,27.43,30.93,2025-02-25
,,12237012,False,102,,raw,00:15:00,2025-02-25T06:15:00Z,2025-02-25T11:45:00+05:30,2025-02-25T06:30:00Z,2025-02-25T12:00:00+05:30,1,00:15:00,1,00:15:00,100.0,100.0,2025-02-25,1.0518914,293.81015,41.217022,-0.13092963,0.41893026,99332.18,0.26,11.72,4.69,4.99,15.8,9.88,31.27,26.47,30.98,2025-02-25
,,12237012,False,102,,raw,00:15:00,2025-02-25T06:30:00Z,2025-02-25T12:00:00+05:30,2025-02-25T06:45:00Z,2025-02-25T12:15:00+05:30,1,00:15:00,1,00:15:00,100.0,100.0,2025-02-25,1.0518914,293.81015,41.217022,-0.13092963,0.41893026,99332.18,0.25,11.54,4.83,4.52,15.36,9.6,30.56,26.29,31.07,2025-02-25
,,12237012,False,102,,raw,00:15:00,2025-02-25T06:45:00Z,2025-02-25T12:15:00+05:30,2025-02-25T07:00:00Z,2025-02-25T12:30:00+05:30,1,00:15:00,1,00:15:00,100.0,100.0,2025-02-25,1.0518914,293.81015,41.217022,-0.13092963,0.41893026,99332.18,0.21,11.79,4.99,11.34,15.36,9.6,30.54,25.98,31.47,2025-02-25
,,12237012,False,102,,raw,00:15:00,2025-02-25T07:00:00Z,2025-02-25T12:30:00+05:30,2025-02-25T07:15:00Z,2025-02-25T12:45:00+05:30,1,00:15:00,1,00:15:00,100.0,100.0,2025-02-25,1.0518914,293.81015,41.217022,-0.13092963,0.41893026,99332.18,0.2,11.76,4.48,9.8,15.36,9.6,29.42,25.53,32.25,2025-02-25
,,12237012,False,102,,raw,00:15:00,2025-02-25T07:15:00Z,2025-02-25T12:45:00+05:30,2025-02-25T07:30:00Z,2025-02-25T13:00:00+05:30,1,00:15:00,1,00:15:00,100.0,100.0,2025-02-25,1.0518914,293.81015,41.217022,-0.13092963,0.41893026,99332.18,0.2,11.37,5.08,6.39,19.41,12.13,27.74,25.19,33.08,2025-02-25
,,12237012,False,102,,raw,00:15:00,2025-02-25T07:30:00Z,2025-02-25T13:00:00+05:30,2025-02-25T07:45:00Z,2025-02-25T13:15:00+05:30,1,00:15:00,1,00:15:00,100.0,100.0,2025-02-25,1.0518914,293.81015,41.217022,-0.13092963,0.41893026,99332.18,0.2,11.24,4.78,7.03,20.93,13.08,27.94,25.12,32.81,2025-02-25
,,12237012,False,102,,raw,00:15:00,2025-02-25T07:45:00Z,2025-02-25T13:15:00+05:30,2025-02-25T08:00:00Z,2025-02-25T13:30:00+05:30,1,00:15:00,1,00:15:00,100.0,100.0,2025-02-25,1.0518914,293.81015,41.217022,-0.13092963,0.41893026,99332.18,0.19,11.6,4.91,5.81,20.93,13.08,26.53,25.3,33.8,2025-02-25
,,12237012,False,102,,raw,00:15:00,2025-02-25T08:00:00Z,2025-02-25T13:30:00+05:30,2025-02-25T08:15:00Z,2025-02-25T13:45:00+05:30,1,00:15:00,1,00:15:00,100.0,100.0,2025-02-25,1.0518914,293.81015,41.217022,-0.13092963,0.41893026,99332.18,0.19,11.73,4.72,5.34,20.93,13.08,26.9,25.09,33.28,2025-02-25
,,12237012,False,102,,raw,00:15:00,2025-02-25T08:15:00Z,2025-02-25T13:45:00+05:30,2025-02-25T08:30:00Z,2025-02-25T14:00:00+05:30,1,00:15:00,1,00:15:00,100.0,100.0,2025-02-25,1.0518914,293.81015,41.217022,-0.13092963,0.41893026,99332.18,0.19,11.45,5.17,5.67,17.02,10.64,27.58,25.17,33.3,2025-02-25
,,12237012,False,102,,raw,00:15:00,2025-02-25T08:30:00Z,2025-02-25T14:00:00+05:30,2025-02-25T08:45:00Z,2025-02-25T14:15:00+05:30,1,00:15:00,1,00:15:00,100.0,100.0,2025-02-25,1.0518914,293.81015,41.217022,-0.13092963,0.41893026,99332.18,0.18,11.59,5.02,9.39,15.55,9.72,28.84,23.32,33.18,2025-02-25
,,12237012,False,102,,raw,00:15:00,2025-02-25T08:45:00Z,2025-02-25T14:15:00+05:30,2025-02-25T09:00:00Z,2025-02-25T14:30:00+05:30,1,00:15:00,1,00:15:00,100.0,100.0,2025-02-25,1.0518914,293.81015,41.217022,-0.13092963,0.41893026,99332.18,0.18,11.57,4.87,10.99,15.55,9.72,28.4,22.41,34.37,2025-02-25
,,12237012,False,102,,raw,00:15:00,2025-02-25T09:00:00Z,2025-02-25T14:30:00+05:30,2025-02-25T09:15:00Z,2025-02-25T14:45:00+05:30,1,00:15:00,1,00:15:00,100.0,100.0,2025-02-25,1.0518914,293.81015,41.217022,-0.13092963,0.41893026,99332.18,0.18,11.8,4.71,9.95,15.55,9.72,31.56,22.0,32.62,2025-02-25
,,12237012,False,102,,raw,00:15:00,2025-02-25T09:15:00Z,2025-02-25T14:45:00+05:30,2025-02-25T09:30:00Z,2025-02-25T15:00:00+05:30,1,00:15:00,1,00:15:00,100.0,100.0,2025-02-25,1.0518914,293.81015,41.217022,-0.13092963,0.41893026,99332.18,0.17,11.34,5.1,10.11,17.12,10.7,29.92,22.46,32.41,2025-02-25
,,12237012,False,102,,raw,00:15:00,2025-02-25T09:30:00Z,2025-02-25T15:00:00+05:30,2025-02-25T09:45:00Z,2025-02-25T15:15:00+05:30,1,00:15:00,1,00:15:00,100.0,100.0,2025-02-25,1.0518914,293.81015,41.217022,-0.13092963,0.41893026,99332.18,0.16,11.41,4.76,6.66,17.71,11.07,28.46,23.3,32.77,2025-02-25
,,12237012,False,102,,raw,00:15:00,2025-02-25T09:45:00Z,2025-02-25T15:15:00+05:30,2025-02-25T10:00:00Z,2025-02-25T15:30:00+05:30,1,00:15:00,1,00:15:00,100.0,100.0,2025-02-25,1.0518914,293.81015,41.217022,-0.13092963,0.41893026,99332.18,0.15,11.56,4.87,9.72,17.71,11.07,30.64,24.26,32.23,2025-02-25
,,12237012,False,102,,raw,00:15:00,2025-02-25T10:00:00Z,2025-02-25T15:30:00+05:30,2025-02-25T10:15:00Z,2025-02-25T15:45:00+05:30,1,00:15:00,1,00:15:00,100.0,100.0,2025-02-25,1.0518914,293.81015,41.217022,-0.13092963,0.41893026,99332.18,0.15,11.49,5.06,7.93,17.71,11.07,35.93,24.21,31.72,2025-02-25
,,12237012,False,102,,raw,00:15:00,2025-02-25T10:15:00Z,2025-02-25T15:45:00+05:30,2025-02-25T10:30:00Z,2025-02-25T16:00:00+05:30,1,00:15:00,1,00:15:00,100.0,100.0,2025-02-25,1.0518914,293.81015,41.217022,-0.13092963,0.41893026,99332.18,0.15,11.59,5.06,6.53,13.63,8.52,38.97,24.41,30.25,2025-02-25
,,12237012,False,102,,raw,00:15:00,2025-02-25T10:30:00Z,2025-02-25T16:00:00+05:30,2025-02-25T10:45:00Z,2025-02-25T16:15:00+05:30,1,00:15:00,1,00:15:00,100.0,100.0,2025-02-25,1.0518914,293.81015,41.217022,-0.13092963,0.41893026,99332.18,0.15,11.74,4.74,5.18,12.1,7.56,40.89,24.62,29.56,2025-02-25
,,12237012,False,102,,raw,00:15:00,2025-02-25T10:45:00Z,2025-02-25T16:15:00+05:30,2025-02-25T11:00:00Z,2025-02-25T16:30:00+05:30,1,00:15:00,1,00:15:00,100.0,100.0,2025-02-25,1.0518914,293.81015,41.217022,-0.13092963,0.41893026,99332.18,0.15,11.6,5.19,6.12,12.1,7.56,41.69,24.68,29.29,2025-02-25
,,12237012,False,102,,raw,00:15:00,2025-02-25T11:00:00Z,2025-02-25T16:30:00+05:30,2025-02-25T11:15:00Z,2025-02-25T16:45:00+05:30,1,00:15:00,1,00:15:00,100.0,100.0,2025-02-25,1.0518914,293.81015,41.217022,-0.13092963,0.41893026,99332.18,0.15,11.62,4.97,6.14,12.1,7.56,45.64,25.04,28.5,2025-02-25
,,12237012,False,102,,raw,00:15:00,2025-02-25T11:15:00Z,2025-02-25T16:45:00+05:30,2025-02-25T11:30:00Z,2025-02-25T17:00:00+05:30,1,00:15:00,1,00:15:00,100.0,100.0,2025-02-25,1.0518914,293.81015,41.217022,-0.13092963,0.41893026,99332.18,0.15,11.58,4.72,6.8,16.22,10.13,47.14,25.48,27.98,2025-02-25
,,12237012,False,102,,raw,00:15:00,2025-02-25T11:30:00Z,2025-02-25T17:00:00+05:30,2025-02-25T11:45:00Z,2025-02-25T17:15:00+05:30,1,00:15:00,1,00:15:00,100.0,100.0,2025-02-25,1.0518914,293.81015,41.217022,-0.13092963,0.41893026,99332.18,0.16,11.4,4.84,10.58,17.76,11.1,47.77,25.9,27.81,2025-02-25
,,12237012,False,102,,raw,00:15:00,2025-02-25T11:45:00Z,2025-02-25T17:15:00+05:30,2025-02-25T12:00:00Z,2025-02-25T17:30:00+05:30,1,00:15:00,1,00:15:00,100.0,100.0,2025-02-25,1.0518914,293.81015,41.217022,-0.13092963,0.41893026,99332.18,0.17,11.44,5.02,11.94,17.76,11.1,49.78,27.09,26.93,2025-02-25
,,12237012,False,102,,raw,00:15:00,2025-02-25T12:00:00Z,2025-02-25T17:30:00+05:30,2025-02-25T12:15:00Z,2025-02-25T17:45:00+05:30,1,00:15:00,1,00:15:00,100.0,100.0,2025-02-25,1.0518914,293.81015,41.217022,-0.13092963,0.41893026,99332.18,0.18,11.68,4.87,8.45,17.76,11.1,52.49,27.04,26.17,2025-02-25
,,12237012,False,102,,raw,00:15:00,2025-02-25T12:15:00Z,2025-02-25T17:45:00+05:30,2025-02-25T12:30:00Z,2025-02-25T18:00:00+05:30,1,00:15:00,1,00:15:00,100.0,100.0,2025-02-25,1.0518914,293.81015,41.217022,-0.13092963,0.41893026,99332.18,0.19,11.57,4.72,8.73,18.53,11.58,55.69,26.47,25.43,2025-02-25
,,12237012,False,102,,raw,00:15:00,2025-02-25T12:30:00Z,2025-02-25T18:00:00+05:30,2025-02-25T12:45:00Z,2025-02-25T18:15:00+05:30,1,00:15:00,1,00:15:00,100.0,100.0,2025-02-25,1.0518914,293.81015,41.217022,-0.13092963,0.41893026,99332.18,0.19,11.54,4.99,6.41,18.82,11.76,57.73,26.16,24.77,2025-02-25
,,12237012,False,102,,raw,00:15:00,2025-02-25T12:45:00Z,2025-02-25T18:15:00+05:30,2025-02-25T13:00:00Z,2025-02-25T18:30:00+05:30,1,00:15:00,1,00:15:00,100.0,100.0,2025-02-25,1.0518914,293.81015,41.217022,-0.13092963,0.41893026,99332.18,0.19,11.54,4.98,4.56,18.82,11.76,58.89,25.56,24.31,2025-02-25
,,12237012,False,102,,raw,00:15:00,2025-02-25T13:00:00Z,2025-02-25T18:30:00+05:30,2025-02-25T13:15:00Z,2025-02-25T18:45:00+05:30,1,00:15:00,1,00:15:00,100.0,100.0,2025-02-25,1.0518914,293.81015,41.217022,-0.13092963,0.41893026,99332.18,0.22,11.73,4.43,2.77,18.82,11.76,60.25,25.82,24.06,2025-02-25
,,12237012,False,102,,raw,00:15:00,2025-02-25T13:30:00Z,2025-02-25T19:00:00+05:30,2025-02-25T13:45:00Z,2025-02-25T19:15:00+05:30,1,00:15:00,1,00:15:00,100.0,100.0,2025-02-25,1.0518914,293.81015,41.217022,-0.13092963,0.41893026,99332.18,0.23,11.38,5.25,1.62,31.3,19.56,64.44,25.24,23.62,2025-02-25
,,12237012,False,102,,raw,00:15:00,2025-02-25T13:45:00Z,2025-02-25T19:15:00+05:30,2025-02-25T14:00:00Z,2025-02-25T19:30:00+05:30,1,00:15:00,1,00:15:00,100.0,100.0,2025-02-25,1.0518914,293.81015,41.217022,-0.13092963,0.41893026,99332.18,0.26,11.32,5.1,2.94,31.3,19.56,65.09,25.32,23.33,2025-02-25
,,12237012,False,102,,raw,00:15:00,2025-02-25T14:00:00Z,2025-02-25T19:30:00+05:30,2025-02-25T14:15:00Z,2025-02-25T19:45:00+05:30,1,00:15:00,1,00:15:00,100.0,100.0,2025-02-25,1.0518914,293.81015,41.217022,-0.13092963,0.41893026,99332.18,0.25,11.74,4.82,1.36,31.3,19.56,64.32,25.66,23.14,2025-02-25
,,12237012,False,102,,raw,00:15:00,2025-02-25T14:15:00Z,2025-02-25T19:45:00+05:30,2025-02-25T14:30:00Z,2025-02-25T20:00:00+05:30,1,00:15:00,1,00:15:00,100.0,100.0,2025-02-25,1.0518914,293.81015,41.217022,-0.13092963,0.41893026,99332.18,0.27,11.52,4.7,1.36,43.31,27.07,65.33,26.49,22.89,2025-02-25
,,12237012,False,102,,raw,00:15:00,2025-02-25T14:30:00Z,2025-02-25T20:00:00+05:30,2025-02-25T14:45:00Z,2025-02-25T20:15:00+05:30,1,00:15:00,1,00:15:00,100.0,100.0,2025-02-25,1.0518914,293.81015,41.217022,-0.13092963,0.41893026,99332.18,0.29,11.32,4.82,1.44,47.81,29.88,66.13,28.19,22.56,2025-02-25
,,12237012,False,102,,raw,00:15:00,2025-02-25T14:45:00Z,2025-02-25T20:15:00+05:30,2025-02-25T15:00:00Z,2025-02-25T20:30:00+05:30,1,00:15:00,1,00:15:00,100.0,100.0,2025-02-25,1.0518914,293.81015,41.217022,-0.13092963,0.41893026,99332.18,0.3,11.24,5.04,1.7,47.81,29.88,66.13,29.72,22.42,2025-02-25
,,12237012,False,102,,raw,00:15:00,2025-02-25T15:00:00Z,2025-02-25T20:30:00+05:30,2025-02-25T15:15:00Z,2025-02-25T20:45:00+05:30,1,00:15:00,1,00:15:00,100.0,100.0,2025-02-25,1.0518914,293.81015,41.217022,-0.13092963,0.41893026,99332.18,0.31,11.41,5.04,1.75,47.81,29.88,66.56,30.55,22.3,2025-02-25
,,12237012,False,102,,raw,00:15:00,2025-02-25T15:15:00Z,2025-02-25T20:45:00+05:30,2025-02-25T15:30:00Z,2025-02-25T21:00:00+05:30,1,00:15:00,1,00:15:00,100.0,100.0,2025-02-25,1.0518914,293.81015,41.217022,-0.13092963,0.41893026,99332.18,0.31,11.63,4.85,1.17,52.04,32.52,67.52,27.54,22.06,2025-02-25
,,12237012,False,102,,raw,00:15:00,2025-02-25T15:30:00Z,2025-02-25T21:00:00+05:30,2025-02-25T15:45:00Z,2025-02-25T21:15:00+05:30,1,00:15:00,1,00:15:00,100.0,100.0,2025-02-25,1.0518914,293.81015,41.217022,-0.13092963,0.41893026,99332.18,0.34,11.42,5.08,0.82,53.62,33.51,69.09,26.73,21.75,2025-02-25
,,12237012,False,102,,raw,00:15:00,2025-02-25T15:45:00Z,2025-02-25T21:15:00+05:30,2025-02-25T16:00:00Z,2025-02-25T21:30:00+05:30,1,00:15:00,1,00:15:00,100.0,100.0,2025-02-25,1.0518914,293.81015,41.217022,-0.13092963,0.41893026,99332.18,0.43,11.54,4.89,0.76,53.62,33.51,70.04,26.26,21.44,2025-02-25
,,12237012,False,102,,raw,00:15:00,2025-02-25T16:00:00Z,2025-02-25T21:30:00+05:30,2025-02-25T16:15:00Z,2025-02-25T21:45:00+05:30,1,00:15:00,1,00:15:00,100.0,100.0,2025-02-25,1.0518914,293.81015,41.217022,-0.13092963,0.41893026,99332.18,0.41,11.69,4.89,0.62,53.62,33.51,69.57,26.21,21.14,2025-02-25
,,12237012,False,102,,raw,00:15:00,2025-02-25T16:15:00Z,2025-02-25T21:45:00+05:30,2025-02-25T16:30:00Z,2025-02-25T22:00:00+05:30,1,00:15:00,1,00:15:00,100.0,100.0,2025-02-25,1.0518914,293.81015,41.217022,-0.13092963,0.41893026,99332.18,0.42,11.43,4.84,1.09,61.09,38.18,70.71,25.71,20.84,2025-02-25
,,12237012,False,102,,raw,00:15:00,2025-02-25T16:30:00Z,2025-02-25T22:00:00+05:30,2025-02-25T16:45:00Z,2025-02-25T22:15:00+05:30,1,00:15:00,1,00:15:00,100.0,100.0,2025-02-25,1.0518914,293.81015,41.217022,-0.13092963,0.41893026,99332.18,0.43,11.65,4.48,0.84,63.89,39.93,71.84,26.05,20.51,2025-02-25
,,12237012,False,102,,raw,00:15:00,2025-02-25T16:45:00Z,2025-02-25T22:15:00+05:30,2025-02-25T17:00:00Z,2025-02-25T22:30:00+05:30,1,00:15:00,1,00:15:00,100.0,100.0,2025-02-25,1.0518914,293.81015,41.217022,-0.13092963,0.41893026,99332.18,0.43,11.3,5.21,0.76,63.89,39.93,72.75,25.76,20.26,2025-02-25
,,12237012,False,102,,raw,00:15:00,2025-02-25T17:00:00Z,2025-02-25T22:30:00+05:30,2025-02-25T17:15:00Z,2025-02-25T22:45:00+05:30,1,00:15:00,1,00:15:00,100.0,100.0,2025-02-25,1.0518914,293.81015,41.217022,-0.13092963,0.41893026,99332.18,0.41,11.23,5.32,0.82,63.89,39.93,73.36,25.66,20.08,2025-02-25
,,12237012,False,102,,raw,00:15:00,2025-02-25T17:15:00Z,2025-02-25T22:45:00+05:30,2025-02-25T17:30:00Z,2025-02-25T23:00:00+05:30,1,00:15:00,1,00:15:00,100.0,100.0,2025-02-25,1.0518914,293.81015,41.217022,-0.13092963,0.41893026,99332.18,0.41,11.57,5.15,1.01,47.17,29.48,72.94,26.1,20.08,2025-02-25
,,12237012,False,102,,raw,00:15:00,2025-02-25T17:30:00Z,2025-02-25T23:00:00+05:30,2025-02-25T17:45:00Z,2025-02-25T23:15:00+05:30,1,00:15:00,1,00:15:00,100.0,100.0,2025-02-25,1.0518914,293.81015,41.217022,-0.13092963,0.41893026,99332.18,0.4,11.51,4.87,0.78,40.9,25.56,73.47,26.37,19.94,2025-02-25
,,12237012,False,102,,raw,00:15:00,2025-02-25T17:45:00Z,2025-02-25T23:15:00+05:30,2025-02-25T18:00:00Z,2025-02-25T23:30:00+05:30,1,00:15:00,1,00:15:00,100.0,100.0,2025-02-25,1.0518914,293.81015,41.217022,-0.13092963,0.41893026,99332.18,0.4,11.61,4.89,0.72,40.9,25.56,73.38,26.8,19.98,2025-02-25
,,12237012,False,102,,raw,00:15:00,2025-02-25T18:00:00Z,2025-02-25T23:30:00+05:30,2025-02-25T18:15:00Z,2025-02-25T23:45:00+05:30,1,00:15:00,1,00:15:00,100.0,100.0,2025-02-25,1.0518914,293.81015,41.217022,-0.13092963,0.41893026,99332.18,0.4,11.55,5.25,0.8,40.9,25.56,72.97,27.2,19.9,2025-02-25
,,12237012,False,102,,raw,00:15:00,2025-02-25T19:00:00Z,2025-02-26T00:30:00+05:30,2025-02-25T19:15:00Z,2025-02-26T00:45:00+05:30,1,00:15:00,1,00:15:00,100.0,100.0,2025-02-25,1.0518914,293.81015,41.217022,-0.13092963,0.41893026,99332.18,0.35,11.38,5.23,1.05,32.3,20.19,73.73,25.19,19.32,2025-02-25
,,12237012,False,102,,raw,00:15:00,2025-02-25T19:15:00Z,2025-02-26T00:45:00+05:30,2025-02-25T19:30:00Z,2025-02-26T01:00:00+05:30,1,00:15:00,1,00:15:00,100.0,100.0,2025-02-25,1.0518914,293.81015,41.217022,-0.13092963,0.41893026,99332.18,0.35,11.68,4.74,0.8,30.07,18.79,74.47,25.09,19.15,2025-02-25
,,12237012,False,102,,raw,00:15:00,2025-02-25T19:30:00Z,2025-02-26T01:00:00+05:30,2025-02-25T19:45:00Z,2025-02-26T01:15:00+05:30,1,00:15:00,1,00:15:00,100.0,100.0,2025-02-25,1.0518914,293.81015,41.217022,-0.13092963,0.41893026,99332.18,0.35,11.63,4.82,0.74,29.23,18.27,75.16,25.48,18.92,2025-02-25
,,12237012,False,102,,raw,00:15:00,2025-02-25T19:45:00Z,2025-02-26T01:15:00+05:30,2025-02-25T20:00:00Z,2025-02-26T01:30:00+05:30,1,00:15:00,1,00:15:00,100.0,100.0,2025-02-25,1.0518914,293.81015,41.217022,-0.13092963,0.41893026,99332.18,0.35,11.48,4.93,0.84,29.23,18.27,75.47,25.14,18.77,2025-02-25
,,12237012,False,102,,raw,00:15:00,2025-02-25T20:00:00Z,2025-02-26T01:30:00+05:30,2025-02-25T20:15:00Z,2025-02-26T01:45:00+05:30,1,00:15:00,1,00:15:00,100.0,100.0,2025-02-25,1.0518914,293.81015,41.217022,-0.13092963,0.41893026,99332.18,0.34,11.59,4.97,0.8,29.23,18.27,75.85,25.32,18.62,2025-02-25
,,12237012,False,102,,raw,00:15:00,2025-02-25T20:15:00Z,2025-02-26T01:45:00+05:30,2025-02-25T20:30:00Z,2025-02-26T02:00:00+05:30,1,00:15:00,1,00:15:00,100.0,100.0,2025-02-25,1.0518914,293.81015,41.217022,-0.13092963,0.41893026,99332.18,0.34,11.43,5.06,0.8,30.56,19.1,76.17,25.5,18.48,2025-02-25
,,12237012,False,102,,raw,00:15:00,2025-02-25T20:30:00Z,2025-02-26T02:00:00+05:30,2025-02-25T20:45:00Z,2025-02-26T02:15:00+05:30,1,00:15:00,1,00:15:00,100.0,100.0,2025-02-25,1.0518914,293.81015,41.217022,-0.13092963,0.41893026,99332.18,0.33,11.73,4.85,0.82,31.06,19.41,76.16,26.08,18.52,2025-02-25
,,12237012,False,102,,raw,00:15:00,2025-02-25T20:45:00Z,2025-02-26T02:15:00+05:30,2025-02-25T21:00:00Z,2025-02-26T02:30:00+05:30,1,00:15:00,1,00:15:00,100.0,100.0,2025-02-25,1.0518914,293.81015,41.217022,-0.13092963,0.41893026,99332.18,0.33,11.48,4.78,0.68,31.06,19.41,77.22,26.29,18.43,2025-02-25
,,12237012,False,102,,raw,00:15:00,2025-02-25T21:00:00Z,2025-02-26T02:30:00+05:30,2025-02-25T21:15:00Z,2025-02-26T02:45:00+05:30,1,00:15:00,1,00:15:00,100.0,100.0,2025-02-25,1.0518914,293.81015,41.217022,-0.13092963,0.41893026,99332.18,0.33,11.62,4.61,0.52,31.06,19.41,77.54,27.04,18.32,2025-02-25
,,12237012,False,102,,raw,00:15:00,2025-02-25T21:15:00Z,2025-02-26T02:45:00+05:30,2025-02-25T21:30:00Z,2025-02-26T03:00:00+05:30,1,00:15:00,1,00:15:00,100.0,100.0,2025-02-25,1.0518914,293.81015,41.217022,-0.13092963,0.41893026,99332.18,0.32,11.33,5.17,0.64,34.23,21.4,77.97,26.47,18.27,2025-02-25
,,12237012,False,102,,raw,00:15:00,2025-02-25T21:30:00Z,2025-02-26T03:00:00+05:30,2025-02-25T21:45:00Z,2025-02-26T03:15:00+05:30,1,00:15:00,1,00:15:00,100.0,100.0,2025-02-25,1.0518914,293.81015,41.217022,-0.13092963,0.41893026,99332.18,0.31,11.74,4.44,0.72,35.42,22.14,78.02,25.61,18.17,2025-02-25
,,12237012,False,102,,raw,00:15:00,2025-02-25T21:45:00Z,2025-02-26T03:15:00+05:30,2025-02-25T22:00:00Z,2025-02-26T03:30:00+05:30,1,00:15:00,1,00:15:00,100.0,100.0,2025-02-25,1.0518914,293.81015,41.217022,-0.13092963,0.41893026,99332.18,0.3,11.68,4.98,0.96,35.42,22.14,79.0,25.24,17.96,2025-02-25
,,12237012,False,102,,raw,00:15:00,2025-02-25T22:00:00Z,2025-02-26T03:30:00+05:30,2025-02-25T22:15:00Z,2025-02-26T03:45:00+05:30,1,00:15:00,1,00:15:00,100.0,100.0,2025-02-25,1.0518914,293.81015,41.217022,-0.13092963,0.41893026,99332.18,0.29,11.41,5.34,0.92,35.42,22.14,79.56,25.11,17.75,2025-02-25
,,12237012,False,102,,raw,00:15:00,2025-02-25T22:15:00Z,2025-02-26T03:45:00+05:30,2025-02-25T22:30:00Z,2025-02-26T04:00:00+05:30,1,00:15:00,1,00:15:00,100.0,100.0,2025-02-25,1.0518914,293.81015,41.217022,-0.13092963,0.41893026,99332.18,0.29,11.57,4.8,0.7,34.48,21.55,80.31,25.22,17.62,2025-02-25
,,12237012,False,102,,raw,00:15:00,2025-02-25T22:30:00Z,2025-02-26T04:00:00+05:30,2025-02-25T22:45:00Z,2025-02-26T04:15:00+05:30,1,00:15:00,1,00:15:00,100.0,100.0,2025-02-25,1.0518914,293.81015,41.217022,-0.13092963,0.41893026,99332.18,0.3,11.72,4.58,0.78,34.13,21.33,80.94,25.53,17.45,2025-02-25
,,12237012,False,102,,raw,00:15:00,2025-02-25T22:45:00Z,2025-02-26T04:15:00+05:30,2025-02-25T23:00:00Z,2025-02-26T04:30:00+05:30,1,00:15:00,1,00:15:00,100.0,100.0,2025-02-25,1.0518914,293.81015,41.217022,-0.13092963,0.41893026,99332.18,0.29,11.31,4.93,0.72,34.13,21.33,81.42,25.06,17.28,2025-02-25
,,12237012,False,102,,raw,00:15:00,2025-02-25T23:00:00Z,2025-02-26T04:30:00+05:30,2025-02-25T23:15:00Z,2025-02-26T04:45:00+05:30,1,00:15:00,1,00:15:00,100.0,100.0,2025-02-25,1.0518914,293.81015,41.217022,-0.13092963,0.41893026,99332.18,0.29,11.48,5.04,0.6,34.13,21.33,81.39,25.17,17.2,2025-02-25
,,12237012,False,102,,raw,00:15:00,2025-02-25T23:15:00Z,2025-02-26T04:45:00+05:30,2025-02-25T23:30:00Z,2025-02-26T05:00:00+05:30,1,00:15:00,1,00:15:00,100.0,100.0,2025-02-25,1.0518914,293.81015,41.217022,-0.13092963,0.41893026,99332.18,0.29,11.43,5.04,0.72,35.94,22.46,81.71,25.5,17.0,2025-02-25
,,12237012,False,102,,raw,00:15:00,2025-02-25T23:30:00Z,2025-02-26T05:00:00+05:30,2025-02-25T23:45:00Z,2025-02-26T05:15:00+05:30,1,00:15:00,1,00:15:00,100.0,100.0,2025-02-25,1.0518914,293.81015,41.217022,-0.13092963,0.41893026,99332.18,0.29,11.45,5.19,0.74,36.62,22.89,82.21,26.0,16.71,2025-02-25
,,12237012,False,102,,raw,00:15:00,2025-02-25T23:45:00Z,2025-02-26T05:15:00+05:30,2025-02-26T00:00:00Z,2025-02-26T05:30:00+05:30,1,00:15:00,1,00:15:00,100.0,100.0,2025-02-26,-165.882,296.1343,37.64228,-0.50001675,0.7100954,99227.18,0.3,11.65,4.42,0.49,36.62,22.89,83.17,26.49,16.51,2025-02-26
,,12237012,False,102,,raw,00:15:00,2025-02-26T00:00:00Z,2025-02-26T05:30:00+05:30,2025-02-26T00:15:00Z,2025-02-26T05:45:00+05:30,1,00:15:00,1,00:15:00,100.0,100.0,2025-02-26,-165.882,296.1343,37.64228,-0.50001675,0.7100954,99227.18,0.3,11.54,4.95,0.5,36.62,22.89,83.59,26.28,16.55,2025-02-26
,,12237012,False,102,,raw,00:15:00,2025-02-26T00:15:00Z,2025-02-26T05:45:00+05:30,2025-02-26T00:30:00Z,2025-02-26T06:00:00+05:30,1,00:15:00,1,00:15:00,100.0,100.0,2025-02-26,-165.882,296.1343,37.64228,-0.50001675,0.7100954,99227.18,0.3,11.54,4.87,0.62,40.05,25.03,83.47,25.61,16.63,2025-02-26
,,12237012,False,102,,raw,00:15:00,2025-02-26T00:30:00Z,2025-02-26T06:00:00+05:30,2025-02-26T00:45:00Z,2025-02-26T06:15:00+05:30,1,00:15:00,1,00:15:00,100.0,100.0,2025-02-26,-165.882,296.1343,37.64228,-0.50001675,0.7100954,99227.18,0.3,11.39,5.28,0.62,41.33,25.83,83.41,26.08,16.61,2025-02-26
,,12237012,False,102,,raw,00:15:00,2025-02-26T00:45:00Z,2025-02-26T06:15:00+05:30,2025-02-26T01:00:00Z,2025-02-26T06:30:00+05:30,1,00:15:00,1,00:15:00,100.0,100.0,2025-02-26,-165.882,296.1343,37.64228,-0.50001675,0.7100954,99227.18,0.3,11.5,5.15,0.74,41.33,25.83,83.13,25.45,16.43,2025-02-26
,,12237012,False,102,,raw,00:15:00,2025-02-26T01:00:00Z,2025-02-26T06:30:00+05:30,2025-02-26T01:15:00Z,2025-02-26T06:45:00+05:30,1,00:15:00,1,00:15:00,100.0,100.0,2025-02-26,-165.882,296.1343,37.64228,-0.50001675,0.7100954,99227.18,0.3,11.4,5.15,0.78,41.33,25.83,84.27,25.32,16.28,2025-02-26
,,12237012,False,102,,raw,00:15:00,2025-02-26T01:15:00Z,2025-02-26T06:45:00+05:30,2025-02-26T01:30:00Z,2025-02-26T07:00:00+05:30,1,00:15:00,1,00:15:00,100.0,100.0,2025-02-26,-165.882,296.1343,37.64228,-0.50001675,0.7100954,99227.18,0.31,11.63,4.89,0.74,41.26,25.79,84.77,25.48,16.58,2025-02-26
,,12237012,False,102,,raw,00:15:00,2025-02-26T01:30:00Z,2025-02-26T07:00:00+05:30,2025-02-26T01:45:00Z,2025-02-26T07:15:00+05:30,1,00:15:00,1,00:15:00,100.0,100.0,2025-02-26,-165.882,296.1343,37.64228,-0.50001675,0.7100954,99227.18,0.33,11.46,4.59,0.64,41.23,25.77,83.12,25.87,17.51,2025-02-26
,,12237012,False,102,,raw,00:15:00,2025-02-26T01:45:00Z,2025-02-26T07:15:00+05:30,2025-02-26T02:00:00Z,2025-02-26T07:30:00+05:30,1,00:15:00,1,00:15:00,100.0,100.0,2025-02-26,-165.882,296.1343,37.64228,-0.50001675,0.7100954,99227.18,0.35,11.66,4.86,0.74,41.23,25.77,78.6,26.13,18.51,2025-02-26
,,12237012,False,102,,raw,00:15:00,2025-02-26T02:00:00Z,2025-02-26T07:30:00+05:30,2025-02-26T02:15:00Z,2025-02-26T07:45:00+05:30,1,00:15:00,1,00:15:00,100.0,100.0,2025-02-26,-165.882,296.1343,37.64228,-0.50001675,0.7100954,99227.18,0.36,11.43,5.0,0.54,41.23,25.77,76.32,26.83,19.04,2025-02-26
,,12237012,False,102,,raw,00:15:00,2025-02-26T02:15:00Z,2025-02-26T07:45:00+05:30,2025-02-26T02:30:00Z,2025-02-26T08:00:00+05:30,1,00:15:00,1,00:15:00,100.0,100.0,2025-02-26,-165.882,296.1343,37.64228,-0.50001675,0.7100954,99227.18,0.36,11.46,5.0,0.53,44.79,28.0,73.84,27.59,19.94,2025-02-26
,,12237012,False,102,,raw,00:15:00,2025-02-26T02:30:00Z,2025-02-26T08:00:00+05:30,2025-02-26T02:45:00Z,2025-02-26T08:15:00+05:30,1,00:15:00,1,00:15:00,100.0,100.0,2025-02-26,-165.882,296.1343,37.64228,-0.50001675,0.7100954,99227.18,0.35,11.43,4.87,0.64,46.13,28.83,68.92,28.1,21.0,2025-02-26
,,12237012,False,102,,raw,00:15:00,2025-02-26T02:45:00Z,2025-02-26T08:15:00+05:30,2025-02-26T03:00:00Z,2025-02-26T08:30:00+05:30,1,00:15:00,1,00:15:00,100.0,100.0,2025-02-26,-165.882,296.1343,37.64228,-0.50001675,0.7100954,99227.18,0.35,11.65,4.82,0.58,46.13,28.83,66.52,28.52,21.99,2025-02-26
,,12237012,False,102,,raw,00:15:00,2025-02-26T03:00:00Z,2025-02-26T08:30:00+05:30,2025-02-26T03:15:00Z,2025-02-26T08:45:00+05:30,1,00:15:00,1,00:15:00,100.0,100.0,2025-02-26,-165.882,296.1343,37.64228,-0.50001675,0.7100954,99227.18,0.35,11.22,4.93,0.76,46.13,28.83,59.08,28.99,23.52,2025-02-26
,,12237012,False,102,,raw,00:15:00,2025-02-26T03:15:00Z,2025-02-26T08:45:00+05:30,2025-02-26T03:30:00Z,2025-02-26T09:00:00+05:30,1,00:15:00,1,00:15:00,100.0,100.0,2025-02-26,-165.882,296.1343,37.64228,-0.50001675,0.7100954,99227.18,0.34,11.78,4.81,1.03,35.58,22.24,55.55,27.04,24.62,2025-02-26
,,12237012,False,102,,raw,00:15:00,2025-02-26T03:30:00Z,2025-02-26T09:00:00+05:30,2025-02-26T03:45:00Z,2025-02-26T09:15:00+05:30,1,00:15:00,1,00:15:00,100.0,100.0,2025-02-26,-165.882,296.1343,37.64228,-0.50001675,0.7100954,99227.18,0.32,11.59,4.91,1.44,31.63,19.77,52.01,26.6,25.44,2025-02-26
,,12237012,False,102,,raw,00:15:00,2025-02-26T03:45:00Z,2025-02-26T09:15:00+05:30,2025-02-26T04:00:00Z,2025-02-26T09:30:00+05:30,1,00:15:00,1,00:15:00,100.0,100.0,2025-02-26,-165.882,296.1343,37.64228,-0.50001675,0.7100954,99227.18,0.31,11.57,5.08,1.89,31.63,19.77,47.76,26.11,27.16,2025-02-26
,,12237012,False,102,,raw,00:15:00,2025-02-26T04:00:00Z,2025-02-26T09:30:00+05:30,2025-02-26T04:15:00Z,2025-02-26T09:45:00+05:30,1,00:15:00,1,00:15:00,100.0,100.0,2025-02-26,-165.882,296.1343,37.64228,-0.50001675,0.7100954,99227.18,0.3,11.51,4.67,2.34,31.63,19.77,44.38,26.05,28.23,2025-02-26
,,12237012,False,102,,raw,00:15:00,2025-02-26T04:15:00Z,2025-02-26T09:45:00+05:30,2025-02-26T04:30:00Z,2025-02-26T10:00:00+05:30,1,00:15:00,1,00:15:00,100.0,100.0,2025-02-26,-165.882,296.1343,37.64228,-0.50001675,0.7100954,99227.18,0.3,11.47,4.97,2.51,28.6,17.87,44.29,25.48,28.34,2025-02-26
,,12237012,False,102,,raw,00:15:00,2025-02-26T04:30:00Z,2025-02-26T10:00:00+05:30,2025-02-26T04:45:00Z,2025-02-26T10:15:00+05:30,1,00:15:00,1,00:15:00,100.0,100.0,2025-02-26,-165.882,296.1343,37.64228,-0.50001675,0.7100954,99227.18,0.29,11.41,4.98,2.81,27.46,17.16,43.01,25.24,29.16,2025-02-26
,,12237012,False,102,,raw,00:15:00,2025-02-26T04:45:00Z,2025-02-26T10:15:00+05:30,2025-02-26T05:00:00Z,2025-02-26T10:30:00+05:30,1,00:15:00,1,00:15:00,100.0,100.0,2025-02-26,-165.882,296.1343,37.64228,-0.50001675,0.7100954,99227.18,0.29,11.6,4.8,3.18,27.46,17.16,41.25,25.48,29.92,2025-02-26
,,12237012,False,102,,raw,00:15:00,2025-02-26T05:00:00Z,2025-02-26T10:30:00+05:30,2025-02-26T05:15:00Z,2025-02-26T10:45:00+05:30,1,00:15:00,1,00:15:00,100.0,100.0,2025-02-26,-165.882,296.1343,37.64228,-0.50001675,0.7100954,99227.18,0.29,11.04,5.21,3.53,27.46,17.16,38.85,25.24,30.62,2025-02-26
,,12237012,False,102,,raw,00:15:00,2025-02-26T05:15:00Z,2025-02-26T10:45:00+05:30,2025-02-26T05:30:00Z,2025-02-26T11:00:00+05:30,1,00:15:00,1,00:15:00,100.0,100.0,2025-02-26,-165.882,296.1343,37.64228,-0.50001675,0.7100954,99227.18,0.29,11.63,4.82,3.58,25.37,15.85,37.04,25.92,30.99,2025-02-26
,,12237012,False,102,,raw,00:15:00,2025-02-26T05:45:00Z,2025-02-26T11:15:00+05:30,2025-02-26T06:00:00Z,2025-02-26T11:30:00+05:30,1,00:15:00,1,00:15:00,100.0,100.0,2025-02-26,-165.882,296.1343,37.64228,-0.50001675,0.7100954,99227.18,0.29,11.63,4.85,4.48,24.58,15.36,33.25,27.51,32.91,2025-02-26
,,12237012,False,102,,raw,00:15:00,2025-02-26T06:00:00Z,2025-02-26T11:30:00+05:30,2025-02-26T06:15:00Z,2025-02-26T11:45:00+05:30,1,00:15:00,1,00:15:00,100.0,100.0,2025-02-26,-165.882,296.1343,37.64228,-0.50001675,0.7100954,99227.18,0.29,11.52,5.04,4.95,24.58,15.36,30.05,28.0,32.6,2025-02-26
,,12237012,False,102,,raw,00:15:00,2025-02-26T06:15:00Z,2025-02-26T11:45:00+05:30,2025-02-26T06:30:00Z,2025-02-26T12:00:00+05:30,1,00:15:00,1,00:15:00,100.0,100.0,2025-02-26,-165.882,296.1343,37.64228,-0.50001675,0.7100954,99227.18,0.28,11.52,4.65,4.6,22.8,14.25,33.15,26.78,31.66,2025-02-26
,,12237012,False,102,,raw,00:15:00,2025-02-26T06:30:00Z,2025-02-26T12:00:00+05:30,2025-02-26T06:45:00Z,2025-02-26T12:15:00+05:30,1,00:15:00,1,00:15:00,100.0,100.0,2025-02-26,-165.882,296.1343,37.64228,-0.50001675,0.7100954,99227.18,0.25,11.41,5.17,5.18,22.13,13.83,32.78,26.62,32.14,2025-02-26
,,12237012,False,102,,raw,00:15:00,2025-02-26T06:45:00Z,2025-02-26T12:15:00+05:30,2025-02-26T07:00:00Z,2025-02-26T12:30:00+05:30,1,00:15:00,1,00:15:00,100.0,100.0,2025-02-26,-165.882,296.1343,37.64228,-0.50001675,0.7100954,99227.18,0.25,11.62,5.06,5.57,22.13,13.83,29.79,25.82,32.79,2025-02-26
,,12237012,False,102,,raw,00:15:00,2025-02-26T07:00:00Z,2025-02-26T12:30:00+05:30,2025-02-26T07:15:00Z,2025-02-26T12:45:00+05:30,1,00:15:00,1,00:15:00,100.0,100.0,2025-02-26,-165.882,296.1343,37.64228,-0.50001675,0.7100954,99227.18,0.24,11.78,4.72,6.23,22.13,13.83,24.84,26.36,32.0,2025-02-26
,,12237012,False,102,,raw,00:15:00,2025-02-26T07:15:00Z,2025-02-26T12:45:00+05:30,2025-02-26T07:30:00Z,2025-02-26T13:00:00+05:30,1,00:15:00,1,00:15:00,100.0,100.0,2025-02-26,-165.882,296.1343,37.64228,-0.50001675,0.7100954,99227.18,0.24,11.37,5.42,5.9,24.01,15.01,24.13,26.83,33.06,2025-02-26
,,12237012,False,102,,raw,00:15:00,2025-02-26T07:30:00Z,2025-02-26T13:00:00+05:30,2025-02-26T07:45:00Z,2025-02-26T13:15:00+05:30,1,00:15:00,1,00:15:00,100.0,100.0,2025-02-26,-165.882,296.1343,37.64228,-0.50001675,0.7100954,99227.18,0.23,11.55,4.95,5.55,24.72,15.45,27.79,26.78,32.53,2025-02-26
,,12237012,False,102,,raw,00:15:00,2025-02-26T07:45:00Z,2025-02-26T13:15:00+05:30,2025-02-26T08:00:00Z,2025-02-26T13:30:00+05:30,1,00:15:00,1,00:15:00,100.0,100.0,2025-02-26,-165.882,296.1343,37.64228,-0.50001675,0.7100954,99227.18,0.22,11.5,4.95,5.16,24.72,15.45,28.19,27.22,31.99,2025-02-26
,,12237012,False,102,,raw,00:15:00,2025-02-26T08:00:00Z,2025-02-26T13:30:00+05:30,2025-02-26T08:15:00Z,2025-02-26T13:45:00+05:30,1,00:15:00,1,00:15:00,100.0,100.0,2025-02-26,-165.882,296.1343,37.64228,-0.50001675,0.7100954,99227.18,0.22,11.52,5.0,4.65,24.72,15.45,30.59,27.48,32.67,2025-02-26
,,12237012,False,102,,raw,00:15:00,2025-02-26T08:15:00Z,2025-02-26T13:45:00+05:30,2025-02-26T08:30:00Z,2025-02-26T14:00:00+05:30,1,00:15:00,1,00:15:00,100.0,100.0,2025-02-26,-165.882,296.1343,37.64228,-0.50001675,0.7100954,99227.18,0.22,11.32,5.23,4.64,22.76,14.23,32.65,28.86,32.85,2025-02-26
,,12237012,False,102,,raw,00:15:00,2025-02-26T08:30:00Z,2025-02-26T14:00:00+05:30,2025-02-26T08:45:00Z,2025-02-26T14:15:00+05:30,1,00:15:00,1,00:15:00,100.0,100.0,2025-02-26,-165.882,296.1343,37.64228,-0.50001675,0.7100954,99227.18,0.22,11.45,4.89,5.77,22.03,13.77,31.57,30.34,31.63,2025-02-26
,,12237012,False,102,,raw,00:15:00,2025-02-26T08:45:00Z,2025-02-26T14:15:00+05:30,2025-02-26T09:00:00Z,2025-02-26T14:30:00+05:30,1,00:15:00,1,00:15:00,100.0,100.0,2025-02-26,-165.882,296.1343,37.64228,-0.50001675,0.7100954,99227.18,0.22,11.6,4.89,6.94,22.03,13.77,32.04,31.1,30.48,2025-02-26
,,12237012,False,102,,raw,00:15:00,2025-02-26T09:00:00Z,2025-02-26T14:30:00+05:30,2025-02-26T09:15:00Z,2025-02-26T14:45:00+05:30,1,00:15:00,1,00:15:00,100.0,100.0,2025-02-26,-165.882,296.1343,37.64228,-0.50001675,0.7100954,99227.18,0.22,11.61,4.78,7.33,22.03,13.77,29.87,31.04,31.29,2025-02-26
,,12237012,False,102,,raw,00:15:00,2025-02-26T09:15:00Z,2025-02-26T14:45:00+05:30,2025-02-26T09:30:00Z,2025-02-26T15:00:00+05:30,1,00:15:00,1,00:15:00,100.0,100.0,2025-02-26,-165.882,296.1343,37.64228,-0.50001675,0.7100954,99227.18,0.21,11.32,5.49,6.64,19.97,12.48,31.33,27.64,31.56,2025-02-26
,,12237012,False,102,,raw,00:15:00,2025-02-26T09:30:00Z,2025-02-26T15:00:00+05:30,2025-02-26T09:45:00Z,2025-02-26T15:15:00+05:30,1,00:15:00,1,00:15:00,100.0,100.0,2025-02-26,-165.882,296.1343,37.64228,-0.50001675,0.7100954,99227.18,0.2,11.65,4.78,5.79,19.2,12.0,34.37,27.04,31.06,2025-02-26
,,12237012,False,102,,raw,00:15:00,2025-02-26T10:00:00Z,2025-02-26T15:30:00+05:30,2025-02-26T10:15:00Z,2025-02-26T15:45:00+05:30,1,00:15:00,1,00:15:00,100.0,100.0,2025-02-26,-165.882,296.1343,37.64228,-0.50001675,0.7100954,99227.18,0.18,11.54,4.78,5.36,19.2,12.0,32.98,25.95,30.6,2025-02-26
,,12237012,False,102,,raw,00:15:00,2025-02-26T10:15:00Z,2025-02-26T15:45:00+05:30,2025-02-26T10:30:00Z,2025-02-26T16:00:00+05:30,1,00:15:00,1,00:15:00,100.0,100.0,2025-02-26,-165.882,296.1343,37.64228,-0.50001675,0.7100954,99227.18,0.18,11.56,4.7,7.21,19.37,12.11,34.19,25.74,30.71,2025-02-26
,,12237012,False,102,,raw,00:15:00,2025-02-26T10:30:00Z,2025-02-26T16:00:00+05:30,2025-02-26T10:45:00Z,2025-02-26T16:15:00+05:30,1,00:15:00,1,00:15:00,100.0,100.0,2025-02-26,-165.882,296.1343,37.64228,-0.50001675,0.7100954,99227.18,0.19,11.54,4.95,4.56,19.44,12.15,33.74,25.45,31.32,2025-02-26
,,12237012,False,102,,raw,00:15:00,2025-02-26T10:45:00Z,2025-02-26T16:15:00+05:30,2025-02-26T11:00:00Z,2025-02-26T16:30:00+05:30,1,00:15:00,1,00:15:00,100.0,100.0,2025-02-26,-165.882,296.1343,37.64228,-0.50001675,0.7100954,99227.18,0.18,11.58,5.0,4.42,19.44,12.15,31.71,25.45,32.51,2025-02-26
,,12237012,False,102,,raw,00:15:00,2025-02-26T11:00:00Z,2025-02-26T16:30:00+05:30,2025-02-26T11:15:00Z,2025-02-26T16:45:00+05:30,1,00:15:00,1,00:15:00,100.0,100.0,2025-02-26,-165.882,296.1343,37.64228,-0.50001675,0.7100954,99227.18,0.18,11.54,4.7,4.27,19.44,12.15,29.89,25.06,31.79,2025-02-26
,,12237012,False,102,,raw,00:15:00,2025-02-26T11:15:00Z,2025-02-26T16:45:00+05:30,2025-02-26T11:30:00Z,2025-02-26T17:00:00+05:30,1,00:15:00,1,00:15:00,100.0,100.0,2025-02-26,-165.882,296.1343,37.64228,-0.50001675,0.7100954,99227.18,0.19,11.52,4.82,3.66,16.96,10.6,32.05,25.61,31.51,2025-02-26
,,12237012,False,102,,raw,00:15:00,2025-02-26T11:30:00Z,2025-02-26T17:00:00+05:30,2025-02-26T11:45:00Z,2025-02-26T17:15:00+05:30,1,00:15:00,1,00:15:00,100.0,100.0,2025-02-26,-165.882,296.1343,37.64228,-0.50001675,0.7100954,99227.18,0.19,11.51,5.12,3.76,16.03,10.02,36.43,26.08,30.37,2025-02-26
,,12237012,False,102,,raw,00:15:00,2025-02-26T11:45:00Z,2025-02-26T17:15:00+05:30,2025-02-26T12:00:00Z,2025-02-26T17:30:00+05:30,1,00:15:00,1,00:15:00,100.0,100.0,2025-02-26,-165.882,296.1343,37.64228,-0.50001675,0.7100954,99227.18,0.2,11.45,5.28,4.07,16.03,10.02,40.2,26.52,29.18,2025-02-26
,,12237012,False,102,,raw,00:15:00,2025-02-26T12:00:00Z,2025-02-26T17:30:00+05:30,2025-02-26T12:15:00Z,2025-02-26T17:45:00+05:30,1,00:15:00,1,00:15:00,100.0,100.0,2025-02-26,-165.882,296.1343,37.64228,-0.50001675,0.7100954,99227.18,0.2,11.47,4.78,3.99,16.03,10.02,47.89,27.27,27.89,2025-02-26
,,12237012,False,102,,raw,00:15:00,2025-02-26T12:15:00Z,2025-02-26T17:45:00+05:30,2025-02-26T12:30:00Z,2025-02-26T18:00:00+05:30,1,00:15:00,1,00:15:00,100.0,100.0,2025-02-26,-165.882,296.1343,37.64228,-0.50001675,0.7100954,99227.18,0.21,11.59,4.72,5.82,17.5,10.94,51.24,26.91,26.61,2025-02-26
,,12237012,False,102,,raw,00:15:00,2025-02-26T12:30:00Z,2025-02-26T18:00:00+05:30,2025-02-26T12:45:00Z,2025-02-26T18:15:00+05:30,1,00:15:00,1,00:15:00,100.0,100.0,2025-02-26,-165.882,296.1343,37.64228,-0.50001675,0.7100954,99227.18,0.21,11.66,5.02,8.1,18.05,11.28,52.34,26.57,25.46,2025-02-26
,,12237012,False,102,,raw,00:15:00,2025-02-26T12:45:00Z,2025-02-26T18:15:00+05:30,2025-02-26T13:00:00Z,2025-02-26T18:30:00+05:30,1,00:15:00,1,00:15:00,100.0,100.0,2025-02-26,-165.882,296.1343,37.64228,-0.50001675,0.7100954,99227.18,0.36,11.49,5.12,2.01,18.05,11.28,56.03,26.52,24.57,2025-02-26
,,12237012,False,102,,raw,00:15:00,2025-02-26T13:00:00Z,2025-02-26T18:30:00+05:30,2025-02-26T13:15:00Z,2025-02-26T18:45:00+05:30,1,00:15:00,1,00:15:00,100.0,100.0,2025-02-26,-165.882,296.1343,37.64228,-0.50001675,0.7100954,99227.18,0.53,11.41,4.84,0.88,18.05,11.28,59.59,26.21,23.71,2025-02-26
,,12237012,False,102,,raw,00:15:00,2025-02-26T13:15:00Z,2025-02-26T18:45:00+05:30,2025-02-26T13:30:00Z,2025-02-26T19:00:00+05:30,1,00:15:00,1,00:15:00,100.0,100.0,2025-02-26,-165.882,296.1343,37.64228,-0.50001675,0.7100954,99227.18,0.52,11.45,4.99,0.72,44.72,27.95,60.43,26.26,23.0,2025-02-26
,,12237012,False,102,,raw,00:15:00,2025-02-26T13:30:00Z,2025-02-26T19:00:00+05:30,2025-02-26T13:45:00Z,2025-02-26T19:15:00+05:30,1,00:15:00,1,00:15:00,100.0,100.0,2025-02-26,-165.882,296.1343,37.64228,-0.50001675,0.7100954,99227.18,0.63,11.39,5.08,0.62,54.72,34.2,60.39,25.9,22.4,2025-02-26
,,12237012,False,102,,raw,00:15:00,2025-02-26T13:45:00Z,2025-02-26T19:15:00+05:30,2025-02-26T14:00:00Z,2025-02-26T19:30:00+05:30,1,00:15:00,1,00:15:00,100.0,100.0,2025-02-26,-165.882,296.1343,37.64228,-0.50001675,0.7100954,99227.18,0.69,11.43,5.1,0.78,54.72,34.2,61.4,25.82,21.9,2025-02-26
,,12237012,False,102,,raw,00:15:00,2025-02-26T14:00:00Z,2025-02-26T19:30:00+05:30,2025-02-26T14:15:00Z,2025-02-26T19:45:00+05:30,1,00:15:00,1,00:15:00,100.0,100.0,2025-02-26,-165.882,296.1343,37.64228,-0.50001675,0.7100954,99227.18,0.63,11.49,5.17,0.76,54.72,34.2,61.88,25.92,21.65,2025-02-26
,,12237012,False,102,,raw,00:15:00,2025-02-26T14:15:00Z,2025-02-26T19:45:00+05:30,2025-02-26T14:30:00Z,2025-02-26T20:00:00+05:30,1,00:15:00,1,00:15:00,100.0,100.0,2025-02-26,-165.882,296.1343,37.64228,-0.50001675,0.7100954,99227.18,0.67,11.52,4.89,0.62,64.98,40.61,64.86,26.18,21.42,2025-02-26
,,12237012,False,102,,raw,00:15:00,2025-02-26T14:30:00Z,2025-02-26T20:00:00+05:30,2025-02-26T14:45:00Z,2025-02-26T20:15:00+05:30,1,00:15:00,1,00:15:00,100.0,100.0,2025-02-26,-165.882,296.1343,37.64228,-0.50001675,0.7100954,99227.18,0.71,11.5,4.69,0.58,68.83,43.02,65.16,26.91,21.58,2025-02-26
,,12237012,False,102,,raw,00:15:00,2025-02-26T14:45:00Z,2025-02-26T20:15:00+05:30,2025-02-26T15:00:00Z,2025-02-26T20:30:00+05:30,1,00:15:00,1,00:15:00,100.0,100.0,2025-02-26,-165.882,296.1343,37.64228,-0.50001675,0.7100954,99227.18,0.74,11.45,5.23,0.52,68.83,43.02,66.88,27.69,21.38,2025-02-26
,,12237012,False,102,,raw,00:15:00,2025-02-26T15:00:00Z,2025-02-26T20:30:00+05:30,2025-02-26T15:15:00Z,2025-02-26T20:45:00+05:30,1,00:15:00,1,00:15:00,100.0,100.0,2025-02-26,-165.882,296.1343,37.64228,-0.50001675,0.7100954,99227.18,0.73,11.61,4.8,0.45,68.83,43.02,68.18,28.26,21.38,2025-02-26
,,12237012,False,102,,raw,00:15:00,2025-02-26T15:15:00Z,2025-02-26T20:45:00+05:30,2025-02-26T15:30:00Z,2025-02-26T21:00:00+05:30,1,00:15:00,1,00:15:00,100.0,100.0,2025-02-26,-165.882,296.1343,37.64228,-0.50001675,0.7100954,99227.18,0.72,11.5,4.46,0.43,66.18,41.36,68.88,27.02,21.4,2025-02-26
,,12237012,False,102,,raw,00:15:00,2025-02-26T15:30:00Z,2025-02-26T21:00:00+05:30,2025-02-26T15:45:00Z,2025-02-26T21:15:00+05:30,1,00:15:00,1,00:15:00,100.0,100.0,2025-02-26,-165.882,296.1343,37.64228,-0.50001675,0.7100954,99227.18,0.7,11.72,4.93,0.9,65.18,40.74,68.72,26.54,21.47,2025-02-26
,,12237012,False,102,,raw,00:15:00,2025-02-26T15:45:00Z,2025-02-26T21:15:00+05:30,2025-02-26T16:00:00Z,2025-02-26T21:30:00+05:30,1,00:15:00,1,00:15:00,100.0,100.0,2025-02-26,-165.882,296.1343,37.64228,-0.50001675,0.7100954,99227.18,0.69,11.51,4.97,1.01,65.18,40.74,69.58,26.68,21.13,2025-02-26
,,12237012,False,102,,raw,00:15:00,2025-02-26T16:00:00Z,2025-02-26T21:30:00+05:30,2025-02-26T16:15:00Z,2025-02-26T21:45:00+05:30,1,00:15:00,1,00:15:00,100.0,100.0,2025-02-26,-165.882,296.1343,37.64228,-0.50001675,0.7100954,99227.18,0.68,11.57,4.95,1.01,65.18,40.74,69.25,25.82,20.82,2025-02-26
,,12237012,False,102,,raw,00:15:00,2025-02-26T16:15:00Z,2025-02-26T21:45:00+05:30,2025-02-26T16:30:00Z,2025-02-26T22:00:00+05:30,1,00:15:00,1,00:15:00,100.0,100.0,2025-02-26,-165.882,296.1343,37.64228,-0.50001675,0.7100954,99227.18,0.71,11.24,5.25,0.78,49.06,30.66,70.84,25.76,20.45,2025-02-26
,,12237012,False,102,,raw,00:15:00,2025-02-26T16:30:00Z,2025-02-26T22:00:00+05:30,2025-02-26T16:45:00Z,2025-02-26T22:15:00+05:30,1,00:15:00,1,00:15:00,100.0,100.0,2025-02-26,-165.882,296.1343,37.64228,-0.50001675,0.7100954,99227.18,0.7,11.55,4.65,0.84,43.01,26.88,70.87,25.97,20.27,2025-02-26
,,12237012,False,102,,raw,00:15:00,2025-02-26T16:45:00Z,2025-02-26T22:15:00+05:30,2025-02-26T17:00:00Z,2025-02-26T22:30:00+05:30,1,00:15:00,1,00:15:00,100.0,100.0,2025-02-26,-165.882,296.1343,37.64228,-0.50001675,0.7100954,99227.18,0.69,11.5,4.98,1.01,43.01,26.88,68.52,26.18,20.22,2025-02-26
,,12237012,False,102,,raw,00:15:00,2025-02-26T17:00:00Z,2025-02-26T22:30:00+05:30,2025-02-26T17:15:00Z,2025-02-26T22:45:00+05:30,1,00:15:00,1,00:15:00,100.0,100.0,2025-02-26,-165.882,296.1343,37.64228,-0.50001675,0.7100954,99227.18,0.69,11.45,5.19,0.8,43.01,26.88,66.63,26.28,20.31,2025-02-26
,,12237012,False,102,,raw,00:15:00,2025-02-26T17:15:00Z,2025-02-26T22:45:00+05:30,2025-02-26T17:30:00Z,2025-02-26T23:00:00+05:30,1,00:15:00,1,00:15:00,100.0,100.0,2025-02-26,-165.882,296.1343,37.64228,-0.50001675,0.7100954,99227.18,0.67,11.71,4.48,0.74,51.84,32.4,67.06,26.21,20.26,2025-02-26
,,12237012,False,102,,raw,00:15:00,2025-02-26T17:30:00Z,2025-02-26T23:00:00+05:30,2025-02-26T17:45:00Z,2025-02-26T23:15:00+05:30,1,00:15:00,1,00:15:00,100.0,100.0,2025-02-26,-165.882,296.1343,37.64228,-0.50001675,0.7100954,99227.18,0.65,11.26,5.06,0.6,55.15,34.47,69.03,26.81,19.93,2025-02-26
,,12237012,False,102,,raw,00:15:00,2025-02-26T17:45:00Z,2025-02-26T23:15:00+05:30,2025-02-26T18:00:00Z,2025-02-26T23:30:00+05:30,1,00:15:00,1,00:15:00,100.0,100.0,2025-02-26,-165.882,296.1343,37.64228,-0.50001675,0.7100954,99227.18,0.63,11.67,5.02,0.55,55.15,34.47,71.18,27.17,19.35,2025-02-26
,,12237012,False,102,,raw,00:15:00,2025-02-26T18:00:00Z,2025-02-26T23:30:00+05:30,2025-02-26T18:15:00Z,2025-02-26T23:45:00+05:30,1,00:15:00,1,00:15:00,100.0,100.0,2025-02-26,-165.882,296.1343,37.64228,-0.50001675,0.7100954,99227.18,0.61,11.35,4.89,0.49,55.15,34.47,72.5,27.59,18.97,2025-02-26
,,12237012,False,102,,raw,00:15:00,2025-02-26T19:00:00Z,2025-02-27T00:30:00+05:30,2025-02-26T19:15:00Z,2025-02-27T00:45:00+05:30,1,00:15:00,1,00:15:00,100.0,100.0,2025-02-26,-165.882,296.1343,37.64228,-0.50001675,0.7100954,99227.18,0.51,11.34,5.13,0.72,36.19,22.62,70.37,25.63,19.41,2025-02-26
,,12237012,False,102,,raw,00:15:00,2025-02-26T19:15:00Z,2025-02-27T00:45:00+05:30,2025-02-26T19:30:00Z,2025-02-27T01:00:00+05:30,1,00:15:00,1,00:15:00,100.0,100.0,2025-02-26,-165.882,296.1343,37.64228,-0.50001675,0.7100954,99227.18,0.5,11.44,5.04,0.68,41.99,26.24,71.58,25.35,19.3,2025-02-26
,,12237012,False,102,,raw,00:15:00,2025-02-26T19:30:00Z,2025-02-27T01:00:00+05:30,2025-02-26T19:45:00Z,2025-02-27T01:15:00+05:30,1,00:15:00,1,00:15:00,100.0,100.0,2025-02-26,-165.882,296.1343,37.64228,-0.50001675,0.7100954,99227.18,0.48,11.49,4.69,0.92,44.16,27.6,72.86,25.55,19.08,2025-02-26
,,12237012,False,102,,raw,00:15:00,2025-02-26T19:45:00Z,2025-02-27T01:15:00+05:30,2025-02-26T20:00:00Z,2025-02-27T01:30:00+05:30,1,00:15:00,1,00:15:00,100.0,100.0,2025-02-26,-165.882,296.1343,37.64228,-0.50001675,0.7100954,99227.18,0.47,11.77,4.76,0.76,44.16,27.6,74.11,25.37,18.89,2025-02-26
,,12237012,False,102,,raw,00:15:00,2025-02-26T20:00:00Z,2025-02-27T01:30:00+05:30,2025-02-26T20:15:00Z,2025-02-27T01:45:00+05:30,1,00:15:00,1,00:15:00,100.0,100.0,2025-02-26,-165.882,296.1343,37.64228,-0.50001675,0.7100954,99227.18,0.45,11.72,4.37,0.74,44.16,27.6,74.73,25.42,18.86,2025-02-26
,,12237012,False,102,,raw,00:15:00,2025-02-26T20:15:00Z,2025-02-27T01:45:00+05:30,2025-02-26T20:30:00Z,2025-02-27T02:00:00+05:30,1,00:15:00,1,00:15:00,100.0,100.0,2025-02-26,-165.882,296.1343,37.64228,-0.50001675,0.7100954,99227.18,0.44,11.54,4.97,0.78,43.74,27.34,75.34,26.0,18.79,2025-02-26
,,12237012,False,102,,raw,00:15:00,2025-02-26T20:30:00Z,2025-02-27T02:00:00+05:30,2025-02-26T20:45:00Z,2025-02-27T02:15:00+05:30,1,00:15:00,1,00:15:00,100.0,100.0,2025-02-26,-165.882,296.1343,37.64228,-0.50001675,0.7100954,99227.18,0.43,11.54,4.91,0.7,43.58,27.24,76.08,26.39,18.69,2025-02-26
,,12237012,False,102,,raw,00:15:00,2025-02-26T21:00:00Z,2025-02-27T02:30:00+05:30,2025-02-26T21:15:00Z,2025-02-27T02:45:00+05:30,1,00:15:00,1,00:15:00,100.0,100.0,2025-02-26,-165.882,296.1343,37.64228,-0.50001675,0.7100954,99227.18,0.4,11.33,4.78,0.66,43.58,27.24,77.08,27.35,18.51,2025-02-26
,,12237012,False,102,,raw,00:15:00,2025-02-26T21:15:00Z,2025-02-27T02:45:00+05:30,2025-02-26T21:30:00Z,2025-02-27T03:00:00+05:30,1,00:15:00,1,00:15:00,100.0,100.0,2025-02-26,-165.882,296.1343,37.64228,-0.50001675,0.7100954,99227.18,0.38,11.51,4.65,0.68,35.8,22.37,76.68,26.36,18.47,2025-02-26
,,12237012,False,102,,raw,00:15:00,2025-02-26T21:30:00Z,2025-02-27T03:00:00+05:30,2025-02-26T21:45:00Z,2025-02-27T03:15:00+05:30,1,00:15:00,1,00:15:00,100.0,100.0,2025-02-26,-165.882,296.1343,37.64228,-0.50001675,0.7100954,99227.18,0.36,11.68,4.76,0.88,32.88,20.55,75.95,26.34,18.5,2025-02-26
,,12237012,False,102,,raw,00:15:00,2025-02-26T21:45:00Z,2025-02-27T03:15:00+05:30,2025-02-26T22:00:00Z,2025-02-27T03:30:00+05:30,1,00:15:00,1,00:15:00,100.0,100.0,2025-02-26,-165.882,296.1343,37.64228,-0.50001675,0.7100954,99227.18,0.34,11.57,4.67,1.03,32.88,20.55,75.18,25.92,18.6,2025-02-26
,,12237012,False,102,,raw,00:15:00,2025-02-26T22:00:00Z,2025-02-27T03:30:00+05:30,2025-02-26T22:15:00Z,2025-02-27T03:45:00+05:30,1,00:15:00,1,00:15:00,100.0,100.0,2025-02-26,-165.882,296.1343,37.64228,-0.50001675,0.7100954,99227.18,0.33,11.48,5.04,1.03,32.88,20.55,74.58,25.17,18.66,2025-02-26
,,12237012,False,102,,raw,00:15:00,2025-02-26T22:15:00Z,2025-02-27T03:45:00+05:30,2025-02-26T22:30:00Z,2025-02-27T04:00:00+05:30,1,00:15:00,1,00:15:00,100.0,100.0,2025-02-26,-165.882,296.1343,37.64228,-0.50001675,0.7100954,99227.18,0.32,11.71,5.08,0.8,30.86,19.28,74.45,25.42,18.59,2025-02-26
,,12237012,False,102,,raw,00:15:00,2025-02-26T22:30:00Z,2025-02-27T04:00:00+05:30,2025-02-26T22:45:00Z,2025-02-27T04:15:00+05:30,1,00:15:00,1,00:15:00,100.0,100.0,2025-02-26,-165.882,296.1343,37.64228,-0.50001675,0.7100954,99227.18,0.31,11.46,4.91,0.86,30.1,18.81,75.25,25.4,18.34,2025-02-26
,,12237012,False,102,,raw,00:15:00,2025-02-26T22:45:00Z,2025-02-27T04:15:00+05:30,2025-02-26T23:00:00Z,2025-02-27T04:30:00+05:30,1,00:15:00,1,00:15:00,100.0,100.0,2025-02-26,-165.882,296.1343,37.64228,-0.50001675,0.7100954,99227.18,0.3,11.52,4.67,1.07,30.1,18.81,76.25,25.66,18.05,2025-02-26
,,12237012,False,102,,raw,00:15:00,2025-02-26T23:00:00Z,2025-02-27T04:30:00+05:30,2025-02-26T23:15:00Z,2025-02-27T04:45:00+05:30,1,00:15:00,1,00:15:00,100.0,100.0,2025-02-26,-165.882,296.1343,37.64228,-0.50001675,0.7100954,99227.18,0.3,11.76,4.61,0.9,30.1,18.81,77.31,25.68,17.99,2025-02-26
,,12237012,False,102,,raw,00:15:00,2025-02-26T23:15:00Z,2025-02-27T04:45:00+05:30,2025-02-26T23:30:00Z,2025-02-27T05:00:00+05:30,1,00:15:00,1,00:15:00,100.0,100.0,2025-02-26,-165.882,296.1343,37.64228,-0.50001675,0.7100954,99227.18,0.29,11.39,5.19,1.03,27.02,16.89,77.95,26.05,18.05,2025-02-26
,,12237012,False,102,,raw,00:15:00,2025-02-26T23:30:00Z,2025-02-27T05:00:00+05:30,2025-02-26T23:45:00Z,2025-02-27T05:15:00+05:30,1,00:15:00,1,00:15:00,100.0,100.0,2025-02-26,-165.882,296.1343,37.64228,-0.50001675,0.7100954,99227.18,0.29,11.52,5.17,1.05,25.87,16.17,77.47,26.0,18.24,2025-02-26
,,12237012,False,102,,raw,00:15:00,2025-02-26T23:45:00Z,2025-02-27T05:15:00+05:30,2025-02-27T00:00:00Z,2025-02-27T05:30:00+05:30,1,00:15:00,1,00:15:00,100.0,100.0,2025-02-27,-165.92528,297.16226,39.040077,-0.35625765,0.88724786,98825.69,0.28,11.55,4.65,1.07,25.87,16.17,76.69,26.54,18.26,2025-02-27
,,12237012,False,102,,raw,00:15:00,2025-02-27T00:00:00Z,2025-02-27T05:30:00+05:30,2025-02-27T00:15:00Z,2025-02-27T05:45:00+05:30,1,00:15:00,1,00:15:00,100.0,100.0,2025-02-27,-165.92528,297.16226,39.040077,-0.35625765,0.88724786,98825.69,0.28,11.44,4.78,1.33,25.87,16.17,75.73,27.01,18.26,2025-02-27
,,12237012,False,102,,raw,00:15:00,2025-02-27T00:15:00Z,2025-02-27T05:45:00+05:30,2025-02-27T00:30:00Z,2025-02-27T06:00:00+05:30,1,00:15:00,1,00:15:00,100.0,100.0,2025-02-27,-165.92528,297.16226,39.040077,-0.35625765,0.88724786,98825.69,0.27,11.61,5.02,1.38,24.26,15.17,75.01,25.97,18.26,2025-02-27
,,12237012,False,102,,raw,00:15:00,2025-02-27T00:30:00Z,2025-02-27T06:00:00+05:30,2025-02-27T00:45:00Z,2025-02-27T06:15:00+05:30,1,00:15:00,1,00:15:00,100.0,100.0,2025-02-27,-165.92528,297.16226,39.040077,-0.35625765,0.88724786,98825.69,0.25,11.71,4.8,1.52,23.66,14.79,74.83,25.85,18.23,2025-02-27
,,12237012,False,102,,raw,00:15:00,2025-02-27T00:45:00Z,2025-02-27T06:15:00+05:30,2025-02-27T01:00:00Z,2025-02-27T06:30:00+05:30,1,00:15:00,1,00:15:00,100.0,100.0,2025-02-27,-165.92528,297.16226,39.040077,-0.35625765,0.88724786,98825.69,0.25,11.79,4.72,1.56,23.66,14.79,75.6,25.32,18.04,2025-02-27
,,12237012,False,102,,raw,00:15:00,2025-02-27T01:00:00Z,2025-02-27T06:30:00+05:30,2025-02-27T01:15:00Z,2025-02-27T06:45:00+05:30,1,00:15:00,1,00:15:00,100.0,100.0,2025-02-27,-165.92528,297.16226,39.040077,-0.35625765,0.88724786,98825.69,0.24,11.71,4.85,1.5,23.66,14.79,76.63,25.19,17.95,2025-02-27
,,12237012,False,102,,raw,00:15:00,2025-02-27T01:15:00Z,2025-02-27T06:45:00+05:30,2025-02-27T01:30:00Z,2025-02-27T07:00:00+05:30,1,00:15:00,1,00:15:00,100.0,100.0,2025-02-27,-165.92528,297.16226,39.040077,-0.35625765,0.88724786,98825.69,0.24,11.72,4.85,1.6,26.87,16.8,76.45,25.87,18.24,2025-02-27
,,12237012,False,102,,raw,00:15:00,2025-02-27T01:30:00Z,2025-02-27T07:00:00+05:30,2025-02-27T01:45:00Z,2025-02-27T07:15:00+05:30,1,00:15:00,1,00:15:00,100.0,100.0,2025-02-27,-165.92528,297.16226,39.040077,-0.35625765,0.88724786,98825.69,0.25,11.49,5.17,1.83,28.08,17.55,74.42,26.36,18.79,2025-02-27
,,12237012,False,102,,raw,00:15:00,2025-02-27T01:45:00Z,2025-02-27T07:15:00+05:30,2025-02-27T02:00:00Z,2025-02-27T07:30:00+05:30,1,00:15:00,1,00:15:00,100.0,100.0,2025-02-27,-165.92528,297.16226,39.040077,-0.35625765,0.88724786,98825.69,0.25,11.51,4.95,1.97,28.08,17.55,72.21,26.68,19.36,2025-02-27
,,12237012,False,102,,raw,00:15:00,2025-02-27T02:00:00Z,2025-02-27T07:30:00+05:30,2025-02-27T02:15:00Z,2025-02-27T07:45:00+05:30,1,00:15:00,1,00:15:00,100.0,100.0,2025-02-27,-165.92528,297.16226,39.040077,-0.35625765,0.88724786,98825.69,0.26,11.48,4.97,2.08,28.08,17.55,69.95,27.3,19.99,2025-02-27
,,12237012,False,102,,raw,00:15:00,2025-02-27T02:15:00Z,2025-02-27T07:45:00+05:30,2025-02-27T02:30:00Z,2025-02-27T08:00:00+05:30,1,00:15:00,1,00:15:00,100.0,100.0,2025-02-27,-165.92528,297.16226,39.040077,-0.35625765,0.88724786,98825.69,0.27,11.45,4.99,2.05,29.44,18.4,65.74,27.85,21.18,2025-02-27
,,12237012,False,102,,raw,00:15:00,2025-02-27T02:30:00Z,2025-02-27T08:00:00+05:30,2025-02-27T02:45:00Z,2025-02-27T08:15:00+05:30,1,00:15:00,1,00:15:00,100.0,100.0,2025-02-27,-165.92528,297.16226,39.040077,-0.35625765,0.88724786,98825.69,0.28,11.41,4.84,2.18,29.95,18.72,59.7,28.13,22.75,2025-02-27
,,12237012,False,102,,raw,00:15:00,2025-02-27T02:45:00Z,2025-02-27T08:15:00+05:30,2025-02-27T03:00:00Z,2025-02-27T08:30:00+05:30,1,00:15:00,1,00:15:00,100.0,100.0,2025-02-27,-165.92528,297.16226,39.040077,-0.35625765,0.88724786,98825.69,0.29,11.44,5.08,2.12,29.95,18.72,54.63,28.65,24.65,2025-02-27
,,12237012,False,102,,raw,00:15:00,2025-02-27T03:00:00Z,2025-02-27T08:30:00+05:30,2025-02-27T03:15:00Z,2025-02-27T08:45:00+05:30,1,00:15:00,1,00:15:00,100.0,100.0,2025-02-27,-165.92528,297.16226,39.040077,-0.35625765,0.88724786,98825.69,0.31,11.45,4.81,2.24,29.95,18.72,49.7,29.33,25.93,2025-02-27
,,12237012,False,102,,raw,00:15:00,2025-02-27T03:15:00Z,2025-02-27T08:45:00+05:30,2025-02-27T03:30:00Z,2025-02-27T09:00:00+05:30,1,00:15:00,1,00:15:00,100.0,100.0,2025-02-27,-165.92528,297.16226,39.040077,-0.35625765,0.88724786,98825.69,0.31,11.28,4.89,2.48,35.05,21.91,45.49,27.12,27.1,2025-02-27
,,12237012,False,102,,raw,00:15:00,2025-02-27T03:45:00Z,2025-02-27T09:15:00+05:30,2025-02-27T04:00:00Z,2025-02-27T09:30:00+05:30,1,00:15:00,1,00:15:00,100.0,100.0,2025-02-27,-165.92528,297.16226,39.040077,-0.35625765,0.88724786,98825.69,0.29,11.48,5.49,2.8,36.96,23.1,38.63,26.21,29.3,2025-02-27
,,12237012,False,102,,raw,00:15:00,2025-02-27T04:00:00Z,2025-02-27T09:30:00+05:30,2025-02-27T04:15:00Z,2025-02-27T09:45:00+05:30,1,00:15:00,1,00:15:00,100.0,100.0,2025-02-27,-165.92528,297.16226,39.040077,-0.35625765,0.88724786,98825.69,0.29,11.67,5.06,3.55,36.96,23.1,36.19,25.56,30.26,2025-02-27
,,12237012,False,102,,raw,00:15:00,2025-02-27T04:15:00Z,2025-02-27T09:45:00+05:30,2025-02-27T04:30:00Z,2025-02-27T10:00:00+05:30,1,00:15:00,1,00:15:00,100.0,100.0,2025-02-27,-165.92528,297.16226,39.040077,-0.35625765,0.88724786,98825.69,0.29,11.2,5.27,3.39,29.98,18.74,37.64,25.48,29.98,2025-02-27
,,12237012,False,102,,raw,00:15:00,2025-02-27T04:30:00Z,2025-02-27T10:00:00+05:30,2025-02-27T04:45:00Z,2025-02-27T10:15:00+05:30,1,00:15:00,1,00:15:00,100.0,100.0,2025-02-27,-165.92528,297.16226,39.040077,-0.35625765,0.88724786,98825.69,0.29,11.54,5.0,3.6,27.36,17.1,36.57,25.58,30.63,2025-02-27
,,12237012,False,102,,raw,00:15:00,2025-02-27T04:45:00Z,2025-02-27T10:15:00+05:30,2025-02-27T05:00:00Z,2025-02-27T10:30:00+05:30,1,00:15:00,1,00:15:00,100.0,100.0,2025-02-27,-165.92528,297.16226,39.040077,-0.35625765,0.88724786,98825.69,0.28,11.62,4.85,4.67,27.36,17.1,36.27,25.74,31.35,2025-02-27
,,12237012,False,102,,raw,00:15:00,2025-02-27T05:00:00Z,2025-02-27T10:30:00+05:30,2025-02-27T05:15:00Z,2025-02-27T10:45:00+05:30,1,00:15:00,1,00:15:00,100.0,100.0,2025-02-27,-165.92528,297.16226,39.040077,-0.35625765,0.88724786,98825.69,0.27,11.56,4.84,3.29,27.36,17.1,33.75,25.17,32.33,2025-02-27
,,12237012,False,102,,raw,00:15:00,2025-02-27T05:15:00Z,2025-02-27T10:45:00+05:30,2025-02-27T05:30:00Z,2025-02-27T11:00:00+05:30,1,00:15:00,1,00:15:00,100.0,100.0,2025-02-27,-165.92528,297.16226,39.040077,-0.35625765,0.88724786,98825.69,0.28,11.5,4.99,3.17,22.86,14.29,33.37,25.58,32.24,2025-02-27
,,12237012,False,102,,raw,00:15:00,2025-02-27T05:30:00Z,2025-02-27T11:00:00+05:30,2025-02-27T05:45:00Z,2025-02-27T11:15:00+05:30,1,00:15:00,1,00:15:00,100.0,100.0,2025-02-27,-165.92528,297.16226,39.040077,-0.35625765,0.88724786,98825.69,0.28,11.83,4.55,3.27,21.17,13.23,32.28,26.57,33.17,2025-02-27
,,12237012,False,102,,raw,00:15:00,2025-02-27T05:45:00Z,2025-02-27T11:15:00+05:30,2025-02-27T06:00:00Z,2025-02-27T11:30:00+05:30,1,00:15:00,1,00:15:00,100.0,100.0,2025-02-27,-165.92528,297.16226,39.040077,-0.35625765,0.88724786,98825.69,0.29,11.31,5.36,3.43,21.17,13.23,32.25,27.38,32.69,2025-02-27
,,12237012,False,102,,raw,00:15:00,2025-02-27T06:00:00Z,2025-02-27T11:30:00+05:30,2025-02-27T06:15:00Z,2025-02-27T11:45:00+05:30,1,00:15:00,1,00:15:00,100.0,100.0,2025-02-27,-165.92528,297.16226,39.040077,-0.35625765,0.88724786,98825.69,0.28,11.34,5.04,3.62,21.17,13.23,33.56,27.46,32.94,2025-02-27
,,12237012,False,102,,raw,00:15:00,2025-02-27T06:15:00Z,2025-02-27T11:45:00+05:30,2025-02-27T06:30:00Z,2025-02-27T12:00:00+05:30,1,00:15:00,1,00:15:00,100.0,100.0,2025-02-27,-165.92528,297.16226,39.040077,-0.35625765,0.88724786,98825.69,0.27,11.49,5.36,5.57,19.81,12.38,31.91,26.91,33.2,2025-02-27
,,12237012,False,102,,raw,00:15:00,2025-02-27T06:30:00Z,2025-02-27T12:00:00+05:30,2025-02-27T06:45:00Z,2025-02-27T12:15:00+05:30,1,00:15:00,1,00:15:00,100.0,100.0,2025-02-27,-165.92528,297.16226,39.040077,-0.35625765,0.88724786,98825.69,0.24,11.45,4.76,7.83,19.3,12.06,30.45,26.7,34.38,2025-02-27
,,12237012,False,102,,raw,00:15:00,2025-02-27T06:45:00Z,2025-02-27T12:15:00+05:30,2025-02-27T07:00:00Z,2025-02-27T12:30:00+05:30,1,00:15:00,1,00:15:00,100.0,100.0,2025-02-27,-165.92528,297.16226,39.040077,-0.35625765,0.88724786,98825.69,0.24,11.35,5.02,6.31,19.3,12.06,28.9,25.95,34.8,2025-02-27
,,12237012,False,102,,raw,00:15:00,2025-02-27T07:00:00Z,2025-02-27T12:30:00+05:30,2025-02-27T07:15:00Z,2025-02-27T12:45:00+05:30,1,00:15:00,1,00:15:00,100.0,100.0,2025-02-27,-165.92528,297.16226,39.040077,-0.35625765,0.88724786,98825.69,0.23,11.56,5.1,5.51,19.3,12.06,28.42,25.53,34.81,2025-02-27
,,12237012,False,102,,raw,00:15:00,2025-02-27T07:15:00Z,2025-02-27T12:45:00+05:30,2025-02-27T07:30:00Z,2025-02-27T13:00:00+05:30,1,00:15:00,1,00:15:00,100.0,100.0,2025-02-27,-165.92528,297.16226,39.040077,-0.35625765,0.88724786,98825.69,0.22,11.68,4.78,6.84,19.4,12.13,27.17,25.27,35.4,2025-02-27
,,12237012,False,102,,raw,00:15:00,2025-02-27T07:30:00Z,2025-02-27T13:00:00+05:30,2025-02-27T07:45:00Z,2025-02-27T13:15:00+05:30,1,00:15:00,1,00:15:00,100.0,100.0,2025-02-27,-165.92528,297.16226,39.040077,-0.35625765,0.88724786,98825.69,0.22,11.77,4.82,9.31,19.44,12.15,26.94,25.53,35.19,2025-02-27
,,12237012,False,102,,raw,00:15:00,2025-02-27T07:45:00Z,2025-02-27T13:15:00+05:30,2025-02-27T08:00:00Z,2025-02-27T13:30:00+05:30,1,00:15:00,1,00:15:00,100.0,100.0,2025-02-27,-165.92528,297.16226,39.040077,-0.35625765,0.88724786,98825.69,0.22,11.69,4.76,8.24,19.44,12.15,24.68,25.43,35.16,2025-02-27
,,12237012,False,102,,raw,00:15:00,2025-02-27T08:00:00Z,2025-02-27T13:30:00+05:30,2025-02-27T08:15:00Z,2025-02-27T13:45:00+05:30,1,00:15:00,1,00:15:00,100.0,100.0,2025-02-27,-165.92528,297.16226,39.040077,-0.35625765,0.88724786,98825.69,0.2,11.88,4.76,10.09,19.44,12.15,24.28,25.58,35.26,2025-02-27
,,12237012,False,102,,raw,00:15:00,2025-02-27T08:15:00Z,2025-02-27T13:45:00+05:30,2025-02-27T08:30:00Z,2025-02-27T14:00:00+05:30,1,00:15:00,1,00:15:00,100.0,100.0,2025-02-27,-165.92528,297.16226,39.040077,-0.35625765,0.88724786,98825.69,0.21,11.72,4.72,4.17,16.68,10.43,25.27,24.96,34.66,2025-02-27
,,12237012,False,102,,raw,00:15:00,2025-02-27T08:30:00Z,2025-02-27T14:00:00+05:30,2025-02-27T08:45:00Z,2025-02-27T14:15:00+05:30,1,00:15:00,1,00:15:00,100.0,100.0,2025-02-27,-165.92528,297.16226,39.040077,-0.35625765,0.88724786,98825.69,0.22,11.59,5.13,3.88,15.65,9.78,26.68,26.15,34.55,2025-02-27
,,12237012,False,102,,raw,00:15:00,2025-02-27T08:45:00Z,2025-02-27T14:15:00+05:30,2025-02-27T09:00:00Z,2025-02-27T14:30:00+05:30,1,00:15:00,1,00:15:00,100.0,100.0,2025-02-27,-165.92528,297.16226,39.040077,-0.35625765,0.88724786,98825.69,0.22,11.29,5.19,4.05,15.65,9.78,25.55,27.04,34.83,2025-02-27
,,12237012,False,102,,raw,00:15:00,2025-02-27T09:00:00Z,2025-02-27T14:30:00+05:30,2025-02-27T09:15:00Z,2025-02-27T14:45:00+05:30,1,00:15:00,1,00:15:00,100.0,100.0,2025-02-27,-165.92528,297.16226,39.040077,-0.35625765,0.88724786,98825.69,0.22,11.65,4.7,3.88,15.65,9.78,22.55,27.79,35.99,2025-02-27
,,12237012,False,102,,raw,00:15:00,2025-02-27T09:15:00Z,2025-02-27T14:45:00+05:30,2025-02-27T09:30:00Z,2025-02-27T15:00:00+05:30,1,00:15:00,1,00:15:00,100.0,100.0,2025-02-27,-165.92528,297.16226,39.040077,-0.35625765,0.88724786,98825.69,0.21,11.6,5.32,4.91,15.86,9.91,22.21,27.17,36.07,2025-02-27
,,12237012,False,102,,raw,00:15:00,2025-02-27T09:30:00Z,2025-02-27T15:00:00+05:30,2025-02-27T09:45:00Z,2025-02-27T15:15:00+05:30,1,00:15:00,1,00:15:00,100.0,100.0,2025-02-27,-165.92528,297.16226,39.040077,-0.35625765,0.88724786,98825.69,0.19,11.52,4.95,7.48,15.94,9.96,23.41,26.49,35.46,2025-02-27
,,12237012,False,102,,raw,00:15:00,2025-02-27T09:45:00Z,2025-02-27T15:15:00+05:30,2025-02-27T10:00:00Z,2025-02-27T15:30:00+05:30,1,00:15:00,1,00:15:00,100.0,100.0,2025-02-27,-165.92528,297.16226,39.040077,-0.35625765,0.88724786,98825.69,0.19,11.56,4.46,6.98,15.94,9.96,22.83,26.03,35.65,2025-02-27
,,12237012,False,102,,raw,00:15:00,2025-02-27T10:00:00Z,2025-02-27T15:30:00+05:30,2025-02-27T10:15:00Z,2025-02-27T15:45:00+05:30,1,00:15:00,1,00:15:00,100.0,100.0,2025-02-27,-165.92528,297.16226,39.040077,-0.35625765,0.88724786,98825.69,0.19,11.68,4.89,8.26,15.94,9.96,25.61,25.59,34.39,2025-02-27
,,12237012,False,102,,raw,00:15:00,2025-02-27T10:15:00Z,2025-02-27T15:45:00+05:30,2025-02-27T10:30:00Z,2025-02-27T16:00:00+05:30,1,00:15:00,1,00:15:00,100.0,100.0,2025-02-27,-165.92528,297.16226,39.040077,-0.35625765,0.88724786,98825.69,0.18,11.44,4.93,10.72,15.13,9.46,26.35,25.45,34.44,2025-02-27
,,12237012,False,102,,raw,00:15:00,2025-02-27T10:30:00Z,2025-02-27T16:00:00+05:30,2025-02-27T10:45:00Z,2025-02-27T16:15:00+05:30,1,00:15:00,1,00:15:00,100.0,100.0,2025-02-27,-165.92528,297.16226,39.040077,-0.35625765,0.88724786,98825.69,0.19,11.68,4.97,9.43,14.83,9.27,25.03,25.14,34.47,2025-02-27
,,12237012,False,102,,raw,00:15:00,2025-02-27T10:45:00Z,2025-02-27T16:15:00+05:30,2025-02-27T11:00:00Z,2025-02-27T16:30:00+05:30,1,00:15:00,1,00:15:00,100.0,100.0,2025-02-27,-165.92528,297.16226,39.040077,-0.35625765,0.88724786,98825.69,0.18,11.47,4.95,9.1,14.83,9.27,24.47,25.11,34.87,2025-02-27
,,12237012,False,102,,raw,00:15:00,2025-02-27T11:00:00Z,2025-02-27T16:30:00+05:30,2025-02-27T11:15:00Z,2025-02-27T16:45:00+05:30,1,00:15:00,1,00:15:00,100.0,100.0,2025-02-27,-165.92528,297.16226,39.040077,-0.35625765,0.88724786,98825.69,0.18,11.48,4.7,7.66,14.83,9.27,26.18,25.19,34.38,2025-02-27
,,12237012,False,102,,raw,00:15:00,2025-02-27T11:15:00Z,2025-02-27T16:45:00+05:30,2025-02-27T11:30:00Z,2025-02-27T17:00:00+05:30,1,00:15:00,1,00:15:00,100.0,100.0,2025-02-27,-165.92528,297.16226,39.040077,-0.35625765,0.88724786,98825.69,0.19,11.32,4.85,3.86,14.59,9.12,29.18,25.12,33.2,2025-02-27
,,12237012,False,102,,raw,00:15:00,2025-02-27T11:30:00Z,2025-02-27T17:00:00+05:30,2025-02-27T11:45:00Z,2025-02-27T17:15:00+05:30,1,00:15:00,1,00:15:00,100.0,100.0,2025-02-27,-165.92528,297.16226,39.040077,-0.35625765,0.88724786,98825.69,0.2,11.54,5.08,3.19,14.5,9.06,30.18,25.97,32.4,2025-02-27
,,12237012,False,102,,raw,00:15:00,2025-02-27T11:45:00Z,2025-02-27T17:15:00+05:30,2025-02-27T12:00:00Z,2025-02-27T17:30:00+05:30,1,00:15:00,1,00:15:00,100.0,100.0,2025-02-27,-165.92528,297.16226,39.040077,-0.35625765,0.88724786,98825.69,0.2,11.41,5.04,2.61,14.5,9.06,32.78,26.54,31.29,2025-02-27
,,12237012,False,102,,raw,00:15:00,2025-02-27T12:00:00Z,2025-02-27T17:30:00+05:30,2025-02-27T12:15:00Z,2025-02-27T17:45:00+05:30,1,00:15:00,1,00:15:00,100.0,100.0,2025-02-27,-165.92528,297.16226,39.040077,-0.35625765,0.88724786,98825.69,0.2,11.38,5.0,3.88,14.5,9.06,34.73,27.61,30.4,2025-02-27
,,12237012,False,102,,raw,00:15:00,2025-02-27T12:15:00Z,2025-02-27T17:45:00+05:30,2025-02-27T12:30:00Z,2025-02-27T18:00:00+05:30,1,00:15:00,1,00:15:00,100.0,100.0,2025-02-27,-165.92528,297.16226,39.040077,-0.35625765,0.88724786,98825.69,0.22,11.65,4.48,9.2,15.65,9.78,36.02,29.09,29.93,2025-02-27
,,12237012,False,102,,raw,00:15:00,2025-02-27T12:30:00Z,2025-02-27T18:00:00+05:30,2025-02-27T12:45:00Z,2025-02-27T18:15:00+05:30,1,00:15:00,1,00:15:00,100.0,100.0,2025-02-27,-165.92528,297.16226,39.040077,-0.35625765,0.88724786,98825.69,0.23,11.69,4.59,8.67,16.08,10.05,36.94,29.38,29.33,2025-02-27
,,12237012,False,102,,raw,00:15:00,2025-02-27T12:45:00Z,2025-02-27T18:15:00+05:30,2025-02-27T13:00:00Z,2025-02-27T18:30:00+05:30,1,00:15:00,1,00:15:00,100.0,100.0,2025-02-27,-165.92528,297.16226,39.040077,-0.35625765,0.88724786,98825.69,0.23,11.54,4.69,6.14,16.08,10.05,37.47,27.27,29.08,2025-02-27
,,12237012,False,102,,raw,00:15:00,2025-02-27T13:00:00Z,2025-02-27T18:30:00+05:30,2025-02-27T13:15:00Z,2025-02-27T18:45:00+05:30,1,00:15:00,1,00:15:00,100.0,100.0,2025-02-27,-165.92528,297.16226,39.040077,-0.35625765,0.88724786,98825.69,0.23,11.54,4.89,3.58,16.08,10.05,44.22,27.33,28.05,2025-02-27
,,12237012,False,102,,raw,00:15:00,2025-02-27T13:15:00Z,2025-02-27T18:45:00+05:30,2025-02-27T13:30:00Z,2025-02-27T19:00:00+05:30,1,00:15:00,1,00:15:00,100.0,100.0,2025-02-27,-165.92528,297.16226,39.040077,-0.35625765,0.88724786,98825.69,0.27,11.35,5.23,3.27,22.68,14.17,48.43,27.2,27.02,2025-02-27
,,12237012,False,102,,raw,00:15:00,2025-02-27T13:30:00Z,2025-02-27T19:00:00+05:30,2025-02-27T13:45:00Z,2025-02-27T19:15:00+05:30,1,00:15:00,1,00:15:00,100.0,100.0,2025-02-27,-165.92528,297.16226,39.040077,-0.35625765,0.88724786,98825.69,0.3,11.35,5.47,2.32,25.15,15.72,49.54,27.09,26.71,2025-02-27
,,12237012,False,102,,raw,00:15:00,2025-02-27T13:45:00Z,2025-02-27T19:15:00+05:30,2025-02-27T14:00:00Z,2025-02-27T19:30:00+05:30,1,00:15:00,1,00:15:00,100.0,100.0,2025-02-27,-165.92528,297.16226,39.040077,-0.35625765,0.88724786,98825.69,0.27,11.45,4.87,3.04,25.15,15.72,49.34,26.23,26.84,2025-02-27
,,12237012,False,102,,raw,00:15:00,2025-02-27T14:00:00Z,2025-02-27T19:30:00+05:30,2025-02-27T14:15:00Z,2025-02-27T19:45:00+05:30,1,00:15:00,1,00:15:00,100.0,100.0,2025-02-27,-165.92528,297.16226,39.040077,-0.35625765,0.88724786,98825.69,0.27,11.63,4.93,3.43,25.15,15.72,50.21,25.43,26.7,2025-02-27
,,12237012,False,102,,raw,00:15:00,2025-02-27T14:15:00Z,2025-02-27T19:45:00+05:30,2025-02-27T14:30:00Z,2025-02-27T20:00:00+05:30,1,00:15:00,1,00:15:00,100.0,100.0,2025-02-27,-165.92528,297.16226,39.040077,-0.35625765,0.88724786,98825.69,0.28,11.39,5.17,1.33,27.21,17.01,50.45,25.82,26.44,2025-02-27
,,12237012,False,102,,raw,00:15:00,2025-02-27T14:30:00Z,2025-02-27T20:00:00+05:30,2025-02-27T14:45:00Z,2025-02-27T20:15:00+05:30,1,00:15:00,1,00:15:00,100.0,100.0,2025-02-27,-165.92528,297.16226,39.040077,-0.35625765,0.88724786,98825.69,0.29,11.47,5.04,1.31,27.98,17.49,51.49,26.18,26.27,2025-02-27
,,12237012,False,102,,raw,00:15:00,2025-02-27T14:45:00Z,2025-02-27T20:15:00+05:30,2025-02-27T15:00:00Z,2025-02-27T20:30:00+05:30,1,00:15:00,1,00:15:00,100.0,100.0,2025-02-27,-165.92528,297.16226,39.040077,-0.35625765,0.88724786,98825.69,0.29,11.73,4.54,1.65,27.98,17.49,58.54,27.53,25.33,2025-02-27
,,12237012,False,102,,raw,00:15:00,2025-02-27T15:00:00Z,2025-02-27T20:30:00+05:30,2025-02-27T15:15:00Z,2025-02-27T20:45:00+05:30,1,00:15:00,1,00:15:00,100.0,100.0,2025-02-27,-165.92528,297.16226,39.040077,-0.35625765,0.88724786,98825.69,0.29,11.28,4.89,1.97,27.98,17.49,62.22,27.92,24.42,2025-02-27
,,12237012,False,102,,raw,00:15:00,2025-02-27T15:15:00Z,2025-02-27T20:45:00+05:30,2025-02-27T15:30:00Z,2025-02-27T21:00:00+05:30,1,00:15:00,1,00:15:00,100.0,100.0,2025-02-27,-165.92528,297.16226,39.040077,-0.35625765,0.88724786,98825.69,0.28,11.7,4.55,2.06,24.29,15.18,63.67,26.21,23.83,2025-02-27
,,12237012,False,102,,raw,00:15:00,2025-02-27T15:30:00Z,2025-02-27T21:00:00+05:30,2025-02-27T15:45:00Z,2025-02-27T21:15:00+05:30,1,00:15:00,1,00:15:00,100.0,100.0,2025-02-27,-165.92528,297.16226,39.040077,-0.35625765,0.88724786,98825.69,0.25,11.58,4.82,1.95,22.9,14.31,63.74,26.34,23.54,2025-02-27
,,12237012,False,102,,raw,00:15:00,2025-02-27T15:45:00Z,2025-02-27T21:15:00+05:30,2025-02-27T16:00:00Z,2025-02-27T21:30:00+05:30,1,00:15:00,1,00:15:00,100.0,100.0,2025-02-27,-165.92528,297.16226,39.040077,-0.35625765,0.88724786,98825.69,0.25,11.51,4.95,2.24,22.9,14.31,65.84,25.77,23.18,2025-02-27
,,12237012,False,102,,raw,00:15:00,2025-02-27T16:00:00Z,2025-02-27T21:30:00+05:30,2025-02-27T16:15:00Z,2025-02-27T21:45:00+05:30,1,00:15:00,1,00:15:00,100.0,100.0,2025-02-27,-165.92528,297.16226,39.040077,-0.35625765,0.88724786,98825.69,0.25,11.46,4.85,3.35,22.9,14.31,66.29,25.77,23.0,2025-02-27
,,12237012,False,102,,raw,00:15:00,2025-02-27T17:00:00Z,2025-02-27T22:30:00+05:30,2025-02-27T17:15:00Z,2025-02-27T22:45:00+05:30,1,00:15:00,1,00:15:00,100.0,100.0,2025-02-27,-165.92528,297.16226,39.040077,-0.35625765,0.88724786,98825.69,0.24,11.71,4.89,1.69,24.05,15.03,66.65,25.51,22.73,2025-02-27
,,12237012,False,102,,raw,00:15:00,2025-02-27T17:15:00Z,2025-02-27T22:45:00+05:30,2025-02-27T17:30:00Z,2025-02-27T23:00:00+05:30,1,00:15:00,1,00:15:00,100.0,100.0,2025-02-27,-165.92528,297.16226,39.040077,-0.35625765,0.88724786,98825.69,0.24,11.3,5.12,1.52,18.7,11.69,68.07,25.87,22.43,2025-02-27
,,12237012,False,102,,raw,00:15:00,2025-02-27T17:30:00Z,2025-02-27T23:00:00+05:30,2025-02-27T17:45:00Z,2025-02-27T23:15:00+05:30,1,00:15:00,1,00:15:00,100.0,100.0,2025-02-27,-165.92528,297.16226,39.040077,-0.35625765,0.88724786,98825.69,0.24,11.34,5.08,1.64,16.7,10.44,69.94,25.74,22.01,2025-02-27
,,12237012,False,102,,raw,00:15:00,2025-02-27T17:45:00Z,2025-02-27T23:15:00+05:30,2025-02-27T18:00:00Z,2025-02-27T23:30:00+05:30,1,00:15:00,1,00:15:00,100.0,100.0,2025-02-27,-165.92528,297.16226,39.040077,-0.35625765,0.88724786,98825.69,0.24,11.48,4.82,1.69,16.7,10.44,71.18,26.62,21.8,2025-02-27
,,12237012,False,102,,raw,00:15:00,2025-02-27T18:00:00Z,2025-02-27T23:30:00+05:30,2025-02-27T18:15:00Z,2025-02-27T23:45:00+05:30,1,00:15:00,1,00:15:00,100.0,100.0,2025-02-27,-165.92528,297.16226,39.040077,-0.35625765,0.88724786,98825.69,0.24,11.58,5.08,1.99,16.7,10.44,73.39,27.48,21.34,2025-02-27
,,12237012,False,102,,raw,00:15:00,2025-02-27T19:00:00Z,2025-02-28T00:30:00+05:30,2025-02-27T19:15:00Z,2025-02-28T00:45:00+05:30,1,00:15:00,1,00:15:00,100.0,100.0,2025-02-27,-165.92528,297.16226,39.040077,-0.35625765,0.88724786,98825.69,0.2,11.39,4.8,1.73,21.26,13.29,75.14,24.96,20.88,2025-02-27
,,12237012,False,102,,raw,00:15:00,2025-02-27T19:15:00Z,2025-02-28T00:45:00+05:30,2025-02-27T19:30:00Z,2025-02-28T01:00:00+05:30,1,00:15:00,1,00:15:00,100.0,100.0,2025-02-27,-165.92528,297.16226,39.040077,-0.35625765,0.88724786,98825.69,0.2,11.58,4.97,1.77,21.12,13.2,74.64,25.04,20.88,2025-02-27
,,12237012,False,102,,raw,00:15:00,2025-02-27T19:30:00Z,2025-02-28T01:00:00+05:30,2025-02-27T19:45:00Z,2025-02-28T01:15:00+05:30,1,00:15:00,1,00:15:00,100.0,100.0,2025-02-27,-165.92528,297.16226,39.040077,-0.35625765,0.88724786,98825.69,0.2,11.65,4.93,2.51,21.07,13.17,73.55,24.98,20.97,2025-02-27
,,12237012,False,102,,raw,00:15:00,2025-02-27T19:45:00Z,2025-02-28T01:15:00+05:30,2025-02-27T20:00:00Z,2025-02-28T01:30:00+05:30,1,00:15:00,1,00:15:00,100.0,100.0,2025-02-27,-165.92528,297.16226,39.040077,-0.35625765,0.88724786,98825.69,0.2,11.66,4.59,1.93,21.07,13.17,72.23,25.4,21.11,2025-02-27
,,12237012,False,102,,raw,00:15:00,2025-02-27T20:00:00Z,2025-02-28T01:30:00+05:30,2025-02-27T20:15:00Z,2025-02-28T01:45:00+05:30,1,00:15:00,1,00:15:00,100.0,100.0,2025-02-27,-165.92528,297.16226,39.040077,-0.35625765,0.88724786,98825.69,0.2,11.46,5.23,1.35,21.07,13.17,72.05,25.17,20.98,2025-02-27
,,12237012,False,102,,raw,00:15:00,2025-02-27T20:15:00Z,2025-02-28T01:45:00+05:30,2025-02-27T20:30:00Z,2025-02-28T02:00:00+05:30,1,00:15:00,1,00:15:00,100.0,100.0,2025-02-27,-165.92528,297.16226,39.040077,-0.35625765,0.88724786,98825.69,0.2,11.43,4.85,1.34,19.78,12.36,72.35,25.85,20.84,2025-02-27
,,12237012,False,102,,raw,00:15:00,2025-02-27T20:30:00Z,2025-02-28T02:00:00+05:30,2025-02-27T20:45:00Z,2025-02-28T02:15:00+05:30,1,00:15:00,1,00:15:00,100.0,100.0,2025-02-27,-165.92528,297.16226,39.040077,-0.35625765,0.88724786,98825.69,0.21,11.52,5.0,1.29,19.3,12.06,73.57,26.08,20.64,2025-02-27
,,12237012,False,102,,raw,00:15:00,2025-02-27T20:45:00Z,2025-02-28T02:15:00+05:30,2025-02-27T21:00:00Z,2025-02-28T02:30:00+05:30,1,00:15:00,1,00:15:00,100.0,100.0,2025-02-27,-165.92528,297.16226,39.040077,-0.35625765,0.88724786,98825.69,0.21,11.72,4.97,0.99,19.3,12.06,73.62,26.75,20.63,2025-02-27
,,12237012,False,102,,raw,00:15:00,2025-02-27T21:00:00Z,2025-02-28T02:30:00+05:30,2025-02-27T21:15:00Z,2025-02-28T02:45:00+05:30,1,00:15:00,1,00:15:00,100.0,100.0,2025-02-27,-165.92528,297.16226,39.040077,-0.35625765,0.88724786,98825.69,0.21,11.53,4.72,0.74,19.3,12.06,73.7,27.14,20.65,2025-02-27
,,12237012,False,102,,raw,00:15:00,2025-02-27T21:15:00Z,2025-02-28T02:45:00+05:30,2025-02-27T21:30:00Z,2025-02-28T03:00:00+05:30,1,00:15:00,1,00:15:00,100.0,100.0,2025-02-27,-165.92528,297.16226,39.040077,-0.35625765,0.88724786,98825.69,0.21,11.4,5.02,0.82,25.72,16.07,74.09,26.29,20.61,2025-02-27
,,12237012,False,102,,raw,00:15:00,2025-02-27T21:30:00Z,2025-02-28T03:00:00+05:30,2025-02-27T21:45:00Z,2025-02-28T03:15:00+05:30,1,00:15:00,1,00:15:00,100.0,100.0,2025-02-27,-165.92528,297.16226,39.040077,-0.35625765,0.88724786,98825.69,0.2,11.45,4.59,0.97,28.13,17.58,73.91,26.21,20.58,2025-02-27
,,12237012,False,102,,raw,00:15:00,2025-02-27T21:45:00Z,2025-02-28T03:15:00+05:30,2025-02-27T22:00:00Z,2025-02-28T03:30:00+05:30,1,00:15:00,1,00:15:00,100.0,100.0,2025-02-27,-165.92528,297.16226,39.040077,-0.35625765,0.88724786,98825.69,0.2,11.3,4.95,1.25,28.13,17.58,72.53,25.59,20.71,2025-02-27
,,12237012,False,102,,raw,00:15:00,2025-02-27T22:00:00Z,2025-02-28T03:30:00+05:30,2025-02-27T22:15:00Z,2025-02-28T03:45:00+05:30,1,00:15:00,1,00:15:00,100.0,100.0,2025-02-27,-165.92528,297.16226,39.040077,-0.35625765,0.88724786,98825.69,0.19,11.48,4.85,1.4,28.13,17.58,71.51,25.17,20.89,2025-02-27
,,12237012,False,102,,raw,00:15:00,2025-02-27T22:15:00Z,2025-02-28T03:45:00+05:30,2025-02-27T22:30:00Z,2025-02-28T04:00:00+05:30,1,00:15:00,1,00:15:00,100.0,100.0,2025-02-27,-165.92528,297.16226,39.040077,-0.35625765,0.88724786,98825.69,0.19,11.55,5.04,1.42,23.42,14.63,72.69,25.35,20.7,2025-02-27
,,12237012,False,102,,raw,00:15:00,2025-02-27T22:30:00Z,2025-02-28T04:00:00+05:30,2025-02-27T22:45:00Z,2025-02-28T04:15:00+05:30,1,00:15:00,1,00:15:00,100.0,100.0,2025-02-27,-165.92528,297.16226,39.040077,-0.35625765,0.88724786,98825.69,0.19,11.46,4.82,1.4,21.65,13.53,71.24,25.04,20.82,2025-02-27
,,12237012,False,102,,raw,00:15:00,2025-02-27T22:45:00Z,2025-02-28T04:15:00+05:30,2025-02-27T23:00:00Z,2025-02-28T04:30:00+05:30,1,00:15:00,1,00:15:00,100.0,100.0,2025-02-27,-165.92528,297.16226,39.040077,-0.35625765,0.88724786,98825.69,0.19,11.58,5.13,1.81,21.65,13.53,68.63,25.35,21.25,2025-02-27
,,12237012,False,102,,raw,00:15:00,2025-02-27T23:00:00Z,2025-02-28T04:30:00+05:30,2025-02-27T23:15:00Z,2025-02-28T04:45:00+05:30,1,00:15:00,1,00:15:00,100.0,100.0,2025-02-27,-165.92528,297.16226,39.040077,-0.35625765,0.88724786,98825.69,0.19,11.27,5.3,1.6,21.65,13.53,68.36,25.64,21.3,2025-02-27
,,12237012,False,102,,raw,00:15:00,2025-02-27T23:15:00Z,2025-02-28T04:45:00+05:30,2025-02-27T23:30:00Z,2025-02-28T05:00:00+05:30,1,00:15:00,1,00:15:00,100.0,100.0,2025-02-27,-165.92528,297.16226,39.040077,-0.35625765,0.88724786,98825.69,0.19,11.5,5.12,1.73,17.67,11.04,69.53,25.4,20.96,2025-02-27
,,12237012,False,102,,raw,00:15:00,2025-02-27T23:30:00Z,2025-02-28T05:00:00+05:30,2025-02-27T23:45:00Z,2025-02-28T05:15:00+05:30,1,00:15:00,1,00:15:00,100.0,100.0,2025-02-27,-165.92528,297.16226,39.040077,-0.35625765,0.88724786,98825.69,0.19,11.44,4.89,2.04,16.18,10.11,68.95,25.9,21.0,2025-02-27
,,12237012,False,102,,raw,00:15:00,2025-02-27T23:45:00Z,2025-02-28T05:15:00+05:30,2025-02-28T00:00:00Z,2025-02-28T05:30:00+05:30,1,00:15:00,1,00:15:00,100.0,100.0,2025-02-28,-832.16705,297.98904,39.329754,1.1780006,0.40759397,98521.18,0.2,11.49,5.04,1.95,16.18,10.11,68.96,26.52,21.03,2025-02-28
,,12237012,False,102,,raw,00:15:00,2025-02-28T00:00:00Z,2025-02-28T05:30:00+05:30,2025-02-28T00:15:00Z,2025-02-28T05:45:00+05:30,1,00:15:00,1,00:15:00,100.0,100.0,2025-02-28,-832.16705,297.98904,39.329754,1.1780006,0.40759397,98521.18,0.2,11.63,4.8,1.91,16.18,10.11,68.71,26.81,20.97,2025-02-28
,,12237012,False,102,,raw,00:15:00,2025-02-28T00:15:00Z,2025-02-28T05:45:00+05:30,2025-02-28T00:30:00Z,2025-02-28T06:00:00+05:30,1,00:15:00,1,00:15:00,100.0,100.0,2025-02-28,-832.16705,297.98904,39.329754,1.1780006,0.40759397,98521.18,0.19,11.43,4.89,1.56,15.23,9.52,69.02,26.0,20.86,2025-02-28
,,12237012,False,102,,raw,00:15:00,2025-02-28T00:45:00Z,2025-02-28T06:15:00+05:30,2025-02-28T01:00:00Z,2025-02-28T06:30:00+05:30,1,00:15:00,1,00:15:00,100.0,100.0,2025-02-28,-832.16705,297.98904,39.329754,1.1780006,0.40759397,98521.18,0.18,11.54,5.04,1.56,14.88,9.3,69.31,25.48,20.8,2025-02-28
,,12237012,False,102,,raw,00:15:00,2025-02-28T01:00:00Z,2025-02-28T06:30:00+05:30,2025-02-28T01:15:00Z,2025-02-28T06:45:00+05:30,1,00:15:00,1,00:15:00,100.0,100.0,2025-02-28,-832.16705,297.98904,39.329754,1.1780006,0.40759397,98521.18,0.18,11.56,4.8,1.67,14.88,9.3,69.23,25.22,20.87,2025-02-28
,,12237012,False,102,,raw,00:15:00,2025-02-28T01:15:00Z,2025-02-28T06:45:00+05:30,2025-02-28T01:30:00Z,2025-02-28T07:00:00+05:30,1,00:15:00,1,00:15:00,100.0,100.0,2025-02-28,-832.16705,297.98904,39.329754,1.1780006,0.40759397,98521.18,0.18,11.23,5.11,1.56,18.55,11.59,67.94,25.58,21.27,2025-02-28
,,12237012,False,102,,raw,00:15:00,2025-02-28T01:30:00Z,2025-02-28T07:00:00+05:30,2025-02-28T01:45:00Z,2025-02-28T07:15:00+05:30,1,00:15:00,1,00:15:00,100.0,100.0,2025-02-28,-832.16705,297.98904,39.329754,1.1780006,0.40759397,98521.18,0.19,11.18,4.93,1.48,19.92,12.45,66.97,25.82,21.69,2025-02-28
,,12237012,False,102,,raw,00:15:00,2025-02-28T01:45:00Z,2025-02-28T07:15:00+05:30,2025-02-28T02:00:00Z,2025-02-28T07:30:00+05:30,1,00:15:00,1,00:15:00,100.0,100.0,2025-02-28,-832.16705,297.98904,39.329754,1.1780006,0.40759397,98521.18,0.2,11.55,4.76,1.75,19.92,12.45,66.77,26.28,21.92,2025-02-28
,,12237012,False,102,,raw,00:15:00,2025-02-28T02:00:00Z,2025-02-28T07:30:00+05:30,2025-02-28T02:15:00Z,2025-02-28T07:45:00+05:30,1,00:15:00,1,00:15:00,100.0,100.0,2025-02-28,-832.16705,297.98904,39.329754,1.1780006,0.40759397,98521.18,0.21,11.33,5.17,1.5,19.92,12.45,66.13,27.04,22.28,2025-02-28
,,12237012,False,102,,raw,00:15:00,2025-02-28T02:15:00Z,2025-02-28T07:45:00+05:30,2025-02-28T02:30:00Z,2025-02-28T08:00:00+05:30,1,00:15:00,1,00:15:00,100.0,100.0,2025-02-28,-832.16705,297.98904,39.329754,1.1780006,0.40759397,98521.18,0.22,11.47,4.82,1.4,25.33,15.83,63.92,27.9,22.76,2025-02-28
,,12237012,False,102,,raw,00:15:00,2025-02-28T02:30:00Z,2025-02-28T08:00:00+05:30,2025-02-28T02:45:00Z,2025-02-28T08:15:00+05:30,1,00:15:00,1,00:15:00,100.0,100.0,2025-02-28,-832.16705,297.98904,39.329754,1.1780006,0.40759397,98521.18,0.24,11.46,4.78,1.46,27.36,17.1,60.93,28.18,23.31,2025-02-28
,,12237012,False,102,,raw,00:15:00,2025-02-28T02:45:00Z,2025-02-28T08:15:00+05:30,2025-02-28T03:00:00Z,2025-02-28T08:30:00+05:30,1,00:15:00,1,00:15:00,100.0,100.0,2025-02-28,-832.16705,297.98904,39.329754,1.1780006,0.40759397,98521.18,0.25,11.21,4.97,1.46,27.36,17.1,56.05,28.81,24.94,2025-02-28
,,12237012,False,102,,raw,00:15:00,2025-02-28T03:00:00Z,2025-02-28T08:30:00+05:30,2025-02-28T03:15:00Z,2025-02-28T08:45:00+05:30,1,00:15:00,1,00:15:00,100.0,100.0,2025-02-28,-832.16705,297.98904,39.329754,1.1780006,0.40759397,98521.18,0.26,11.45,4.65,1.91,27.36,17.1,50.55,29.38,25.97,2025-02-28
,,12237012,False,102,,raw,00:15:00,2025-02-28T03:15:00Z,2025-02-28T08:45:00+05:30,2025-02-28T03:30:00Z,2025-02-28T09:00:00+05:30,1,00:15:00,1,00:15:00,100.0,100.0,2025-02-28,-832.16705,297.98904,39.329754,1.1780006,0.40759397,98521.18,0.27,11.54,4.65,2.67,34.97,21.86,47.47,27.15,27.07,2025-02-28
,,12237012,False,102,,raw,00:15:00,2025-02-28T03:30:00Z,2025-02-28T09:00:00+05:30,2025-02-28T03:45:00Z,2025-02-28T09:15:00+05:30,1,00:15:00,1,00:15:00,100.0,100.0,2025-02-28,-832.16705,297.98904,39.329754,1.1780006,0.40759397,98521.18,0.25,11.51,5.08,2.55,37.82,23.64,44.95,26.7,28.02,2025-02-28
,,12237012,False,102,,raw,00:15:00,2025-02-28T03:45:00Z,2025-02-28T09:15:00+05:30,2025-02-28T04:00:00Z,2025-02-28T09:30:00+05:30,1,00:15:00,1,00:15:00,100.0,100.0,2025-02-28,-832.16705,297.98904,39.329754,1.1780006,0.40759397,98521.18,0.25,11.67,4.89,2.87,37.82,23.64,42.79,26.0,28.67,2025-02-28
,,12237012,False,102,,raw,00:15:00,2025-02-28T04:00:00Z,2025-02-28T09:30:00+05:30,2025-02-28T04:15:00Z,2025-02-28T09:45:00+05:30,1,00:15:00,1,00:15:00,100.0,100.0,2025-02-28,-832.16705,297.98904,39.329754,1.1780006,0.40759397,98521.18,0.25,11.59,4.59,3.56,37.82,23.64,41.0,26.16,29.12,2025-02-28
,,12237012,False,102,,raw,00:15:00,2025-02-28T04:15:00Z,2025-02-28T09:45:00+05:30,2025-02-28T04:30:00Z,2025-02-28T10:00:00+05:30,1,00:15:00,1,00:15:00,100.0,100.0,2025-02-28,-832.16705,297.98904,39.329754,1.1780006,0.40759397,98521.18,0.25,11.38,5.1,3.27,30.39,18.99,41.07,25.61,29.57,2025-02-28
,,12237012,False,102,,raw,00:15:00,2025-02-28T04:30:00Z,2025-02-28T10:00:00+05:30,2025-02-28T04:45:00Z,2025-02-28T10:15:00+05:30,1,00:15:00,1,00:15:00,100.0,100.0,2025-02-28,-832.16705,297.98904,39.329754,1.1780006,0.40759397,98521.18,0.25,11.55,4.99,3.78,27.6,17.25,40.34,25.45,29.69,2025-02-28
,,12237012,False,102,,raw,00:15:00,2025-02-28T04:45:00Z,2025-02-28T10:15:00+05:30,2025-02-28T05:00:00Z,2025-02-28T10:30:00+05:30,1,00:15:00,1,00:15:00,100.0,100.0,2025-02-28,-832.16705,297.98904,39.329754,1.1780006,0.40759397,98521.18,0.26,11.16,5.38,4.71,27.6,17.25,40.05,25.71,29.87,2025-02-28
,,12237012,False,102,,raw,00:15:00,2025-02-28T05:15:00Z,2025-02-28T10:45:00+05:30,2025-02-28T05:30:00Z,2025-02-28T11:00:00+05:30,1,00:15:00,1,00:15:00,100.0,100.0,2025-02-28,-832.16705,297.98904,39.329754,1.1780006,0.40759397,98521.18,0.26,11.64,4.91,3.6,25.51,15.94,36.41,26.16,31.43,2025-02-28
,,12237012,False,102,,raw,00:15:00,2025-02-28T05:30:00Z,2025-02-28T11:00:00+05:30,2025-02-28T05:45:00Z,2025-02-28T11:15:00+05:30,1,00:15:00,1,00:15:00,100.0,100.0,2025-02-28,-832.16705,297.98904,39.329754,1.1780006,0.40759397,98521.18,0.27,11.22,4.93,4.4,24.72,15.45,34.83,26.96,32.13,2025-02-28
,,12237012,False,102,,raw,00:15:00,2025-02-28T06:00:00Z,2025-02-28T11:30:00+05:30,2025-02-28T06:15:00Z,2025-02-28T11:45:00+05:30,1,00:15:00,1,00:15:00,100.0,100.0,2025-02-28,-832.16705,297.98904,39.329754,1.1780006,0.40759397,98521.18,0.27,11.5,4.74,5.45,24.72,15.45,33.89,29.12,32.51,2025-02-28
,,12237012,False,102,,raw,00:15:00,2025-02-28T06:15:00Z,2025-02-28T11:45:00+05:30,2025-02-28T06:30:00Z,2025-02-28T12:00:00+05:30,1,00:15:00,1,00:15:00,100.0,100.0,2025-02-28,-832.16705,297.98904,39.329754,1.1780006,0.40759397,98521.18,0.25,11.46,4.99,10.7,25.21,15.76,34.17,28.13,32.52,2025-02-28
,,12237012,False,102,,raw,00:15:00,2025-02-28T06:30:00Z,2025-02-28T12:00:00+05:30,2025-02-28T06:45:00Z,2025-02-28T12:15:00+05:30,1,00:15:00,1,00:15:00,100.0,100.0,2025-02-28,-832.16705,297.98904,39.329754,1.1780006,0.40759397,98521.18,0.24,11.38,4.8,9.72,25.39,15.87,32.97,27.64,33.22,2025-02-28
,,12237012,False,102,,raw,00:15:00,2025-02-28T06:45:00Z,2025-02-28T12:15:00+05:30,2025-02-28T07:00:00Z,2025-02-28T12:30:00+05:30,1,00:15:00,1,00:15:00,100.0,100.0,2025-02-28,-832.16705,297.98904,39.329754,1.1780006,0.40759397,98521.18,0.23,11.34,5.04,12.37,25.39,15.87,31.72,28.65,33.68,2025-02-28
,,12237012,False,102,,raw,00:15:00,2025-02-28T07:00:00Z,2025-02-28T12:30:00+05:30,2025-02-28T07:15:00Z,2025-02-28T12:45:00+05:30,1,00:15:00,1,00:15:00,100.0,100.0,2025-02-28,-832.16705,297.98904,39.329754,1.1780006,0.40759397,98521.18,0.24,11.63,4.97,9.31,25.39,15.87,31.41,26.68,34.11,2025-02-28
,,12237012,False,102,,raw,00:15:00,2025-02-28T07:15:00Z,2025-02-28T12:45:00+05:30,2025-02-28T07:30:00Z,2025-02-28T13:00:00+05:30,1,00:15:00,1,00:15:00,100.0,100.0,2025-02-28,-832.16705,297.98904,39.329754,1.1780006,0.40759397,98521.18,0.23,11.37,4.98,9.9,25.95,16.22,31.07,27.15,34.44,2025-02-28
,,12237012,False,102,,raw,00:15:00,2025-02-28T07:30:00Z,2025-02-28T13:00:00+05:30,2025-02-28T07:45:00Z,2025-02-28T13:15:00+05:30,1,00:15:00,1,00:15:00,100.0,100.0,2025-02-28,-832.16705,297.98904,39.329754,1.1780006,0.40759397,98521.18,0.23,11.71,4.86,8.98,26.16,16.35,31.46,27.46,33.98,2025-02-28
,,12237012,False,102,,raw,00:15:00,2025-02-28T07:45:00Z,2025-02-28T13:15:00+05:30,2025-02-28T08:00:00Z,2025-02-28T13:30:00+05:30,1,00:15:00,1,00:15:00,100.0,100.0,2025-02-28,-832.16705,297.98904,39.329754,1.1780006,0.40759397,98521.18,0.22,11.74,4.85,9.08,26.16,16.35,31.4,27.33,34.23,2025-02-28
,,12237012,False,102,,raw,00:15:00,2025-02-28T08:00:00Z,2025-02-28T13:30:00+05:30,2025-02-28T08:15:00Z,2025-02-28T13:45:00+05:30,1,00:15:00,1,00:15:00,100.0,100.0,2025-02-28,-832.16705,297.98904,39.329754,1.1780006,0.40759397,98521.18,0.22,11.35,5.11,7.27,26.16,16.35,31.79,26.49,34.17,2025-02-28
,,12237012,False,102,,raw,00:15:00,2025-02-28T08:15:00Z,2025-02-28T13:45:00+05:30,2025-02-28T08:30:00Z,2025-02-28T14:00:00+05:30,1,00:15:00,1,00:15:00,100.0,100.0,2025-02-28,-832.16705,297.98904,39.329754,1.1780006,0.40759397,98521.18,0.24,11.69,4.59,18.25,27.07,16.92,31.62,28.39,34.18,2025-02-28
,,12237012,False,102,,raw,00:15:00,2025-02-28T08:30:00Z,2025-02-28T14:00:00+05:30,2025-02-28T08:45:00Z,2025-02-28T14:15:00+05:30,1,00:15:00,1,00:15:00,100.0,100.0,2025-02-28,-832.16705,297.98904,39.329754,1.1780006,0.40759397,98521.18,0.22,11.5,4.83,25.17,27.41,17.13,31.47,25.66,34.26,2025-02-28
,,12237012,False,102,,raw,00:15:00,2025-02-28T08:45:00Z,2025-02-28T14:15:00+05:30,2025-02-28T09:00:00Z,2025-02-28T14:30:00+05:30,1,00:15:00,1,00:15:00,100.0,100.0,2025-02-28,-832.16705,297.98904,39.329754,1.1780006,0.40759397,98521.18,0.24,11.51,4.82,16.75,27.41,17.13,30.13,22.41,34.8,2025-02-28
,,12237012,False,102,,raw,00:15:00,2025-02-28T09:00:00Z,2025-02-28T14:30:00+05:30,2025-02-28T09:15:00Z,2025-02-28T14:45:00+05:30,1,00:15:00,1,00:15:00,100.0,100.0,2025-02-28,-832.16705,297.98904,39.329754,1.1780006,0.40759397,98521.18,0.23,11.73,4.56,18.51,27.41,17.13,29.81,22.21,34.28,2025-02-28
,,12237012,False,102,,raw,00:15:00,2025-02-28T09:15:00Z,2025-02-28T14:45:00+05:30,2025-02-28T09:30:00Z,2025-02-28T15:00:00+05:30,1,00:15:00,1,00:15:00,100.0,100.0,2025-02-28,-832.16705,297.98904,39.329754,1.1780006,0.40759397,98521.18,0.21,11.74,4.52,15.84,29.29,18.31,29.08,23.76,34.47,2025-02-28
,,12237012,False,102,,raw,00:15:00,2025-02-28T09:30:00Z,2025-02-28T15:00:00+05:30,2025-02-28T09:45:00Z,2025-02-28T15:15:00+05:30,1,00:15:00,1,00:15:00,100.0,100.0,2025-02-28,-832.16705,297.98904,39.329754,1.1780006,0.40759397,98521.18,0.21,11.62,4.72,18.8,30.0,18.75,28.67,25.66,34.78,2025-02-28
,,12237012,False,102,,raw,00:15:00,2025-02-28T09:45:00Z,2025-02-28T15:15:00+05:30,2025-02-28T10:00:00Z,2025-02-28T15:30:00+05:30,1,00:15:00,1,00:15:00,100.0,100.0,2025-02-28,-832.16705,297.98904,39.329754,1.1780006,0.40759397,98521.18,0.21,11.6,4.72,17.69,30.0,18.75,28.21,26.31,34.78,2025-02-28
,,12237012,False,102,,raw,00:15:00,2025-02-28T10:00:00Z,2025-02-28T15:30:00+05:30,2025-02-28T10:15:00Z,2025-02-28T15:45:00+05:30,1,00:15:00,1,00:15:00,100.0,100.0,2025-02-28,-832.16705,297.98904,39.329754,1.1780006,0.40759397,98521.18,0.22,11.52,4.82,17.69,30.0,18.75,28.31,27.43,34.45,2025-02-28
,,12237012,False,102,,raw,00:15:00,2025-02-28T10:15:00Z,2025-02-28T15:45:00+05:30,2025-02-28T10:30:00Z,2025-02-28T16:00:00+05:30,1,00:15:00,1,00:15:00,100.0,100.0,2025-02-28,-832.16705,297.98904,39.329754,1.1780006,0.40759397,98521.18,0.21,11.45,5.12,16.74,29.05,18.16,28.97,27.3,33.87,2025-02-28
,,12237012,False,102,,raw,00:15:00,2025-02-28T10:30:00Z,2025-02-28T16:00:00+05:30,2025-02-28T10:45:00Z,2025-02-28T16:15:00+05:30,1,00:15:00,1,00:15:00,100.0,100.0,2025-02-28,-832.16705,297.98904,39.329754,1.1780006,0.40759397,98521.18,0.21,11.43,4.85,12.53,28.7,17.94,29.15,26.88,33.48,2025-02-28
,,12237012,False,102,,raw,00:15:00,2025-02-28T10:45:00Z,2025-02-28T16:15:00+05:30,2025-02-28T11:00:00Z,2025-02-28T16:30:00+05:30,1,00:15:00,1,00:15:00,100.0,100.0,2025-02-28,-832.16705,297.98904,39.329754,1.1780006,0.40759397,98521.18,0.21,11.66,4.52,15.66,28.7,17.94,30.18,28.0,32.87,2025-02-28
,,12237012,False,102,,raw,00:15:00,2025-02-28T11:15:00Z,2025-02-28T16:45:00+05:30,2025-02-28T11:30:00Z,2025-02-28T17:00:00+05:30,1,00:15:00,1,00:15:00,100.0,100.0,2025-02-28,-832.16705,297.98904,39.329754,1.1780006,0.40759397,98521.18,0.22,11.28,5.26,9.04,28.25,17.66,31.43,27.77,32.43,2025-02-28
,,12237012,False,102,,raw,00:15:00,2025-02-28T11:30:00Z,2025-02-28T17:00:00+05:30,2025-02-28T11:45:00Z,2025-02-28T17:15:00+05:30,1,00:15:00,1,00:15:00,100.0,100.0,2025-02-28,-832.16705,297.98904,39.329754,1.1780006,0.40759397,98521.18,0.24,11.27,5.23,20.94,28.08,17.55,31.0,32.29,32.54,2025-02-28
,,12237012,False,102,,raw,00:15:00,2025-02-28T11:45:00Z,2025-02-28T17:15:00+05:30,2025-02-28T12:00:00Z,2025-02-28T17:30:00+05:30,1,00:15:00,1,00:15:00,100.0,100.0,2025-02-28,-832.16705,297.98904,39.329754,1.1780006,0.40759397,98521.18,0.27,11.26,5.08,41.79,28.08,17.55,36.92,40.56,32.15,2025-02-28
,,12237012,False,102,,raw,00:15:00,2025-02-28T12:00:00Z,2025-02-28T17:30:00+05:30,2025-02-28T12:15:00Z,2025-02-28T17:45:00+05:30,1,00:15:00,1,00:15:00,100.0,100.0,2025-02-28,-832.16705,297.98904,39.329754,1.1780006,0.40759397,98521.18,0.26,11.38,4.74,30.1,28.08,17.55,53.09,35.52,30.14,2025-02-28
,,12237012,False,102,,raw,00:15:00,2025-02-28T12:15:00Z,2025-02-28T17:45:00+05:30,2025-02-28T12:30:00Z,2025-02-28T18:00:00+05:30,1,00:15:00,1,00:15:00,100.0,100.0,2025-02-28,-832.16705,297.98904,39.329754,1.1780006,0.40759397,98521.18,0.25,11.33,5.15,16.54,30.31,18.95,66.67,28.03,28.2,2025-02-28
,,12237012,False,102,,raw,00:15:00,2025-02-28T12:30:00Z,2025-02-28T18:00:00+05:30,2025-02-28T12:45:00Z,2025-02-28T18:15:00+05:30,1,00:15:00,1,00:15:00,100.0,100.0,2025-02-28,-832.16705,297.98904,39.329754,1.1780006,0.40759397,98521.18,0.23,11.51,4.72,10.66,31.15,19.47,69.27,27.2,27.09,2025-02-28
,,12237012,False,102,,raw,00:15:00,2025-02-28T12:45:00Z,2025-02-28T18:15:00+05:30,2025-02-28T13:00:00Z,2025-02-28T18:30:00+05:30,1,00:15:00,1,00:15:00,100.0,100.0,2025-02-28,-832.16705,297.98904,39.329754,1.1780006,0.40759397,98521.18,0.23,11.63,4.85,7.73,31.15,19.47,69.46,26.44,26.69,2025-02-28
,,12237012,False,102,,raw,00:15:00,2025-02-28T13:00:00Z,2025-02-28T18:30:00+05:30,2025-02-28T13:15:00Z,2025-02-28T18:45:00+05:30,1,00:15:00,1,00:15:00,100.0,100.0,2025-02-28,-832.16705,297.98904,39.329754,1.1780006,0.40759397,98521.18,0.24,11.5,5.21,4.99,31.15,19.47,69.53,26.29,26.35,2025-02-28
,,12237012,False,102,,raw,00:15:00,2025-02-28T13:15:00Z,2025-02-28T18:45:00+05:30,2025-02-28T13:30:00Z,2025-02-28T19:00:00+05:30,1,00:15:00,1,00:15:00,100.0,100.0,2025-02-28,-832.16705,297.98904,39.329754,1.1780006,0.40759397,98521.18,0.24,11.26,5.4,4.35,32.1,20.06,70.46,26.23,26.15,2025-02-28
,,12237012,False,102,,raw,00:15:00,2025-02-28T13:30:00Z,2025-02-28T19:00:00+05:30,2025-02-28T13:45:00Z,2025-02-28T19:15:00+05:30,1,00:15:00,1,00:15:00,100.0,100.0,2025-02-28,-832.16705,297.98904,39.329754,1.1780006,0.40759397,98521.18,0.25,11.28,5.04,4.15,32.45,20.28,70.32,26.08,26.07,2025-02-28
,,12237012,False,102,,raw,00:15:00,2025-02-28T13:45:00Z,2025-02-28T19:15:00+05:30,2025-02-28T14:00:00Z,2025-02-28T19:30:00+05:30,1,00:15:00,1,00:15:00,100.0,100.0,2025-02-28,-832.16705,297.98904,39.329754,1.1780006,0.40759397,98521.18,0.25,11.62,4.82,4.11,32.45,20.28,70.59,26.05,26.01,2025-02-28
,,12237012,False,102,,raw,00:15:00,2025-02-28T14:00:00Z,2025-02-28T19:30:00+05:30,2025-02-28T14:15:00Z,2025-02-28T19:45:00+05:30,1,00:15:00,1,00:15:00,100.0,100.0,2025-02-28,-832.16705,297.98904,39.329754,1.1780006,0.40759397,98521.18,0.27,11.34,5.32,3.68,32.45,20.28,71.37,26.0,25.74,2025-02-28
,,12237012,False,102,,raw,00:15:00,2025-02-28T14:15:00Z,2025-02-28T19:45:00+05:30,2025-02-28T14:30:00Z,2025-02-28T20:00:00+05:30,1,00:15:00,1,00:15:00,100.0,100.0,2025-02-28,-832.16705,297.98904,39.329754,1.1780006,0.40759397,98521.18,0.26,11.52,4.97,2.24,32.8,20.5,71.16,26.13,25.5,2025-02-28
,,12237012,False,102,,raw,00:15:00,2025-02-28T14:30:00Z,2025-02-28T20:00:00+05:30,2025-02-28T14:45:00Z,2025-02-28T20:15:00+05:30,1,00:15:00,1,00:15:00,100.0,100.0,2025-02-28,-832.16705,297.98904,39.329754,1.1780006,0.40759397,98521.18,0.28,11.44,5.06,2.04,32.93,20.58,71.52,26.67,25.36,2025-02-28
,,12237012,False,102,,raw,00:15:00,2025-02-28T15:00:00Z,2025-02-28T20:30:00+05:30,2025-02-28T15:15:00Z,2025-02-28T20:45:00+05:30,1,00:15:00,1,00:15:00,100.0,100.0,2025-02-28,-832.16705,297.98904,39.329754,1.1780006,0.40759397,98521.18,0.3,11.61,4.78,3.74,32.93,20.58,69.77,27.9,25.09,2025-02-28
,,12237012,False,102,,raw,00:15:00,2025-02-28T15:15:00Z,2025-02-28T20:45:00+05:30,2025-02-28T15:30:00Z,2025-02-28T21:00:00+05:30,1,00:15:00,1,00:15:00,100.0,100.0,2025-02-28,-832.16705,297.98904,39.329754,1.1780006,0.40759397,98521.18,0.29,11.57,4.85,3.6,35.41,22.13,70.4,26.88,25.11,2025-02-28
,,12237012,False,102,,raw,00:15:00,2025-02-28T15:30:00Z,2025-02-28T21:00:00+05:30,2025-02-28T15:45:00Z,2025-02-28T21:15:00+05:30,1,00:15:00,1,00:15:00,100.0,100.0,2025-02-28,-832.16705,297.98904,39.329754,1.1780006,0.40759397,98521.18,0.28,11.44,4.89,3.82,36.34,22.71,70.34,26.7,25.21,2025-02-28
,,12237012,False,102,,raw,00:15:00,2025-02-28T16:00:00Z,2025-02-28T21:30:00+05:30,2025-02-28T16:15:00Z,2025-02-28T21:45:00+05:30,1,00:15:00,1,00:15:00,100.0,100.0,2025-02-28,-832.16705,297.98904,39.329754,1.1780006,0.40759397,98521.18,0.27,11.36,4.96,3.0,36.34,22.71,67.69,25.74,25.46,2025-02-28
,,12237012,False,102,,raw,00:15:00,2025-02-28T16:15:00Z,2025-02-28T21:45:00+05:30,2025-02-28T16:30:00Z,2025-02-28T22:00:00+05:30,1,00:15:00,1,00:15:00,100.0,100.0,2025-02-28,-832.16705,297.98904,39.329754,1.1780006,0.40759397,98521.18,0.28,11.4,5.02,4.03,32.6,20.38,66.66,26.08,25.57,2025-02-28
,,12237012,False,102,,raw,00:15:00,2025-02-28T16:30:00Z,2025-02-28T22:00:00+05:30,2025-02-28T16:45:00Z,2025-02-28T22:15:00+05:30,1,00:15:00,1,00:15:00,100.0,100.0,2025-02-28,-832.16705,297.98904,39.329754,1.1780006,0.40759397,98521.18,0.28,11.22,5.36,3.6,31.2,19.5,66.86,25.77,25.46,2025-02-28
,,12237012,False,102,,raw,00:15:00,2025-02-28T16:45:00Z,2025-02-28T22:15:00+05:30,2025-02-28T17:00:00Z,2025-02-28T22:30:00+05:30,1,00:15:00,1,00:15:00,100.0,100.0,2025-02-28,-832.16705,297.98904,39.329754,1.1780006,0.40759397,98521.18,0.27,11.57,4.87,4.3,31.2,19.5,66.37,25.92,25.47,2025-02-28
,,12237012,False,102,,raw,00:15:00,2025-02-28T17:00:00Z,2025-02-28T22:30:00+05:30,2025-02-28T17:15:00Z,2025-02-28T22:45:00+05:30,1,00:15:00,1,00:15:00,100.0,100.0,2025-02-28,-832.16705,297.98904,39.329754,1.1780006,0.40759397,98521.18,0.27,11.28,5.12,2.82,31.2,19.5,67.29,25.77,25.25,2025-02-28
,,12237012,False,102,,raw,00:15:00,2025-02-28T17:15:00Z,2025-02-28T22:45:00+05:30,2025-02-28T17:30:00Z,2025-02-28T23:00:00+05:30,1,00:15:00,1,00:15:00,100.0,100.0,2025-02-28,-832.16705,297.98904,39.329754,1.1780006,0.40759397,98521.18,0.26,11.46,4.91,2.67,35.29,22.05,67.77,26.52,25.03,2025-02-28
,,12237012,False,102,,raw,00:15:00,2025-02-28T17:30:00Z,2025-02-28T23:00:00+05:30,2025-02-28T17:45:00Z,2025-02-28T23:15:00+05:30,1,00:15:00,1,00:15:00,100.0,100.0,2025-02-28,-832.16705,297.98904,39.329754,1.1780006,0.40759397,98521.18,0.27,11.45,5.0,2.49,36.82,23.01,69.98,26.78,24.6,2025-02-28
,,12237012,False,102,,raw,00:15:00,2025-02-28T17:45:00Z,2025-02-28T23:15:00+05:30,2025-02-28T18:00:00Z,2025-02-28T23:30:00+05:30,1,00:15:00,1,00:15:00,100.0,100.0,2025-02-28,-832.16705,297.98904,39.329754,1.1780006,0.40759397,98521.18,0.28,11.39,4.71,2.44,36.82,23.01,72.05,27.2,23.99,2025-02-28
,,12237012,False,102,,raw,00:15:00,2025-02-28T18:00:00Z,2025-02-28T23:30:00+05:30,2025-02-28T18:15:00Z,2025-02-28T23:45:00+05:30,1,00:15:00,1,00:15:00,100.0,100.0,2025-02-28,-832.16705,297.98904,39.329754,1.1780006,0.40759397,98521.18,0.28,11.43,5.19,2.47,36.82,23.01,72.44,27.61,23.83,2025-02-28
,,12237012,False,102,,raw,00:15:00,2025-02-28T19:00:00Z,2025-03-01T00:30:00+05:30,2025-02-28T19:15:00Z,2025-03-01T00:45:00+05:30,1,00:15:00,1,00:15:00,100.0,100.0,2025-02-28,-832.16705,297.98904,39.329754,1.1780006,0.40759397,98521.18,0.24,11.78,5.34,2.92,27.5,17.19,74.37,25.25,22.97,2025-02-28
,,12237012,False,102,,raw,00:15:00,2025-02-28T19:15:00Z,2025-03-01T00:45:00+05:30,2025-02-28T19:30:00Z,2025-03-01T01:00:00+05:30,1,00:15:00,1,00:15:00,100.0,100.0,2025-02-28,-832.16705,297.98904,39.329754,1.1780006,0.40759397,98521.18,0.24,11.57,5.27,3.43,27.71,17.32,75.12,25.3,22.81,2025-02-28
,,12237012,False,102,,raw,00:15:00,2025-02-28T19:30:00Z,2025-03-01T01:00:00+05:30,2025-02-28T19:45:00Z,2025-03-01T01:15:00+05:30,1,00:15:00,1,00:15:00,100.0,100.0,2025-02-28,-832.16705,297.98904,39.329754,1.1780006,0.40759397,98521.18,0.24,11.63,4.72,1.89,27.79,17.37,75.45,25.77,22.7,2025-02-28
,,12237012,False,102,,raw,00:15:00,2025-02-28T19:45:00Z,2025-03-01T01:15:00+05:30,2025-02-28T20:00:00Z,2025-03-01T01:30:00+05:30,1,00:15:00,1,00:15:00,100.0,100.0,2025-02-28,-832.16705,297.98904,39.329754,1.1780006,0.40759397,98521.18,0.24,11.61,5.1,2.42,27.79,17.37,76.79,25.58,22.38,2025-02-28
,,12237012,False,102,,raw,00:15:00,2025-02-28T20:00:00Z,2025-03-01T01:30:00+05:30,2025-02-28T20:15:00Z,2025-03-01T01:45:00+05:30,1,00:15:00,1,00:15:00,100.0,100.0,2025-02-28,-832.16705,297.98904,39.329754,1.1780006,0.40759397,98521.18,0.24,11.41,4.91,1.03,27.79,17.37,77.39,25.66,22.32,2025-02-28
,,12237012,False,102,,raw,00:15:00,2025-02-28T20:15:00Z,2025-03-01T01:45:00+05:30,2025-02-28T20:30:00Z,2025-03-01T02:00:00+05:30,1,00:15:00,1,00:15:00,100.0,100.0,2025-02-28,-832.16705,297.98904,39.329754,1.1780006,0.40759397,98521.18,0.24,11.46,4.84,1.05,28.77,17.98,77.86,25.69,22.28,2025-02-28
,,12237012,False,102,,raw,00:15:00,2025-02-28T20:30:00Z,2025-03-01T02:00:00+05:30,2025-02-28T20:45:00Z,2025-03-01T02:15:00+05:30,1,00:15:00,1,00:15:00,100.0,100.0,2025-02-28,-832.16705,297.98904,39.329754,1.1780006,0.40759397,98521.18,0.25,11.74,4.55,1.07,29.14,18.21,78.09,26.36,22.21,2025-02-28
,,12237012,False,102,,raw,00:15:00,2025-02-28T20:45:00Z,2025-03-01T02:15:00+05:30,2025-02-28T21:00:00Z,2025-03-01T02:30:00+05:30,1,00:15:00,1,00:15:00,100.0,100.0,2025-02-28,-832.16705,297.98904,39.329754,1.1780006,0.40759397,98521.18,0.25,11.5,4.76,1.09,29.14,18.21,78.76,27.12,22.01,2025-02-28
,,12237012,False,102,,raw,00:15:00,2025-02-28T21:00:00Z,2025-03-01T02:30:00+05:30,2025-02-28T21:15:00Z,2025-03-01T02:45:00+05:30,1,00:15:00,1,00:15:00,100.0,100.0,2025-02-28,-832.16705,297.98904,39.329754,1.1780006,0.40759397,98521.18,0.25,11.46,5.06,1.38,29.14,18.21,79.5,27.12,21.8,2025-02-28
,,12237012,False,102,,raw,00:15:00,2025-02-28T21:15:00Z,2025-03-01T02:45:00+05:30,2025-02-28T21:30:00Z,2025-03-01T03:00:00+05:30,1,00:15:00,1,00:15:00,100.0,100.0,2025-02-28,-832.16705,297.98904,39.329754,1.1780006,0.40759397,98521.18,0.25,11.55,4.85,1.33,31.51,19.69,80.25,26.6,21.57,2025-02-28
,,12237012,False,102,,raw,00:15:00,2025-02-28T21:30:00Z,2025-03-01T03:00:00+05:30,2025-02-28T21:45:00Z,2025-03-01T03:15:00+05:30,1,00:15:00,1,00:15:00,100.0,100.0,2025-02-28,-832.16705,297.98904,39.329754,1.1780006,0.40759397,98521.18,0.23,11.58,4.74,1.29,32.4,20.25,81.53,26.03,21.31,2025-02-28
,,12237012,False,102,,raw,00:15:00,2025-02-28T21:45:00Z,2025-03-01T03:15:00+05:30,2025-02-28T22:00:00Z,2025-03-01T03:30:00+05:30,1,00:15:00,1,00:15:00,100.0,100.0,2025-02-28,-832.16705,297.98904,39.329754,1.1780006,0.40759397,98521.18,0.22,11.61,4.67,1.35,32.4,20.25,82.85,25.95,21.05,2025-02-28
,,12237012,False,102,,raw,00:15:00,2025-02-28T22:00:00Z,2025-03-01T03:30:00+05:30,2025-02-28T22:15:00Z,2025-03-01T03:45:00+05:30,1,00:15:00,1,00:15:00,100.0,100.0,2025-02-28,-832.16705,297.98904,39.329754,1.1780006,0.40759397,98521.18,0.22,11.34,5.25,1.31,32.4,20.25,83.78,25.33,20.81,2025-02-28
,,12237012,False,102,,raw,00:15:00,2025-02-28T22:15:00Z,2025-03-01T03:45:00+05:30,2025-02-28T22:30:00Z,2025-03-01T04:00:00+05:30,1,00:15:00,1,00:15:00,100.0,100.0,2025-02-28,-832.16705,297.98904,39.329754,1.1780006,0.40759397,98521.18,0.22,11.42,4.93,1.4,33.93,21.21,84.67,25.53,20.62,2025-02-28
,,12237012,False,102,,raw,00:15:00,2025-02-28T22:30:00Z,2025-03-01T04:00:00+05:30,2025-02-28T22:45:00Z,2025-03-01T04:15:00+05:30,1,00:15:00,1,00:15:00,100.0,100.0,2025-02-28,-832.16705,297.98904,39.329754,1.1780006,0.40759397,98521.18,0.22,11.64,4.69,1.21,34.51,21.57,85.25,25.35,20.42,2025-02-28
,,12237012,False,102,,raw,00:15:00,2025-02-28T22:45:00Z,2025-03-01T04:15:00+05:30,2025-02-28T23:00:00Z,2025-03-01T04:30:00+05:30,1,00:15:00,1,00:15:00,100.0,100.0,2025-02-28,-832.16705,297.98904,39.329754,1.1780006,0.40759397,98521.18,0.22,11.52,5.23,1.29,34.51,21.57,85.64,25.14,20.34,2025-02-28
,,12237012,False,102,,raw,00:15:00,2025-02-28T23:00:00Z,2025-03-01T04:30:00+05:30,2025-02-28T23:15:00Z,2025-03-01T04:45:00+05:30,1,00:15:00,1,00:15:00,100.0,100.0,2025-02-28,-832.16705,297.98904,39.329754,1.1780006,0.40759397,98521.18,0.22,11.42,5.1,1.17,34.51,21.57,85.45,25.64,20.27,2025-02-28
,,12237012,False,102,,raw,00:15:00,2025-02-28T23:15:00Z,2025-03-01T04:45:00+05:30,2025-02-28T23:30:00Z,2025-03-01T05:00:00+05:30,1,00:15:00,1,00:15:00,100.0,100.0,2025-02-28,-832.16705,297.98904,39.329754,1.1780006,0.40759397,98521.18,0.21,11.44,4.65,1.21,33.81,21.13,85.83,25.74,20.09,2025-02-28
,,12237012,False,102,,raw,00:15:00,2025-02-28T23:30:00Z,2025-03-01T05:00:00+05:30,2025-02-28T23:45:00Z,2025-03-01T05:15:00+05:30,1,00:15:00,1,00:15:00,100.0,100.0,2025-02-28,-832.16705,297.98904,39.329754,1.1780006,0.40759397,98521.18,0.22,11.51,4.95,1.25,33.55,20.97,86.0,26.39,20.05,2025-02-28
,,12237012,False,102,,raw,00:15:00,2025-02-28T23:45:00Z,2025-03-01T05:15:00+05:30,2025-03-01T00:00:00Z,2025-03-01T05:30:00+05:30,1,00:15:00,1,00:15:00,100.0,100.0,2025-03-01,-832.1689,297.00668,44.33887,0.2959307,-0.30202267,98582.48,0.23,11.55,5.06,0.95,33.55,20.97,85.8,26.49,19.66,2025-03-01
,,12237012,False,102,,raw,00:15:00,2025-03-01T00:00:00Z,2025-03-01T05:30:00+05:30,2025-03-01T00:15:00Z,2025-03-01T05:45:00+05:30,1,00:15:00,1,00:15:00,100.0,100.0,2025-03-01,-832.1689,297.00668,44.33887,0.2959307,-0.30202267,98582.48,0.24,11.26,4.89,0.53,33.55,20.97,86.65,26.91,19.34,2025-03-01
,,12237012,False,102,,raw,00:15:00,2025-03-01T00:15:00Z,2025-03-01T05:45:00+05:30,2025-03-01T00:30:00Z,2025-03-01T06:00:00+05:30,1,00:15:00,1,00:15:00,100.0,100.0,2025-03-01,-832.1689,297.00668,44.33887,0.2959307,-0.30202267,98582.48,0.24,11.72,4.57,0.78,32.71,20.45,88.03,26.16,19.37,2025-03-01
,,12237012,False,102,,raw,00:15:00,2025-03-01T00:30:00Z,2025-03-01T06:00:00+05:30,2025-03-01T00:45:00Z,2025-03-01T06:15:00+05:30,1,00:15:00,1,00:15:00,100.0,100.0,2025-03-01,-832.1689,297.00668,44.33887,0.2959307,-0.30202267,98582.48,0.22,11.35,5.19,0.99,32.4,20.25,88.2,25.97,19.7,2025-03-01
,,12237012,False,102,,raw,00:15:00,2025-03-01T00:45:00Z,2025-03-01T06:15:00+05:30,2025-03-01T01:00:00Z,2025-03-01T06:30:00+05:30,1,00:15:00,1,00:15:00,100.0,100.0,2025-03-01,-832.1689,297.00668,44.33887,0.2959307,-0.30202267,98582.48,0.22,11.47,5.11,1.03,32.4,20.25,86.91,25.66,20.03,2025-03-01
,,12237012,False,102,,raw,00:15:00,2025-03-01T01:00:00Z,2025-03-01T06:30:00+05:30,2025-03-01T01:15:00Z,2025-03-01T06:45:00+05:30,1,00:15:00,1,00:15:00,100.0,100.0,2025-03-01,-832.1689,297.00668,44.33887,0.2959307,-0.30202267,98582.48,0.22,11.56,4.72,1.07,32.4,20.25,86.07,25.3,20.25,2025-03-01
,,12237012,False,102,,raw,00:15:00,2025-03-01T01:15:00Z,2025-03-01T06:45:00+05:30,2025-03-01T01:30:00Z,2025-03-01T07:00:00+05:30,1,00:15:00,1,00:15:00,100.0,100.0,2025-03-01,-832.1689,297.00668,44.33887,0.2959307,-0.30202267,98582.48,0.23,11.46,5.06,0.99,33.2,20.75,85.41,25.51,20.63,2025-03-01
,,12237012,False,102,,raw,00:15:00,2025-03-01T01:30:00Z,2025-03-01T07:00:00+05:30,2025-03-01T01:45:00Z,2025-03-01T07:15:00+05:30,1,00:15:00,1,00:15:00,100.0,100.0,2025-03-01,-832.1689,297.00668,44.33887,0.2959307,-0.30202267,98582.48,0.24,11.43,4.85,0.86,33.5,20.94,84.12,25.98,20.94,2025-03-01
,,12237012,False,102,,raw,00:15:00,2025-03-01T01:45:00Z,2025-03-01T07:15:00+05:30,2025-03-01T02:00:00Z,2025-03-01T07:30:00+05:30,1,00:15:00,1,00:15:00,100.0,100.0,2025-03-01,-832.1689,297.00668,44.33887,0.2959307,-0.30202267,98582.48,0.25,11.49,4.89,1.03,33.5,20.94,82.72,26.47,21.35,2025-03-01
,,12237012,False,102,,raw,00:15:00,2025-03-01T02:00:00Z,2025-03-01T07:30:00+05:30,2025-03-01T02:15:00Z,2025-03-01T07:45:00+05:30,1,00:15:00,1,00:15:00,100.0,100.0,2025-03-01,-832.1689,297.00668,44.33887,0.2959307,-0.30202267,98582.48,0.26,11.51,4.72,0.92,33.5,20.94,80.51,27.27,21.95,2025-03-01
,,12237012,False,102,,raw,00:15:00,2025-03-01T03:00:00Z,2025-03-01T08:30:00+05:30,2025-03-01T03:15:00Z,2025-03-01T08:45:00+05:30,1,00:15:00,1,00:15:00,100.0,100.0,2025-03-01,-832.1689,297.00668,44.33887,0.2959307,-0.30202267,98582.48,0.29,11.52,5.12,0.93,37.68,23.55,74.1,28.84,23.85,2025-03-01
,,12237012,False,102,,raw,00:15:00,2025-03-01T03:15:00Z,2025-03-01T08:45:00+05:30,2025-03-01T03:30:00Z,2025-03-01T09:00:00+05:30,1,00:15:00,1,00:15:00,100.0,100.0,2025-03-01,-832.1689,297.00668,44.33887,0.2959307,-0.30202267,98582.48,0.29,11.4,5.32,1.01,39.99,24.99,71.65,27.77,24.56,2025-03-01
,,12237012,False,102,,raw,00:15:00,2025-03-01T03:45:00Z,2025-03-01T09:15:00+05:30,2025-03-01T04:00:00Z,2025-03-01T09:30:00+05:30,1,00:15:00,1,00:15:00,100.0,100.0,2025-03-01,-832.1689,297.00668,44.33887,0.2959307,-0.30202267,98582.48,0.27,11.33,5.04,1.54,40.85,25.53,60.73,26.49,27.74,2025-03-01
,,12237012,False,102,,raw,00:15:00,2025-03-01T04:00:00Z,2025-03-01T09:30:00+05:30,2025-03-01T04:15:00Z,2025-03-01T09:45:00+05:30,1,00:15:00,1,00:15:00,100.0,100.0,2025-03-01,-832.1689,297.00668,44.33887,0.2959307,-0.30202267,98582.48,0.28,11.33,5.23,1.79,40.85,25.53,59.07,25.58,27.93,2025-03-01
,,12237012,False,102,,raw,00:15:00,2025-03-01T04:15:00Z,2025-03-01T09:45:00+05:30,2025-03-01T04:30:00Z,2025-03-01T10:00:00+05:30,1,00:15:00,1,00:15:00,100.0,100.0,2025-03-01,-832.1689,297.00668,44.33887,0.2959307,-0.30202267,98582.48,0.28,11.74,4.54,1.85,38.62,24.13,59.76,25.48,27.99,2025-03-01
,,12237012,False,102,,raw,00:15:00,2025-03-01T04:30:00Z,2025-03-01T10:00:00+05:30,2025-03-01T04:45:00Z,2025-03-01T10:15:00+05:30,1,00:15:00,1,00:15:00,100.0,100.0,2025-03-01,-832.1689,297.00668,44.33887,0.2959307,-0.30202267,98582.48,0.28,11.45,5.25,1.87,37.78,23.61,61.93,25.61,27.48,2025-03-01
,,12237012,False,102,,raw,00:15:00,2025-03-01T04:45:00Z,2025-03-01T10:15:00+05:30,2025-03-01T05:00:00Z,2025-03-01T10:30:00+05:30,1,00:15:00,1,00:15:00,100.0,100.0,2025-03-01,-832.1689,297.00668,44.33887,0.2959307,-0.30202267,98582.48,0.28,11.69,5.0,2.0,37.78,23.61,65.63,25.74,26.67,2025-03-01
,,12237012,False,102,,raw,00:15:00,2025-03-01T05:00:00Z,2025-03-01T10:30:00+05:30,2025-03-01T05:15:00Z,2025-03-01T10:45:00+05:30,1,00:15:00,1,00:15:00,100.0,100.0,2025-03-01,-832.1689,297.00668,44.33887,0.2959307,-0.30202267,98582.48,0.28,11.62,4.76,2.03,37.78,23.61,60.83,25.48,27.74,2025-03-01
,,12237012,False,102,,raw,00:15:00,2025-03-01T05:15:00Z,2025-03-01T10:45:00+05:30,2025-03-01T05:30:00Z,2025-03-01T11:00:00+05:30,1,00:15:00,1,00:15:00,100.0,100.0,2025-03-01,-832.1689,297.00668,44.33887,0.2959307,-0.30202267,98582.48,0.28,11.41,4.91,1.95,36.21,22.63,60.62,25.98,28.28,2025-03-01
,,12237012,False,102,,raw,00:15:00,2025-03-01T05:30:00Z,2025-03-01T11:00:00+05:30,2025-03-01T05:45:00Z,2025-03-01T11:15:00+05:30,1,00:15:00,1,00:15:00,100.0,100.0,2025-03-01,-832.1689,297.00668,44.33887,0.2959307,-0.30202267,98582.48,0.29,11.51,4.91,2.32,35.62,22.26,57.97,26.83,29.34,2025-03-01
,,12237012,False,102,,raw,00:15:00,2025-03-01T05:45:00Z,2025-03-01T11:15:00+05:30,2025-03-01T06:00:00Z,2025-03-01T11:30:00+05:30,1,00:15:00,1,00:15:00,100.0,100.0,2025-03-01,-832.1689,297.00668,44.33887,0.2959307,-0.30202267,98582.48,0.29,11.16,5.36,2.65,35.62,22.26,56.06,27.77,30.03,2025-03-01
,,12237012,False,102,,raw,00:15:00,2025-03-01T06:00:00Z,2025-03-01T11:30:00+05:30,2025-03-01T06:15:00Z,2025-03-01T11:45:00+05:30,1,00:15:00,1,00:15:00,100.0,100.0,2025-03-01,-832.1689,297.00668,44.33887,0.2959307,-0.30202267,98582.48,0.3,11.39,5.38,2.88,35.62,22.26,50.44,28.11,31.69,2025-03-01
,,12237012,False,102,,raw,00:15:00,2025-03-01T06:15:00Z,2025-03-01T11:45:00+05:30,2025-03-01T06:30:00Z,2025-03-01T12:00:00+05:30,1,00:15:00,1,00:15:00,100.0,100.0,2025-03-01,-832.1689,297.00668,44.33887,0.2959307,-0.30202267,98582.48,0.3,11.57,4.52,2.96,35.34,22.09,48.88,26.88,31.88,2025-03-01
,,12237012,False,102,,raw,00:15:00,2025-03-01T06:30:00Z,2025-03-01T12:00:00+05:30,2025-03-01T06:45:00Z,2025-03-01T12:15:00+05:30,1,00:15:00,1,00:15:00,100.0,100.0,2025-03-01,-832.1689,297.00668,44.33887,0.2959307,-0.30202267,98582.48,0.27,11.33,5.08,3.43,35.23,22.02,49.91,26.75,31.31,2025-03-01
,,12237012,False,102,,raw,00:15:00,2025-03-01T06:45:00Z,2025-03-01T12:15:00+05:30,2025-03-01T07:00:00Z,2025-03-01T12:30:00+05:30,1,00:15:00,1,00:15:00,100.0,100.0,2025-03-01,-832.1689,297.00668,44.33887,0.2959307,-0.30202267,98582.48,0.25,11.51,4.89,3.51,35.23,22.02,51.68,26.15,31.14,2025-03-01
,,12237012,False,102,,raw,00:15:00,2025-03-01T07:00:00Z,2025-03-01T12:30:00+05:30,2025-03-01T07:15:00Z,2025-03-01T12:45:00+05:30,1,00:15:00,1,00:15:00,100.0,100.0,2025-03-01,-832.1689,297.00668,44.33887,0.2959307,-0.30202267,98582.48,0.25,11.21,4.97,3.62,35.23,22.02,51.23,25.72,31.51,2025-03-01
,,12237012,False,102,,raw,00:15:00,2025-03-01T07:30:00Z,2025-03-01T13:00:00+05:30,2025-03-01T07:45:00Z,2025-03-01T13:15:00+05:30,1,00:15:00,1,00:15:00,100.0,100.0,2025-03-01,-832.1689,297.00668,44.33887,0.2959307,-0.30202267,98582.48,0.25,11.6,4.82,4.21,33.02,20.64,55.68,25.35,30.47,2025-03-01
,,12237012,False,102,,raw,00:15:00,2025-03-01T07:45:00Z,2025-03-01T13:15:00+05:30,2025-03-01T08:00:00Z,2025-03-01T13:30:00+05:30,1,00:15:00,1,00:15:00,100.0,100.0,2025-03-01,-832.1689,297.00668,44.33887,0.2959307,-0.30202267,98582.48,0.25,11.54,5.02,4.07,33.02,20.64,57.07,25.53,30.38,2025-03-01
,,12237012,False,102,,raw,00:15:00,2025-03-01T08:00:00Z,2025-03-01T13:30:00+05:30,2025-03-01T08:15:00Z,2025-03-01T13:45:00+05:30,1,00:15:00,1,00:15:00,100.0,100.0,2025-03-01,-832.1689,297.00668,44.33887,0.2959307,-0.30202267,98582.48,0.25,11.41,5.04,4.09,33.02,20.64,56.06,25.27,30.73,2025-03-01
,,12237012,False,102,,raw,00:15:00,2025-03-01T08:15:00Z,2025-03-01T13:45:00+05:30,2025-03-01T08:30:00Z,2025-03-01T14:00:00+05:30,1,00:15:00,1,00:15:00,100.0,100.0,2025-03-01,-832.1689,297.00668,44.33887,0.2959307,-0.30202267,98582.48,0.26,11.33,4.78,3.84,35.61,22.25,57.57,25.95,30.43,2025-03-01
,,12237012,False,102,,raw,00:15:00,2025-03-01T08:30:00Z,2025-03-01T14:00:00+05:30,2025-03-01T08:45:00Z,2025-03-01T14:15:00+05:30,1,00:15:00,1,00:15:00,100.0,100.0,2025-03-01,-832.1689,297.00668,44.33887,0.2959307,-0.30202267,98582.48,0.27,11.63,4.93,6.47,36.58,22.86,59.14,25.4,29.83,2025-03-01
,,12237012,False,102,,raw,00:15:00,2025-03-01T08:45:00Z,2025-03-01T14:15:00+05:30,2025-03-01T09:00:00Z,2025-03-01T14:30:00+05:30,1,00:15:00,1,00:15:00,100.0,100.0,2025-03-01,-832.1689,297.00668,44.33887,0.2959307,-0.30202267,98582.48,0.26,11.45,4.85,9.37,36.58,22.86,56.05,23.37,30.48,2025-03-01
,,12237012,False,102,,raw,00:15:00,2025-03-01T09:00:00Z,2025-03-01T14:30:00+05:30,2025-03-01T09:15:00Z,2025-03-01T14:45:00+05:30,1,00:15:00,1,00:15:00,100.0,100.0,2025-03-01,-832.1689,297.00668,44.33887,0.2959307,-0.30202267,98582.48,0.25,11.67,4.97,7.15,36.58,22.86,53.2,22.65,31.36,2025-03-01
,,12237012,False,102,,raw,00:15:00,2025-03-01T09:15:00Z,2025-03-01T14:45:00+05:30,2025-03-01T09:30:00Z,2025-03-01T15:00:00+05:30,1,00:15:00,1,00:15:00,100.0,100.0,2025-03-01,-832.1689,297.00668,44.33887,0.2959307,-0.30202267,98582.48,0.25,11.43,4.91,5.41,37.1,23.19,52.12,22.99,31.57,2025-03-01
,,12237012,False,102,,raw,00:15:00,2025-03-01T09:30:00Z,2025-03-01T15:00:00+05:30,2025-03-01T09:45:00Z,2025-03-01T15:15:00+05:30,1,00:15:00,1,00:15:00,100.0,100.0,2025-03-01,-832.1689,297.00668,44.33887,0.2959307,-0.30202267,98582.48,0.25,11.69,4.8,6.22,37.3,23.31,55.07,24.08,30.92,2025-03-01
,,12237012,False,102,,raw,00:15:00,2025-03-01T09:45:00Z,2025-03-01T15:15:00+05:30,2025-03-01T10:00:00Z,2025-03-01T15:30:00+05:30,1,00:15:00,1,00:15:00,100.0,100.0,2025-03-01,-832.1689,297.00668,44.33887,0.2959307,-0.30202267,98582.48,0.24,11.59,4.91,14.4,37.3,23.31,52.3,24.75,31.18,2025-03-01
,,12237012,False,102,,raw,00:15:00,2025-03-01T10:00:00Z,2025-03-01T15:30:00+05:30,2025-03-01T10:15:00Z,2025-03-01T15:45:00+05:30,1,00:15:00,1,00:15:00,100.0,100.0,2025-03-01,-832.1689,297.00668,44.33887,0.2959307,-0.30202267,98582.48,0.24,11.31,4.98,11.98,37.3,23.31,54.38,25.33,31.11,2025-03-01
,,12237012,False,102,,raw,00:15:00,2025-03-01T10:15:00Z,2025-03-01T15:45:00+05:30,2025-03-01T10:30:00Z,2025-03-01T16:00:00+05:30,1,00:15:00,1,00:15:00,100.0,100.0,2025-03-01,-832.1689,297.00668,44.33887,0.2959307,-0.30202267,98582.48,0.24,11.38,5.4,4.09,35.87,22.42,58.03,25.45,30.6,2025-03-01
,,12237012,False,102,,raw,00:15:00,2025-03-01T10:30:00Z,2025-03-01T16:00:00+05:30,2025-03-01T10:45:00Z,2025-03-01T16:15:00+05:30,1,00:15:00,1,00:15:00,100.0,100.0,2025-03-01,-832.1689,297.00668,44.33887,0.2959307,-0.30202267,98582.48,0.25,11.27,5.06,13.42,35.33,22.08,58.73,25.63,30.09,2025-03-01
,,12237012,False,102,,raw,00:15:00,2025-03-01T10:45:00Z,2025-03-01T16:15:00+05:30,2025-03-01T11:00:00Z,2025-03-01T16:30:00+05:30,1,00:15:00,1,00:15:00,100.0,100.0,2025-03-01,-832.1689,297.00668,44.33887,0.2959307,-0.30202267,98582.48,0.25,11.42,4.96,10.13,35.33,22.08,58.98,25.5,29.88,2025-03-01
,,12237012,False,102,,raw,00:15:00,2025-03-01T11:00:00Z,2025-03-01T16:30:00+05:30,2025-03-01T11:15:00Z,2025-03-01T16:45:00+05:30,1,00:15:00,1,00:15:00,100.0,100.0,2025-03-01,-832.1689,297.00668,44.33887,0.2959307,-0.30202267,98582.48,0.26,11.34,4.82,7.5,35.33,22.08,59.49,25.4,29.77,2025-03-01
,,12237012,False,102,,raw,00:15:00,2025-03-01T11:15:00Z,2025-03-01T16:45:00+05:30,2025-03-01T11:30:00Z,2025-03-01T17:00:00+05:30,1,00:15:00,1,00:15:00,100.0,100.0,2025-03-01,-832.1689,297.00668,44.33887,0.2959307,-0.30202267,98582.48,0.27,11.71,4.91,5.03,39.9,24.94,60.27,26.7,29.3,2025-03-01
,,12237012,False,102,,raw,00:15:00,2025-03-01T11:30:00Z,2025-03-01T17:00:00+05:30,2025-03-01T11:45:00Z,2025-03-01T17:15:00+05:30,1,00:15:00,1,00:15:00,100.0,100.0,2025-03-01,-832.1689,297.00668,44.33887,0.2959307,-0.30202267,98582.48,0.29,11.45,5.14,27.16,41.62,26.01,61.04,27.51,28.69,2025-03-01
,,12237012,False,102,,raw,00:15:00,2025-03-01T11:45:00Z,2025-03-01T17:15:00+05:30,2025-03-01T12:00:00Z,2025-03-01T17:30:00+05:30,1,00:15:00,1,00:15:00,100.0,100.0,2025-03-01,-832.1689,297.00668,44.33887,0.2959307,-0.30202267,98582.48,0.3,11.16,4.93,37.78,41.62,26.01,63.95,28.32,28.15,2025-03-01
,,12237012,False,102,,raw,00:15:00,2025-03-01T12:15:00Z,2025-03-01T17:45:00+05:30,2025-03-01T12:30:00Z,2025-03-01T18:00:00+05:30,1,00:15:00,1,00:15:00,100.0,100.0,2025-03-01,-832.1689,297.00668,44.33887,0.2959307,-0.30202267,98582.48,0.35,11.49,5.21,19.31,43.37,27.1,69.0,27.48,26.88,2025-03-01
,,12237012,False,102,,raw,00:15:00,2025-03-01T12:30:00Z,2025-03-01T18:00:00+05:30,2025-03-01T12:45:00Z,2025-03-01T18:15:00+05:30,1,00:15:00,1,00:15:00,100.0,100.0,2025-03-01,-832.1689,297.00668,44.33887,0.2959307,-0.30202267,98582.48,0.35,11.43,5.23,11.88,44.02,27.51,71.16,26.75,26.35,2025-03-01
,,12237012,False,102,,raw,00:15:00,2025-03-01T12:45:00Z,2025-03-01T18:15:00+05:30,2025-03-01T13:00:00Z,2025-03-01T18:30:00+05:30,1,00:15:00,1,00:15:00,100.0,100.0,2025-03-01,-832.1689,297.00668,44.33887,0.2959307,-0.30202267,98582.48,0.37,11.51,4.76,7.33,44.02,27.51,72.91,26.26,25.91,2025-03-01
,,12237012,False,102,,raw,00:15:00,2025-03-01T13:00:00Z,2025-03-01T18:30:00+05:30,2025-03-01T13:15:00Z,2025-03-01T18:45:00+05:30,1,00:15:00,1,00:15:00,100.0,100.0,2025-03-01,-832.1689,297.00668,44.33887,0.2959307,-0.30202267,98582.48,0.35,11.29,4.97,2.71,44.02,27.51,74.78,26.05,25.57,2025-03-01
,,12237012,False,102,,raw,00:15:00,2025-03-01T13:15:00Z,2025-03-01T18:45:00+05:30,2025-03-01T13:30:00Z,2025-03-01T19:00:00+05:30,1,00:15:00,1,00:15:00,100.0,100.0,2025-03-01,-832.1689,297.00668,44.33887,0.2959307,-0.30202267,98582.48,0.38,11.56,4.7,4.48,51.14,31.96,76.3,25.9,25.32,2025-03-01
,,12237012,False,102,,raw,00:15:00,2025-03-01T13:30:00Z,2025-03-01T19:00:00+05:30,2025-03-01T13:45:00Z,2025-03-01T19:15:00+05:30,1,00:15:00,1,00:15:00,100.0,100.0,2025-03-01,-832.1689,297.00668,44.33887,0.2959307,-0.30202267,98582.48,0.39,11.74,4.39,3.29,53.81,33.63,77.47,25.61,25.06,2025-03-01
,,12237012,False,102,,raw,00:15:00,2025-03-01T13:45:00Z,2025-03-01T19:15:00+05:30,2025-03-01T14:00:00Z,2025-03-01T19:30:00+05:30,1,00:15:00,1,00:15:00,100.0,100.0,2025-03-01,-832.1689,297.00668,44.33887,0.2959307,-0.30202267,98582.48,0.42,11.61,5.04,3.97,53.81,33.63,77.8,26.21,24.86,2025-03-01
,,12237012,False,102,,raw,00:15:00,2025-03-01T14:00:00Z,2025-03-01T19:30:00+05:30,2025-03-01T14:15:00Z,2025-03-01T19:45:00+05:30,1,00:15:00,1,00:15:00,100.0,100.0,2025-03-01,-832.1689,297.00668,44.33887,0.2959307,-0.30202267,98582.48,0.41,11.47,5.0,1.21,53.81,33.63,78.22,25.79,24.68,2025-03-01
,,12237012,False,102,,raw,00:15:00,2025-03-01T14:15:00Z,2025-03-01T19:45:00+05:30,2025-03-01T14:30:00Z,2025-03-01T20:00:00+05:30,1,00:15:00,1,00:15:00,100.0,100.0,2025-03-01,-832.1689,297.00668,44.33887,0.2959307,-0.30202267,98582.48,0.43,11.5,5.62,1.27,59.32,37.08,78.78,25.98,24.48,2025-03-01
,,12237012,False,102,,raw,00:15:00,2025-03-01T14:30:00Z,2025-03-01T20:00:00+05:30,2025-03-01T14:45:00Z,2025-03-01T20:15:00+05:30,1,00:15:00,1,00:15:00,100.0,100.0,2025-03-01,-832.1689,297.00668,44.33887,0.2959307,-0.30202267,98582.48,0.45,11.61,5.1,0.93,61.39,38.37,79.05,26.83,24.43,2025-03-01
,,12237012,False,102,,raw,00:15:00,2025-03-01T14:45:00Z,2025-03-01T20:15:00+05:30,2025-03-01T15:00:00Z,2025-03-01T20:30:00+05:30,1,00:15:00,1,00:15:00,100.0,100.0,2025-03-01,-832.1689,297.00668,44.33887,0.2959307,-0.30202267,98582.48,0.46,11.44,4.97,0.86,61.39,38.37,79.06,27.46,24.34,2025-03-01
,,12237012,False,102,,raw,00:15:00,2025-03-01T15:00:00Z,2025-03-01T20:30:00+05:30,2025-03-01T15:15:00Z,2025-03-01T20:45:00+05:30,1,00:15:00,1,00:15:00,100.0,100.0,2025-03-01,-832.1689,297.00668,44.33887,0.2959307,-0.30202267,98582.48,0.47,11.56,4.93,0.88,61.39,38.37,79.99,27.69,24.12,2025-03-01
,,12237012,False,102,,raw,00:15:00,2025-03-01T15:15:00Z,2025-03-01T20:45:00+05:30,2025-03-01T15:30:00Z,2025-03-01T21:00:00+05:30,1,00:15:00,1,00:15:00,100.0,100.0,2025-03-01,-832.1689,297.00668,44.33887,0.2959307,-0.30202267,98582.48,0.48,11.52,4.69,0.86,67.01,41.88,80.45,26.8,24.04,2025-03-01
,,12237012,False,102,,raw,00:15:00,2025-03-01T15:30:00Z,2025-03-01T21:00:00+05:30,2025-03-01T15:45:00Z,2025-03-01T21:15:00+05:30,1,00:15:00,1,00:15:00,100.0,100.0,2025-03-01,-832.1689,297.00668,44.33887,0.2959307,-0.30202267,98582.48,0.47,11.61,4.74,1.11,69.12,43.2,80.35,26.36,23.99,2025-03-01
,,12237012,False,102,,raw,00:15:00,2025-03-01T15:45:00Z,2025-03-01T21:15:00+05:30,2025-03-01T16:00:00Z,2025-03-01T21:30:00+05:30,1,00:15:00,1,00:15:00,100.0,100.0,2025-03-01,-832.1689,297.00668,44.33887,0.2959307,-0.30202267,98582.48,0.46,11.58,4.76,1.39,69.12,43.2,80.1,26.1,23.85,2025-03-01
,,12237012,False,102,,raw,00:15:00,2025-03-01T16:00:00Z,2025-03-01T21:30:00+05:30,2025-03-01T16:15:00Z,2025-03-01T21:45:00+05:30,1,00:15:00,1,00:15:00,100.0,100.0,2025-03-01,-832.1689,297.00668,44.33887,0.2959307,-0.30202267,98582.48,0.46,11.45,4.98,2.07,69.12,43.2,81.22,25.72,23.6,2025-03-01
,,12237012,False,102,,raw,00:15:00,2025-03-01T16:15:00Z,2025-03-01T21:45:00+05:30,2025-03-01T16:30:00Z,2025-03-01T22:00:00+05:30,1,00:15:00,1,00:15:00,100.0,100.0,2025-03-01,-832.1689,297.00668,44.33887,0.2959307,-0.30202267,98582.48,0.46,11.17,5.21,1.27,63.15,39.0,81.9,25.43,23.36,2025-03-01
,,12237012,False,102,,raw,00:15:00,2025-03-01T16:30:00Z,2025-03-01T22:00:00+05:30,2025-03-01T16:45:00Z,2025-03-01T22:15:00+05:30,1,00:15:00,1,00:15:00,100.0,100.0,2025-03-01,-832.1689,297.00668,44.33887,0.2959307,-0.30202267,98582.48,0.45,11.43,4.87,1.48,60.91,38.07,81.76,25.35,23.25,2025-03-01
,,12237012,False,102,,raw,00:15:00,2025-03-01T16:45:00Z,2025-03-01T22:15:00+05:30,2025-03-01T17:00:00Z,2025-03-01T22:30:00+05:30,1,00:15:00,1,00:15:00,100.0,100.0,2025-03-01,-832.1689,297.00668,44.33887,0.2959307,-0.30202267,98582.48,0.45,11.44,4.89,1.6,60.91,38.07,82.74,25.51,23.0,2025-03-01
,,12237012,False,102,,raw,00:15:00,2025-03-01T17:00:00Z,2025-03-01T22:30:00+05:30,2025-03-01T17:15:00Z,2025-03-01T22:45:00+05:30,1,00:15:00,1,00:15:00,100.0,100.0,2025-03-01,-832.1689,297.00668,44.33887,0.2959307,-0.30202267,98582.48,0.45,11.54,4.98,1.5,60.91,38.07,83.78,25.66,22.81,2025-03-01
,,12237012,False,102,,raw,00:15:00,2025-03-01T17:15:00Z,2025-03-01T22:45:00+05:30,2025-03-01T17:30:00Z,2025-03-01T23:00:00+05:30,1,00:15:00,1,00:15:00,100.0,100.0,2025-03-01,-832.1689,297.00668,44.33887,0.2959307,-0.30202267,98582.48,0.44,11.18,5.14,1.6,60.5,37.81,84.6,26.18,22.58,2025-03-01
,,12237012,False,102,,raw,00:15:00,2025-03-01T17:30:00Z,2025-03-01T23:00:00+05:30,2025-03-01T17:45:00Z,2025-03-01T23:15:00+05:30,1,00:15:00,1,00:15:00,100.0,100.0,2025-03-01,-832.1689,297.00668,44.33887,0.2959307,-0.30202267,98582.48,0.44,11.17,5.1,1.6,60.34,37.71,85.35,26.6,22.36,2025-03-01
,,12237012,False,102,,raw,00:15:00,2025-03-01T17:45:00Z,2025-03-01T23:15:00+05:30,2025-03-01T18:00:00Z,2025-03-01T23:30:00+05:30,1,00:15:00,1,00:15:00,100.0,100.0,2025-03-01,-832.1689,297.00668,44.33887,0.2959307,-0.30202267,98582.48,0.44,11.53,5.53,1.64,60.34,37.71,85.94,27.02,22.17,2025-03-01
,,12237012,False,102,,raw,00:15:00,2025-03-01T18:00:00Z,2025-03-01T23:30:00+05:30,2025-03-01T18:15:00Z,2025-03-01T23:45:00+05:30,1,00:15:00,1,00:15:00,100.0,100.0,2025-03-01,-832.1689,297.00668,44.33887,0.2959307,-0.30202267,98582.48,0.44,11.34,5.41,1.69,60.34,37.71,86.35,27.38,22.03,2025-03-01
,,12237012,False,102,,raw,00:15:00,2025-03-01T19:00:00Z,2025-03-02T00:30:00+05:30,2025-03-01T19:15:00Z,2025-03-02T00:45:00+05:30,1,00:15:00,1,00:15:00,100.0,100.0,2025-03-01,-832.1689,297.00668,44.33887,0.2959307,-0.30202267,98582.48,0.4,11.58,4.97,1.17,61.34,38.34,87.33,25.38,21.53,2025-03-01
,,12237012,False,102,,raw,00:15:00,2025-03-01T19:15:00Z,2025-03-02T00:45:00+05:30,2025-03-01T19:30:00Z,2025-03-02T01:00:00+05:30,1,00:15:00,1,00:15:00,100.0,100.0,2025-03-01,-832.1689,297.00668,44.33887,0.2959307,-0.30202267,98582.48,0.4,11.32,5.15,1.19,63.82,39.89,85.96,25.2,21.69,2025-03-01
,,12237012,False,102,,raw,00:15:00,2025-03-01T19:30:00Z,2025-03-02T01:00:00+05:30,2025-03-01T19:45:00Z,2025-03-02T01:15:00+05:30,1,00:15:00,1,00:15:00,100.0,100.0,2025-03-01,-832.1689,297.00668,44.33887,0.2959307,-0.30202267,98582.48,0.39,11.19,5.23,1.62,64.75,40.47,83.15,25.04,22.24,2025-03-01
,,12237012,False,102,,raw,00:15:00,2025-03-01T19:45:00Z,2025-03-02T01:15:00+05:30,2025-03-01T20:00:00Z,2025-03-02T01:30:00+05:30,1,00:15:00,1,00:15:00,100.0,100.0,2025-03-01,-832.1689,297.00668,44.33887,0.2959307,-0.30202267,98582.48,0.39,11.4,5.34,1.65,64.75,40.47,84.92,25.32,21.69,2025-03-01
,,12237012,False,102,,raw,00:15:00,2025-03-01T20:00:00Z,2025-03-02T01:30:00+05:30,2025-03-01T20:15:00Z,2025-03-02T01:45:00+05:30,1,00:15:00,1,00:15:00,100.0,100.0,2025-03-01,-832.1689,297.00668,44.33887,0.2959307,-0.30202267,98582.48,0.38,11.43,4.95,1.09,64.75,40.47,87.13,25.12,21.2,2025-03-01
,,12237012,False,102,,raw,00:15:00,2025-03-01T20:15:00Z,2025-03-02T01:45:00+05:30,2025-03-01T20:30:00Z,2025-03-02T02:00:00+05:30,1,00:15:00,1,00:15:00,100.0,100.0,2025-03-01,-832.1689,297.00668,44.33887,0.2959307,-0.30202267,98582.48,0.39,11.33,4.84,1.07,63.22,39.51,88.36,25.61,20.93,2025-03-01
,,12237012,False,102,,raw,00:15:00,2025-03-01T20:30:00Z,2025-03-02T02:00:00+05:30,2025-03-01T20:45:00Z,2025-03-02T02:15:00+05:30,1,00:15:00,1,00:15:00,100.0,100.0,2025-03-01,-832.1689,297.00668,44.33887,0.2959307,-0.30202267,98582.48,0.39,11.4,5.02,1.19,62.64,39.15,88.84,26.42,20.8,2025-03-01
,,12237012,False,102,,raw,00:15:00,2025-03-01T20:45:00Z,2025-03-02T02:15:00+05:30,2025-03-01T21:00:00Z,2025-03-02T02:30:00+05:30,1,00:15:00,1,00:15:00,100.0,100.0,2025-03-01,-832.1689,297.00668,44.33887,0.2959307,-0.30202267,98582.48,0.39,11.3,5.13,1.29,62.64,39.15,89.63,26.68,20.75,2025-03-01
,,12237012,False,102,,raw,00:15:00,2025-03-01T21:00:00Z,2025-03-02T02:30:00+05:30,2025-03-01T21:15:00Z,2025-03-02T02:45:00+05:30,1,00:15:00,1,00:15:00,100.0,100.0,2025-03-01,-832.1689,297.00668,44.33887,0.2959307,-0.30202267,98582.48,0.39,11.67,4.65,1.03,62.64,39.15,89.41,26.96,20.74,2025-03-01
,,12237012,False,102,,raw,00:15:00,2025-03-01T21:15:00Z,2025-03-02T02:45:00+05:30,2025-03-01T21:30:00Z,2025-03-02T03:00:00+05:30,1,00:15:00,1,00:15:00,100.0,100.0,2025-03-01,-832.1689,297.00668,44.33887,0.2959307,-0.30202267,98582.48,0.39,11.49,4.93,1.01,63.27,39.54,89.44,26.11,20.67,2025-03-01
,,12237012,False,102,,raw,00:15:00,2025-03-01T21:30:00Z,2025-03-02T03:00:00+05:30,2025-03-01T21:45:00Z,2025-03-02T03:15:00+05:30,1,00:15:00,1,00:15:00,100.0,100.0,2025-03-01,-832.1689,297.00668,44.33887,0.2959307,-0.30202267,98582.48,0.37,11.62,4.82,1.01,63.5,39.69,89.82,25.92,20.51,2025-03-01
,,12237012,False,102,,raw,00:15:00,2025-03-01T21:45:00Z,2025-03-02T03:15:00+05:30,2025-03-01T22:00:00Z,2025-03-02T03:30:00+05:30,1,00:15:00,1,00:15:00,100.0,100.0,2025-03-01,-832.1689,297.00668,44.33887,0.2959307,-0.30202267,98582.48,0.36,11.41,4.55,1.03,63.5,39.69,90.47,25.9,20.41,2025-03-01
,,12237012,False,102,,raw,00:15:00,2025-03-01T22:00:00Z,2025-03-02T03:30:00+05:30,2025-03-01T22:15:00Z,2025-03-02T03:45:00+05:30,1,00:15:00,1,00:15:00,100.0,100.0,2025-03-01,-832.1689,297.00668,44.33887,0.2959307,-0.30202267,98582.48,0.35,11.32,5.13,1.17,63.5,39.69,90.82,25.27,20.37,2025-03-01
,,12237012,False,102,,raw,00:15:00,2025-03-01T22:15:00Z,2025-03-02T03:45:00+05:30,2025-03-01T22:30:00Z,2025-03-02T04:00:00+05:30,1,00:15:00,1,00:15:00,100.0,100.0,2025-03-01,-832.1689,297.00668,44.33887,0.2959307,-0.30202267,98582.48,0.35,11.45,4.76,0.98,61.73,38.58,90.86,25.07,20.29,2025-03-01
